file_name,lab_name,experiment_id,corridor_id,position_id,tx_power_dbm,filename_sf,filename_tx_power_dbm,filename_preamble_len,header_packet_counter,packet_avg_power_db,preamble_peak_to_residual_db,preamble_peak_width_3db_bins_avg,preamble_peak_mag_bin_-8,preamble_peak_mag_bin_-7,preamble_peak_mag_bin_-6,preamble_peak_mag_bin_-5,preamble_peak_mag_bin_-4,preamble_peak_mag_bin_-3,preamble_peak_mag_bin_-2,preamble_peak_mag_bin_-1,preamble_peak_mag_bin_+0,preamble_peak_mag_bin_+1,preamble_peak_mag_bin_+2,preamble_peak_mag_bin_+3,preamble_peak_mag_bin_+4,preamble_peak_mag_bin_+5,preamble_peak_mag_bin_+6,preamble_peak_mag_bin_+7,preamble_peak_mag_bin_+8
1_0_10_12_2_16.bin,lab1-sf12_TP2,1,0,10,2,12,2,16,,-19.2225885,5.27096987,0.84226197,0.0521060191,0.0255094022,0.0652987212,0.0423546359,0.0921934918,0.0854996666,0.180446237,0.371833652,1,0.213766053,0.121123999,0.0841764882,0.064785853,0.0525453091,0.0441853441,0.0382079035,0.0336016826
1_0_10_12_2_16.bin,lab1-sf12_TP2,1,0,10,2,12,2,16,,-18.8712553,7.48960781,0.756475985,0.0433927476,0.0169874467,0.0541660115,0.0308222827,0.0745482892,0.0623144843,0.141701415,0.270314306,1,0.175236404,0.097183466,0.0681776255,0.0523942523,0.0419863462,0.0347484052,0.0303339791,0.0268650316
1_0_10_12_2_16.bin,lab1-sf12_TP2,1,0,10,2,12,2,16,,-19.277764,9.964818,0.700603843,0.035675671,0.0101738991,0.0441641025,0.0194652714,0.0592007078,0.0436437428,0.10838297,0.187555209,1,0.139065817,0.0757502764,0.0522014871,0.0403898992,0.0328082629,0.0268400107,0.0234298185,0.0208079796
1_0_10_12_2_16.bin,lab1-sf12_TP2,1,0,10,2,12,2,16,,-19.0224527,14.308754,0.641581655,0.0268106703,0.0043887361,0.0313774496,0.00654016761,0.0403902866,0.0187690519,0.066934146,0.0940880999,1,0.0826224163,0.0443275683,0.030352341,0.0228704736,0.0185348708,0.0151649034,0.0131717585,0.0114108799
1_0_10_12_2_16.bin,lab1-sf12_TP2,1,0,10,2,12,2,16,,-18.7908103,14.4418583,0.646485388,0.00509782741,0.0255089533,0.0049260878,0.0309099052,0.0085340552,0.0423994437,0.0247611515,0.0906635448,1,0.100494184,0.0459937043,0.0287511349,0.0209734589,0.0175213981,0.0148579814,0.0127420751,0.0110291848
1_0_10_12_2_16.bin,lab1-sf12_TP2,1,0,10,2,12,2,16,,-19.5042538,10.0144901,0.709210217,0.0055864146,0.0363575928,0.010646808,0.0453364067,0.0219650939,0.0652317852,0.0565444455,0.153074145,1,0.19537051,0.0870609283,0.0563762784,0.0418045409,0.0331360884,0.0275387932,0.023622252,0.0207484942
1_0_10_12_2_16.bin,lab1-sf12_TP2,1,0,10,2,12,2,16,,-20.6158509,10.0126953,0.707333028,0.00537844701,0.0359961614,0.0100659179,0.0448906794,0.0216154214,0.0647799298,0.0564317442,0.152490526,1,0.192484364,0.0860881135,0.0559824184,0.04117544,0.0328539684,0.0273211356,0.0234238449,0.0202768911
1_0_10_12_2_16.bin,lab1-sf12_TP2,1,0,10,2,12,2,16,,-20.4212101,8.40967941,0.741192281,0.00841828249,0.0406001471,0.0148606719,0.0518424734,0.0293504149,0.0755539462,0.0702559799,0.176693961,1,0.241208985,0.10559421,0.0678033307,0.0507477112,0.0397613049,0.0334728695,0.0288624559,0.0251261108
1_0_10_12_2_16.bin,lab1-sf12_TP2,1,0,10,2,12,2,16,,-20.7358251,18.7697716,0.601719022,0.0149451764,0.0136447158,0.0157221388,0.014010286,0.0165400673,0.0156983379,0.0178502947,0.0305046756,1,0.0274512973,0.0136346882,0.00931519363,0.00689410465,0.00544858072,0.00468898378,0.00416433904,0.00347424857
1_0_10_12_2_16.bin,lab1-sf12_TP2,1,0,10,2,12,2,16,,-17.837641,18.9234295,0.601342082,0.0155865867,0.0125864716,0.0167010427,0.0127456365,0.0180933215,0.0143462336,0.0212780535,0.0302022435,1,0.0264878944,0.0135409124,0.00917344913,0.00681958394,0.00548279984,0.00462497771,0.00389084616,0.00361742824
1_0_10_12_2_16.bin,lab1-sf12_TP2,1,0,10,2,12,2,16,,-21.1472133,13.6659355,0.647452593,0.0279165301,0.00431566313,0.0330315717,0.00825302862,0.0422219597,0.0217439327,0.0725248605,0.101677962,1,0.0915625542,0.0479470938,0.0328855664,0.0249863677,0.0205305833,0.0164523888,0.0144838421,0.0125936745
1_0_10_12_2_16.bin,lab1-sf12_TP2,1,0,10,2,12,2,16,,-19.4416713,12.731761,0.658600628,0.0300769545,0.00545456167,0.0354906879,0.0101917842,0.0468992069,0.0266384576,0.0810039863,0.120971859,1,0.10225454,0.0546480119,0.0373161249,0.0282489546,0.0231048726,0.0188505538,0.016708618,0.0142768752
1_0_11_12_2_16.bin,lab1-sf12_TP2,1,0,11,2,12,2,16,,-30.514187,6.81737709,0.765999436,0.0446920767,0.0183833297,0.0552132875,0.0319419056,0.0783378184,0.0648070276,0.147858188,0.281171322,1,0.183420643,0.0993835703,0.0708786845,0.0522999987,0.0432245657,0.0358099528,0.0320369639,0.0268577151
1_0_11_12_2_16.bin,lab1-sf12_TP2,1,0,11,2,12,2,16,,-30.2878937,3.50003219,0.945767879,0.0591702797,0.0311504621,0.0754548982,0.0500718281,0.106705204,0.101821452,0.215040326,0.468045622,1,0.240784794,0.135421515,0.0970266238,0.0735620111,0.0613967627,0.0503859743,0.0450672507,0.0383630171
1_0_11_12_2_16.bin,lab1-sf12_TP2,1,0,11,2,12,2,16,,-30.3406643,1.69378722,1.16525805,0.0671898872,0.0389552489,0.0868088901,0.0643312857,0.125228897,0.126762897,0.258495867,0.602103949,1,0.273141652,0.159783021,0.113092415,0.0864873081,0.0709438324,0.059985023,0.0520843826,0.0456872806
1_0_11_12_2_16.bin,lab1-sf12_TP2,1,0,11,2,12,2,16,,-31.1371134,-0.298853517,1.5916723,0.0714256838,0.0531947911,0.0932076499,0.0812319964,0.137091666,0.153921589,0.289772063,0.729010463,1,0.386464298,0.197933987,0.135193765,0.105245806,0.0841932744,0.071727179,0.0624357387,0.0548903681
1_0_11_12_2_16.bin,lab1-sf12_TP2,1,0,11,2,12,2,16,,-30.3078873,1.26638746,1.25124812,0.0720227733,0.0400828794,0.0902106017,0.0652289018,0.131474003,0.131515577,0.272432536,0.645244718,1,0.282845855,0.162409738,0.117832936,0.0881486833,0.0742349774,0.0602823719,0.0536492914,0.0465157069
1_0_11_12_2_16.bin,lab1-sf12_TP2,1,0,11,2,12,2,16,,-30.4977951,0.958326697,1.34143054,0.0284535456,0.0731970668,0.0427709855,0.0941452608,0.0705563128,0.138879508,0.144803479,0.31118232,1,0.676026702,0.252065301,0.152441353,0.113110915,0.0863199458,0.0732003301,0.0611946695,0.0547636673
1_0_11_12_2_16.bin,lab1-sf12_TP2,1,0,11,2,12,2,16,,-30.7225928,11.4456882,0.667683721,0.00404065195,0.0300748218,0.00553006446,0.0363806561,0.0123235825,0.0504102148,0.0349396616,0.116223313,1,0.131159976,0.0606162809,0.038571924,0.0296912044,0.0235016048,0.0201077741,0.0161259882,0.0147449756
1_0_11_12_2_16.bin,lab1-sf12_TP2,1,0,11,2,12,2,16,,-30.8578633,11.9274988,0.66089195,0.00449692039,0.0286038667,0.00499850744,0.0342918783,0.0102227302,0.047999382,0.0319858454,0.109271117,1,0.120607346,0.0559752919,0.0357868224,0.0274462793,0.0209993571,0.0182356574,0.0152388178,0.013501931
1_0_11_12_2_16.bin,lab1-sf12_TP2,1,0,11,2,12,2,16,,-31.1028152,11.3633804,0.667375088,0.00474651717,0.0294009261,0.00557747018,0.0356693752,0.0124669522,0.0505695418,0.036944747,0.113982573,1,0.133081108,0.0601486675,0.0395234786,0.0283694267,0.0237951372,0.0185913295,0.017270064,0.01429764
1_0_11_12_2_16.bin,lab1-sf12_TP2,1,0,11,2,12,2,16,,-30.7585517,15.299118,0.601474106,0.0171883292,0.0108650494,0.0183709897,0.00999567378,0.0199269485,0.0109062297,0.028524464,0.0291759185,1,0.0275863409,0.0151581746,0.00978367776,0.00843653921,0.00555320829,0.00599356694,0.00447813515,0.00476074452
1_0_11_12_2_16.bin,lab1-sf12_TP2,1,0,11,2,12,2,16,,-31.0663037,6.08489037,0.791622043,0.047313679,0.0205013473,0.0586400665,0.0350922868,0.083566092,0.0725762621,0.159773797,0.314074844,1,0.193533853,0.108026937,0.075849019,0.0571576059,0.0471630022,0.0385947824,0.0338169672,0.0290677212
1_0_11_12_2_16.bin,lab1-sf12_TP2,1,0,11,2,12,2,16,,-31.7941522,3.70731425,0.926685214,0.0574347563,0.0324180275,0.0709719434,0.0523092076,0.103521429,0.102856226,0.206062913,0.451929271,1,0.235440135,0.137578458,0.0931554362,0.0748360455,0.0581272952,0.0514312088,0.0422908664,0.0401036032
1_0_12_12_2_16.bin,lab1-sf12_TP2,1,0,12,2,12,2,16,,-46.4123275,-5.91880417,0.748985767,0.0605978742,0.0512224585,0.063106522,0.0513193421,0.0787516832,0.0683809519,0.129519448,0.269685209,1,0.154083654,0.0991767421,0.072072193,0.0542761609,0.0567137785,0.0511415228,0.0575955957,0.049006395
1_0_12_12_2_16.bin,lab1-sf12_TP2,1,0,12,2,12,2,16,,-47.2364086,-10.0563793,0.987954199,0.0802970156,0.0858770236,0.0860501155,0.104453959,0.131244808,0.134903193,0.239801317,0.495330155,1,0.247596979,0.137367934,0.122234136,0.112029314,0.0978911445,0.0763793811,0.0638730526,0.0681090802
1_0_12_12_2_16.bin,lab1-sf12_TP2,1,0,12,2,12,2,16,,-41.2578437,2.95182037,0.85572803,0.0562118664,0.0235706381,0.0704699606,0.040259432,0.0987442657,0.0849326402,0.1894885,0.384348452,1,0.222963974,0.119919047,0.0875907093,0.0604196414,0.0581991449,0.0407514721,0.0426001959,0.0299728811
1_0_12_12_2_16.bin,lab1-sf12_TP2,1,0,12,2,12,2,16,,-43.1449628,-1.73482513,1.54001403,0.0805923492,0.0444613993,0.10507752,0.0709898099,0.147551864,0.1440759,0.307058841,0.738355219,1,0.349624008,0.182324931,0.139992326,0.0942075253,0.0889747143,0.0625435114,0.0695742145,0.0497205183
1_0_12_12_2_16.bin,lab1-sf12_TP2,1,0,12,2,12,2,16,,-42.5742776,-3.21560192,1.11383796,0.0751291662,0.033716321,0.0937663689,0.0466907695,0.127091363,0.111523971,0.260315835,0.574057519,1,0.277893126,0.142221168,0.11535839,0.0771724805,0.0881917551,0.0497555099,0.061996799,0.0393626913
1_0_12_12_2_16.bin,lab1-sf12_TP2,1,0,12,2,12,2,16,,-47.5164258,-4.83648872,1.33412051,0.0844070166,0.0554282516,0.0971003696,0.0827755406,0.132884353,0.11956583,0.286208868,0.677948296,1,0.286937743,0.154107049,0.12664707,0.10121502,0.0865185633,0.0723890141,0.0629017279,0.0587284118
1_0_12_12_2_16.bin,lab1-sf12_TP2,1,0,12,2,12,2,16,,-42.7867019,1.75890505,0.886386335,0.0137904305,0.06166723,0.0239600856,0.0760071054,0.0411506556,0.112042025,0.103279397,0.249045491,1,0.407007158,0.175081357,0.101099625,0.0864344537,0.0532191806,0.0572210625,0.0377062783,0.0451520607
1_0_12_12_2_16.bin,lab1-sf12_TP2,1,0,12,2,12,2,16,,-42.3303857,-0.411049068,0.916439176,0.015673114,0.066583924,0.0254634693,0.0795763656,0.045294445,0.11706122,0.10386356,0.26083523,1,0.431598932,0.189558804,0.104059659,0.0894552469,0.05723783,0.0616428852,0.037310455,0.0514674
1_0_12_12_2_16.bin,lab1-sf12_TP2,1,0,12,2,12,2,16,,-42.9472761,-2.5477519,0.922525644,0.0241412409,0.0741342381,0.0276248027,0.0841020048,0.0516618527,0.113101758,0.113978133,0.260060638,1,0.434982687,0.181454882,0.107518986,0.0930483714,0.0584965348,0.0619117767,0.0376876295,0.0481173098
1_0_12_12_2_16.bin,lab1-sf12_TP2,1,0,12,2,12,2,16,,-42.1542672,4.25942993,0.71508646,0.00892204046,0.0442971997,0.00905268174,0.051568795,0.0218523629,0.0782453567,0.0550765246,0.164011508,1,0.198502377,0.0984143242,0.0553130358,0.0464942902,0.0278643332,0.0355130062,0.0214250498,0.029364353
1_0_12_12_2_16.bin,lab1-sf12_TP2,1,0,12,2,12,2,16,,-45.5887068,-8.96617126,0.649915934,0.0561455525,0.063763991,0.0492994674,0.0823224112,0.0597364679,0.0686392486,0.0688979179,0.0982003435,1,0.0956182107,0.0734135434,0.0521269403,0.0651188865,0.0615613423,0.0461010486,0.05828394,0.0601599142
1_0_12_12_2_16.bin,lab1-sf12_TP2,1,0,12,2,12,2,16,,-43.647874,3.88854432,0.683912814,0.0135017205,0.0375585482,0.0101767853,0.0459869057,0.0164344367,0.0627214387,0.037338987,0.137369186,1,0.150267169,0.077614136,0.040296711,0.0420901105,0.0228303913,0.028248623,0.0150164021,0.0246652085
1_0_12_12_2_16.bin,lab1-sf12_TP2,1,0,12,2,12,2,16,,-42.8548125,-0.263933778,0.695871413,0.0110724792,0.044003956,0.0125002554,0.0534109734,0.0209527668,0.0682369545,0.0498062894,0.152732342,1,0.164662436,0.0896288604,0.0429430455,0.0464094281,0.0272339769,0.0406189561,0.0214042161,0.0247060079
1_0_12_12_2_16.bin,lab1-sf12_TP2,1,0,12,2,12,2,16,,-44.9337232,-11.8485737,0.661387086,0.0613757893,0.0826732367,0.0761873722,0.0971706137,0.0979546979,0.0785851479,0.0905773491,0.103659488,1,0.118889794,0.0936785489,0.0923079848,0.0697781593,0.102917299,0.0811330155,0.0673124939,0.0806432515
1_0_12_12_2_16.bin,lab1-sf12_TP2,1,0,12,2,12,2,16,,-45.3042912,0.987616956,0.686859965,0.0451392941,0.012323522,0.0454322509,0.0215435214,0.0627385005,0.0323084854,0.0991793275,0.158118904,1,0.135981232,0.0635571927,0.0509838499,0.028095115,0.041741915,0.0219873991,0.0273585469,0.0137260836
1_0_12_12_2_16.bin,lab1-sf12_TP2,1,0,12,2,12,2,16,,-42.988772,2.55051827,0.609073997,0.0287282299,0.0166983772,0.0316604376,0.0160495639,0.0296890475,0.0192377064,0.0459313132,0.038944792,1,0.0419055335,0.0228183828,0.0226699561,0.0147404522,0.0201200061,0.0104761636,0.0159342177,0.0115104821
1_0_13_12_2_16.bin,lab1-sf12_TP2,1,0,13,2,12,2,16,,-39.5574267,9.0324688,0.613074422,0.0117870355,0.0143871363,0.00935488567,0.0181563012,0.00781717058,0.0223578867,0.0137517052,0.046781946,1,0.0467636697,0.0181922521,0.0164988618,0.00982479844,0.0110678654,0.00829227082,0.010286808,0.00753728859
1_0_13_12_2_16.bin,lab1-sf12_TP2,1,0,13,2,12,2,16,,-40.1009165,7.99813223,0.633988857,0.0272727199,0.00810037926,0.0301173739,0.00878634304,0.0385896154,0.0170535371,0.0610198267,0.0787876546,1,0.0762579218,0.0395140052,0.0288536698,0.0216941535,0.0164672937,0.0150495181,0.0129959155,0.0123492051
1_0_13_12_2_16.bin,lab1-sf12_TP2,1,0,13,2,12,2,16,,-35.909966,4.59763479,0.83522445,0.0526788607,0.0240458213,0.0655953363,0.0407331176,0.0922071859,0.0824555904,0.18012476,0.362383872,1,0.214415923,0.117144182,0.0854498446,0.0624271519,0.0534701571,0.0421529785,0.0397042781,0.033078175
1_0_13_12_2_16.bin,lab1-sf12_TP2,1,0,13,2,12,2,16,,-38.9082994,6.45287228,0.730305195,0.038390547,0.0166341867,0.0492606126,0.0284999218,0.0671305284,0.0569594428,0.124786265,0.234361306,1,0.160363063,0.0892365426,0.0585971139,0.0501677953,0.0361652076,0.0360455774,0.0247202814,0.027076168
1_0_13_12_2_16.bin,lab1-sf12_TP2,1,0,13,2,12,2,16,,-39.7812558,5.1707716,0.757178187,0.0400013663,0.020455651,0.052418489,0.0342739895,0.0722357035,0.0660098419,0.137322709,0.273013711,1,0.172260046,0.101699233,0.0641303658,0.0555414669,0.0379627421,0.0398003832,0.0269778948,0.0307819955
1_0_13_12_2_16.bin,lab1-sf12_TP2,1,0,13,2,12,2,16,,-41.5663563,2.02726841,0.975419343,0.0620546341,0.0334822088,0.076726906,0.0556324385,0.109844536,0.109652087,0.218539387,0.489449352,1,0.249354467,0.143354148,0.0994118974,0.0797115415,0.0631348342,0.0535737388,0.0445117429,0.0414775535
1_0_13_12_2_16.bin,lab1-sf12_TP2,1,0,13,2,12,2,16,,-41.9193558,-5.94964504,1.54623961,0.0844440162,0.0708600357,0.10064178,0.080785647,0.151080877,0.153235555,0.291008681,0.743920147,1,0.341929048,0.18296583,0.146956116,0.0947943106,0.0874088854,0.0765500069,0.0651423186,0.0723227337
1_0_13_12_2_16.bin,lab1-sf12_TP2,1,0,13,2,12,2,16,,-39.5830622,5.45840597,0.72142148,0.0394091979,0.0146851959,0.0496422015,0.0246130824,0.0671547577,0.0539697185,0.121474251,0.218369499,1,0.156025365,0.0841497332,0.0593360551,0.0445986353,0.0357302129,0.0312938914,0.0269102026,0.0244199932
1_0_13_12_2_16.bin,lab1-sf12_TP2,1,0,13,2,12,2,16,,-39.3486054,5.35941696,0.746120691,0.0397138633,0.0195044111,0.0498619452,0.0302371755,0.0703228936,0.0651152879,0.131400779,0.257950336,1,0.165377051,0.0965271518,0.0599044822,0.0514214896,0.0368381031,0.0379588678,0.0263472237,0.0272113662
1_0_13_12_2_16.bin,lab1-sf12_TP2,1,0,13,2,12,2,16,,-38.5606304,6.45534229,0.720335007,0.00890967995,0.0359591693,0.0135364942,0.0458824374,0.0263296366,0.0670013726,0.061829634,0.159101307,1,0.213199139,0.0917334035,0.0598793477,0.0424803346,0.037338648,0.0279976912,0.0265409891,0.0217686258
1_0_13_12_2_16.bin,lab1-sf12_TP2,1,0,13,2,12,2,16,,-37.3254507,2.15980268,0.995761096,0.0234012213,0.0631704703,0.0332517251,0.0806621462,0.057143908,0.118965499,0.119871795,0.270878643,1,0.500626981,0.200437158,0.124113381,0.0932517946,0.0703126937,0.060584221,0.0505179763,0.0448425561
1_0_14_12_2_16.bin,lab1-sf12_TP2,1,0,14,2,12,2,16,,-59.6183468,-20.6074524,1.01844597,0.223161295,0.265460551,0.207468733,0.261653215,0.210127354,0.235092655,0.370439053,0.381327033,1,0.342622459,0.324680954,0.243021891,0.268133014,0.299986601,0.204214796,0.28279534,0.207394719
1_0_14_12_2_16.bin,lab1-sf12_TP2,1,0,14,2,12,2,16,,-61.8116061,-19.5785332,0.852437258,0.229088396,0.267505318,0.247983307,0.262344062,0.246394247,0.249904826,0.330282241,0.31029442,1,0.255585372,0.297027528,0.28780809,0.246415406,0.201954812,0.305155128,0.218546331,0.223646089
1_0_15_12_2_16.bin,lab1-sf12_TP2,1,0,15,2,12,2,16,,-59.9424466,-19.8171806,1.37951517,0.319171429,0.230205402,0.258582145,0.279911518,0.206083179,0.288883001,0.229587406,0.348051548,1,0.651504815,0.32709372,0.200693712,0.280680537,0.266026527,0.186622426,0.291386276,0.270147592
1_0_15_12_2_16.bin,lab1-sf12_TP2,1,0,15,2,12,2,16,,-56.1692091,-18.4801083,1.93493319,0.180506736,0.184404001,0.196740836,0.236965701,0.271570116,0.273773372,0.354487568,0.732839644,1,0.43717584,0.320056081,0.254486173,0.241407201,0.189760596,0.213340074,0.147864178,0.164506331
1_0_15_12_2_16.bin,lab1-sf12_TP2,1,0,15,2,12,2,16,,-55.8557337,-15.91642,1.33665562,0.132396117,0.141080379,0.131854713,0.159828156,0.143834114,0.179753751,0.21201396,0.303552955,1,0.673250854,0.265463829,0.226021945,0.14632453,0.160343111,0.120737582,0.144416943,0.147966638
1_0_15_12_2_16.bin,lab1-sf12_TP2,1,0,15,2,12,2,16,,-55.2215069,-16.913908,1.81542146,0.177704722,0.213995367,0.186911419,0.221100539,0.222947001,0.268812478,0.395977855,0.776189029,1,0.445210308,0.28758359,0.208282664,0.230952844,0.207236648,0.227226987,0.17081356,0.170665219
1_0_15_12_2_16.bin,lab1-sf12_TP2,1,0,15,2,12,2,16,,-55.5374773,-16.2369919,1.11793637,0.141986758,0.135613784,0.161508754,0.153131917,0.127841786,0.176222458,0.193185821,0.275543839,1,0.55564338,0.250191897,0.195512727,0.155874267,0.161978215,0.113484144,0.152932078,0.157128528
1_0_15_12_2_16.bin,lab1-sf12_TP2,1,0,15,2,12,2,16,,-55.9262459,-17.2831268,1.10474002,0.169743374,0.165388256,0.216199547,0.163632616,0.183563694,0.25212118,0.212432697,0.27456823,1,0.542988479,0.265165448,0.242278337,0.194125399,0.21820721,0.16290088,0.229918793,0.196480215
1_0_15_12_2_16.bin,lab1-sf12_TP2,1,0,15,2,12,2,16,,-58.0034786,-17.6282654,0.843730509,0.168074176,0.150463626,0.158915028,0.212059468,0.15134269,0.18648605,0.223374709,0.264228404,1,0.321166784,0.226196885,0.204555839,0.163099989,0.211760551,0.164399475,0.187681064,0.153017476
1_0_15_12_2_16.bin,lab1-sf12_TP2,1,0,15,2,12,2,16,,-55.6823173,-16.373045,0.86414969,0.156657919,0.136134118,0.162748694,0.137497365,0.134907633,0.191554412,0.201348573,0.231183633,1,0.378758252,0.176440477,0.195890129,0.167019546,0.179043561,0.0950854421,0.157085374,0.129671648
1_0_15_12_2_16.bin,lab1-sf12_TP2,1,0,15,2,12,2,16,,-56.8576876,-15.5443974,0.723343372,0.128547952,0.140905038,0.11152377,0.134366795,0.111198246,0.133042276,0.115645967,0.19126305,1,0.17165032,0.125686944,0.153571859,0.138871312,0.162702382,0.119876459,0.112246893,0.115280792
1_0_15_12_2_16.bin,lab1-sf12_TP2,1,0,15,2,12,2,16,,-58.4984391,-18.0299225,0.811243773,0.149313629,0.182850212,0.169926643,0.150725812,0.157263339,0.204744905,0.186067015,0.256981701,1,0.270123899,0.192998737,0.21836172,0.155373782,0.158518732,0.17003198,0.186668694,0.158503428
1_0_8_12_2_16.bin,lab1-sf12_TP2,1,0,8,2,12,2,16,,-17.6253203,0.195457578,1.50741386,0.0735817328,0.0482046381,0.094798848,0.0762274116,0.13862057,0.148836151,0.291500449,0.726947129,1,0.341295898,0.186113998,0.129756033,0.10030175,0.0816095844,0.0689103901,0.0594198182,0.0524467602
1_0_8_12_2_16.bin,lab1-sf12_TP2,1,0,8,2,12,2,16,,-17.8462223,0.805240691,1.36413419,0.0729559362,0.0435569584,0.0931514204,0.0702174455,0.135531485,0.140470862,0.282967746,0.70097518,1,0.288100123,0.170511842,0.120800972,0.0937372819,0.0766243786,0.0643930584,0.0558783822,0.0494893156
1_0_8_12_2_16.bin,lab1-sf12_TP2,1,0,8,2,12,2,16,,-18.0794284,-0.982124925,1.76125717,0.0597367138,0.0668405816,0.0799231902,0.0953353792,0.12152452,0.162230581,0.254610717,0.634867966,1,0.596837044,0.247801051,0.161312237,0.120292783,0.095555909,0.0798801333,0.0686321929,0.060099192
1_0_8_12_2_16.bin,lab1-sf12_TP2,1,0,8,2,12,2,16,,-18.6012792,1.12001777,1.29809403,0.0716051832,0.0421480685,0.0915328935,0.0683046728,0.132788196,0.136144608,0.276669145,0.670303404,1,0.284707218,0.167371735,0.118304446,0.0919951722,0.0751268864,0.0629864186,0.0548731759,0.0480470769
1_0_8_12_2_16.bin,lab1-sf12_TP2,1,0,8,2,12,2,16,,-18.0003622,0.785816789,1.40748525,0.0294590928,0.0738253072,0.0439749584,0.0951276943,0.0726131648,0.140893489,0.150353506,0.315350741,1,0.707767308,0.258892,0.159656242,0.115352154,0.0905363262,0.0745840445,0.0633658543,0.0552021936
1_0_8_12_2_16.bin,lab1-sf12_TP2,1,0,8,2,12,2,16,,-17.5312311,3.94062114,0.933949471,0.019654626,0.0580765978,0.0316082612,0.0743990317,0.0529834852,0.110477298,0.116556525,0.254406393,1,0.45356831,0.181919932,0.116152592,0.0842441469,0.0663024485,0.0547681749,0.0470980629,0.0410846435
1_0_8_12_2_16.bin,lab1-sf12_TP2,1,0,8,2,12,2,16,,-18.2589502,1.91143656,1.16998434,0.0259486139,0.0679699183,0.0393743217,0.0870573074,0.0658582002,0.128612682,0.138753235,0.290531695,1,0.601659954,0.227307156,0.142710149,0.10233324,0.0810902268,0.0666871145,0.0568529889,0.0495673791
1_0_8_12_2_16.bin,lab1-sf12_TP2,1,0,8,2,12,2,16,,-17.1097582,8.37136269,0.743559361,0.00837796181,0.0410024412,0.0151383886,0.0518405437,0.0292040221,0.07579761,0.070524618,0.178044647,1,0.244566247,0.107528232,0.06915842,0.0510909073,0.0405480862,0.033835981,0.0287607759,0.0252114404
1_0_8_12_2_16.bin,lab1-sf12_TP2,1,0,8,2,12,2,16,,-18.4059266,10.7897367,0.694088817,0.0047491421,0.0341572501,0.00816397741,0.0424351804,0.0194251426,0.06149216,0.0498679169,0.139814734,1,0.173730418,0.0776733458,0.0491622724,0.0373383351,0.0302320588,0.0253409818,0.0213590283,0.0186331235
1_0_8_12_2_16.bin,lab1-sf12_TP2,1,0,8,2,12,2,16,,-17.5208561,17.3251476,0.618852496,0.00943662692,0.0196828917,0.00831829477,0.0223995503,0.0076177516,0.0282573607,0.014921735,0.0564323962,1,0.0539585277,0.0244063623,0.0167460311,0.0120894266,0.0099611152,0.00825456064,0.00731039047,0.0061021084
1_0_8_12_2_16.bin,lab1-sf12_TP2,1,0,8,2,12,2,16,,-18.5167484,14.7712097,0.63590467,0.0261812937,0.0047284849,0.0305668265,0.0056762211,0.038939748,0.0160335451,0.0639017597,0.0838793665,1,0.0765673891,0.0408648774,0.0280915853,0.0207513832,0.017077269,0.0138504375,0.0124305757,0.0102516096
1_0_8_12_2_16.bin,lab1-sf12_TP2,1,0,8,2,12,2,16,,-17.3453761,9.41219139,0.712149024,0.0378619842,0.0117385574,0.046336472,0.0220829733,0.0632959604,0.0484011136,0.115563467,0.205633789,1,0.147632867,0.0807956383,0.0557019785,0.042579174,0.0342918411,0.0287981201,0.0247416198,0.0218193103
1_0_8_12_2_16.bin,lab1-sf12_TP2,1,0,8,2,12,2,16,,-18.3817813,16.5632515,0.620075345,0.0227675848,0.00620554667,0.0261377059,0.00622654008,0.0325785913,0.00997171551,0.0509742126,0.0564972684,1,0.0574834943,0.0306947511,0.0213176366,0.0159901902,0.0128436033,0.0104986019,0.00913546421,0.00785131101
1_0_9_12_2_16.bin,lab1-sf12_TP2,1,0,9,2,12,2,16,,-19.7605931,7.8178153,0.748721361,0.0427732915,0.01662343,0.0526880249,0.0292252693,0.0727304667,0.0610339865,0.137300089,0.258131444,1,0.171870157,0.0951148793,0.0658076406,0.0500565879,0.0406185314,0.0342009105,0.0295760501,0.0258314721
1_0_9_12_2_16.bin,lab1-sf12_TP2,1,0,9,2,12,2,16,,-20.0090522,9.05158424,0.719547987,0.0390397459,0.0127189131,0.0475360602,0.023695264,0.0654520094,0.0509937517,0.120631501,0.216032207,1,0.15328975,0.08401151,0.0580660962,0.0443918929,0.0358080827,0.0299462508,0.0257362369,0.0227468964
1_0_9_12_2_16.bin,lab1-sf12_TP2,1,0,9,2,12,2,16,,-23.2317125,2.80474854,1.03016651,0.0629750863,0.0346963778,0.0800045133,0.0567677841,0.114897221,0.11361216,0.232767716,0.526939332,1,0.255478948,0.147594512,0.104067609,0.080044955,0.0655690208,0.0547575168,0.0478898287,0.0414903015
1_0_9_12_2_16.bin,lab1-sf12_TP2,1,0,9,2,12,2,16,,-26.1790602,3.19181848,0.979162157,0.0606267639,0.0339648239,0.0771044269,0.0548169538,0.110756226,0.10896381,0.223445117,0.495860457,1,0.24852784,0.143397123,0.100492127,0.0778480545,0.0623817332,0.053173691,0.0456963442,0.0406665206
1_0_9_12_2_16.bin,lab1-sf12_TP2,1,0,9,2,12,2,16,,-27.1568067,-0.88606602,1.73494685,0.073778145,0.0570957176,0.0950594023,0.087193355,0.141326934,0.162011817,0.298494011,0.77703166,1,0.426074028,0.210742369,0.143783346,0.110669367,0.0896162167,0.0756517649,0.0648057908,0.0569979809
1_0_9_12_2_16.bin,lab1-sf12_TP2,1,0,9,2,12,2,16,,-25.0904364,0.929592729,1.33740997,0.0727053583,0.0435170978,0.0924222767,0.0698161945,0.134024397,0.13921608,0.280652583,0.688238621,1,0.287931412,0.169852331,0.120135859,0.0933073014,0.0759297907,0.0645242333,0.0556084812,0.0488952845
1_0_9_12_2_16.bin,lab1-sf12_TP2,1,0,9,2,12,2,16,,-23.6593643,1.71943712,1.21431708,0.0266199429,0.0691140071,0.0401906297,0.0885399356,0.0667500421,0.131466761,0.139642701,0.297266871,1,0.618353128,0.23360087,0.144958109,0.105229922,0.0827102289,0.0683335513,0.0582144633,0.0506638698
1_0_9_12_2_16.bin,lab1-sf12_TP2,1,0,9,2,12,2,16,,-25.1367322,-0.326941371,1.62242568,0.0328025781,0.0795498416,0.048396565,0.103650317,0.0805025473,0.152639017,0.163307786,0.337665528,1,0.820662916,0.290324479,0.177301317,0.127389669,0.0997948721,0.0823040083,0.0689220428,0.059951134
1_0_9_12_2_16.bin,lab1-sf12_TP2,1,0,9,2,12,2,16,,-25.8789029,1.14635944,1.32868361,0.0285843611,0.071636647,0.0425682887,0.0927181467,0.0712694824,0.136736318,0.146247,0.307439387,1,0.668332934,0.248751655,0.153291255,0.111095563,0.0870737135,0.072002165,0.0603591278,0.0528663918
1_0_9_12_2_16.bin,lab1-sf12_TP2,1,0,9,2,12,2,16,,-24.3681066,1.63700771,1.24970531,0.027322894,0.0693098381,0.0407107733,0.0891974643,0.067125231,0.132001847,0.140647337,0.297622025,1,0.629442692,0.236927509,0.14661859,0.105910614,0.0824970976,0.0688991919,0.0581985228,0.0508573353
1_0_9_12_2_16.bin,lab1-sf12_TP2,1,0,9,2,12,2,16,,-25.5750922,5.01165724,0.864548206,0.0164568443,0.0531606711,0.0273024589,0.0678454861,0.0465852059,0.100317776,0.102479391,0.233779863,1,0.387589484,0.159266815,0.101431645,0.0743399113,0.0580091476,0.0487338044,0.0412283167,0.0363692231
1_0_9_12_2_16.bin,lab1-sf12_TP2,1,0,9,2,12,2,16,,-23.4348565,7.6771059,0.761310816,0.00988791604,0.043163199,0.0173260756,0.0546342656,0.0321950577,0.0802103207,0.0765120238,0.18857716,1,0.268403947,0.116121158,0.0742270574,0.0551237874,0.0437298343,0.0361586548,0.0309649874,0.0271323901
1_0_9_12_2_16.bin,lab1-sf12_TP2,1,0,9,2,12,2,16,,-21.5656686,14.6174173,0.6442554,0.00564513262,0.02498772,0.00410229759,0.0303296223,0.00800575968,0.040724054,0.0239008572,0.0894910842,1,0.0956457034,0.0440378711,0.0287671685,0.021208195,0.01680848,0.0142802568,0.0124360574,0.0111222304
1_1_0_12_2_16.bin,lab1-sf12_TP2,1,1,0,2,12,2,16,,-57.2594713,-18.222023,1.22163415,0.185016543,0.19958207,0.219872981,0.229501843,0.21838367,0.249083146,0.266753376,0.294167042,1,0.598805249,0.285715193,0.259876639,0.217009723,0.251022995,0.220141321,0.232390255,0.184946835
1_1_0_12_2_16.bin,lab1-sf12_TP2,1,1,0,2,12,2,16,,-54.3125111,-16.4439545,0.784294248,0.182661623,0.162720621,0.175388381,0.201581389,0.17676951,0.200163379,0.207461298,0.228986651,1,0.220833749,0.222908124,0.201016501,0.146898299,0.224169239,0.176386282,0.173701435,0.18867819
1_1_0_12_2_16.bin,lab1-sf12_TP2,1,1,0,2,12,2,16,,-50.3445041,-18.3645401,1.35890591,0.229358807,0.243686587,0.206198767,0.291000754,0.179412171,0.225774929,0.279420137,0.192315444,1,0.185912862,0.293118328,0.224974975,0.184823215,0.256268144,0.181126982,0.222362638,0.246018574
1_1_0_12_2_16.bin,lab1-sf12_TP2,1,1,0,2,12,2,16,,-55.9842051,-13.4696779,1.15861702,0.144967601,0.131474033,0.206711084,0.172413841,0.224840075,0.228880852,0.295239389,0.5175668,1,0.317767024,0.239744931,0.2498779,0.195352107,0.169103593,0.170336381,0.167415559,0.163104162
1_1_0_12_2_16.bin,lab1-sf12_TP2,1,1,0,2,12,2,16,,-51.816926,-12.9907475,1.68636799,0.0957267359,0.116900072,0.103364773,0.134802237,0.133210495,0.174695656,0.19783394,0.354419798,1,0.819787443,0.260970742,0.198968574,0.157858387,0.14285095,0.112584107,0.111952506,0.112246819
1_1_0_12_2_16.bin,lab1-sf12_TP2,1,1,0,2,12,2,16,,-49.3537924,-10.4663067,256.789978,0.205288738,0.221252188,0.161910355,0.213050559,0.160869688,0.22607927,0.224652559,0.277944177,1,0.337498784,0.213935181,0.221256241,0.210595861,0.208372146,0.196856484,0.215601027,0.199234724
1_1_1_12_2_16.bin,lab1-sf12_TP2,1,1,1,2,12,2,16,,-59.2456565,-18.1925468,0.819803238,0.32458365,0.240682006,0.277041167,0.301836938,0.204363748,0.338935047,0.288892448,0.268256724,1,0.267869145,0.271725714,0.344482064,0.196708396,0.295108467,0.276528746,0.245199472,0.2926718
1_1_1_12_2_16.bin,lab1-sf12_TP2,1,1,1,2,12,2,16,,-57.8777074,-18.5936203,0.946223855,0.19783771,0.240773171,0.201414838,0.287371367,0.228867292,0.248686165,0.248068243,0.41691649,1,0.267345428,0.248379737,0.304811925,0.187740967,0.232563853,0.269057691,0.175557613,0.311682463
1_1_1_12_2_16.bin,lab1-sf12_TP2,1,1,1,2,12,2,16,,-57.6194057,-17.4176674,0.875266075,0.263318896,0.288017511,0.192420527,0.258940041,0.235778168,0.302949727,0.28139773,0.314306796,1,0.269993752,0.252336353,0.304813266,0.192521811,0.266892254,0.201671034,0.231042698,0.298290431
1_1_2_12_2_16.bin,lab1-sf12_TP2,1,1,2,2,12,2,16,,-41.1757935,5.93971777,0.71334821,0.00488955248,0.0410354808,0.0106068002,0.0506278463,0.0200235993,0.0691245794,0.055253569,0.161442131,1,0.197327837,0.0922911093,0.053761892,0.0485404022,0.0316583775,0.0337375477,0.0224114433,0.0266640801
1_1_2_12_2_16.bin,lab1-sf12_TP2,1,1,2,2,12,2,16,,-41.111707,6.27113342,0.659135401,0.0101065114,0.0336437151,0.00790961273,0.0350354835,0.0109285619,0.0542941988,0.0297080502,0.111694753,1,0.11370077,0.057797797,0.0336931162,0.0295629464,0.0156972986,0.0223270264,0.0135287829,0.018325964
1_1_2_12_2_16.bin,lab1-sf12_TP2,1,1,2,2,12,2,16,,-40.9777413,8.16398621,0.615936995,0.0130502935,0.0201292299,0.0115195904,0.0231385827,0.0115773352,0.0277208947,0.014847734,0.0555653684,1,0.0461012647,0.0245896373,0.0143800443,0.0143271405,0.00915103313,0.00971580669,0.0076992386,0.0116549702
1_1_2_12_2_16.bin,lab1-sf12_TP2,1,1,2,2,12,2,16,,-41.2362908,6.26359081,0.676376104,0.00599281583,0.0351188108,0.00774706993,0.0433088392,0.0132045727,0.0585403517,0.0364644453,0.130040109,1,0.140075698,0.0699082986,0.039160002,0.0373010673,0.0230622329,0.0259216484,0.0134785371,0.0195731875
1_1_2_12_2_16.bin,lab1-sf12_TP2,1,1,2,2,12,2,16,,-41.2424876,6.53216314,0.650592327,0.03009074,0.00735655939,0.0352493338,0.0072194729,0.0461771898,0.0230582897,0.0770190656,0.104090959,1,0.0977750644,0.0475366712,0.0407434739,0.0241533406,0.0250739306,0.0153214708,0.0215550419,0.0125482855
1_1_2_12_2_16.bin,lab1-sf12_TP2,1,1,2,2,12,2,16,,-41.0560378,7.81272173,0.645219088,0.0297206696,0.00868760329,0.0340758301,0.00797873922,0.0430531017,0.0188766383,0.0720222071,0.0961254761,1,0.0908326656,0.0456454605,0.0336303152,0.023270905,0.019838376,0.0160614569,0.0159813184,0.0125437379
1_1_2_12_2_16.bin,lab1-sf12_TP2,1,1,2,2,12,2,16,,-41.1379792,6.84578657,0.692054391,0.0361445248,0.011276857,0.0432453752,0.0171795767,0.0589886867,0.0403623804,0.103842363,0.172712773,1,0.135782078,0.0705678165,0.0506318137,0.0370421037,0.0314494558,0.0236751828,0.0232658945,0.0179295987
1_1_2_12_2_16.bin,lab1-sf12_TP2,1,1,2,2,12,2,16,,-41.0363825,5.79214907,0.725756645,0.041444134,0.0138011612,0.0512616411,0.0254317578,0.0692795217,0.0523148589,0.127322689,0.223241806,1,0.160407186,0.0861672238,0.0623926818,0.0438193902,0.0389821641,0.0288348403,0.029186653,0.0219193585
1_1_2_12_2_16.bin,lab1-sf12_TP2,1,1,2,2,12,2,16,,-41.1923674,2.33736324,0.915317297,0.0626909509,0.0262628477,0.0768798962,0.0463794656,0.108814083,0.0951817334,0.210167021,0.439212561,1,0.241330937,0.131592959,0.0971703976,0.0696391836,0.0645658746,0.046879597,0.0473034047,0.0338108018
1_1_2_12_2_16.bin,lab1-sf12_TP2,1,1,2,2,12,2,16,,-41.0809991,2.93844271,0.863309979,0.0583327189,0.0229628179,0.0710272789,0.0416388623,0.0985279679,0.0854124352,0.19250831,0.391460478,1,0.225619033,0.122924581,0.0916147009,0.0607340038,0.0590912476,0.0413890965,0.0436888486,0.0304688513
1_1_2_12_2_16.bin,lab1-sf12_TP2,1,1,2,2,12,2,16,,-41.0440501,0.178778946,1.26663041,0.0736912042,0.0411157794,0.0934334919,0.0662025809,0.13295427,0.130220532,0.271743596,0.650408149,1,0.286630601,0.16275613,0.120053738,0.0885111913,0.0783814937,0.0641968697,0.0575588942,0.0475571379
1_1_3_12_2_16.bin,lab1-sf12_TP2,1,1,3,2,12,2,16,,-40.7043645,4.39349556,0.8109712,0.0115883518,0.0490888506,0.0208778773,0.0648136213,0.0382034928,0.0920923948,0.0940779522,0.216387779,1,0.328963131,0.141518757,0.0880651101,0.0652485639,0.052576229,0.0406864919,0.0371210352,0.0339113176
1_1_3_12_2_16.bin,lab1-sf12_TP2,1,1,3,2,12,2,16,,-40.9138034,9.24099541,0.605668366,0.0201303996,0.00951090548,0.0231338069,0.00996275991,0.0238019656,0.0122248447,0.036309883,0.0346241482,1,0.0348148346,0.0177224334,0.0130047742,0.0108732712,0.0105991075,0.0071892417,0.00728143333,0.00751672033
1_1_3_12_2_16.bin,lab1-sf12_TP2,1,1,3,2,12,2,16,,-41.50109,5.7041502,0.64187479,0.0312928595,0.00922302157,0.0371100157,0.00800786447,0.0464154147,0.0166420899,0.0741851032,0.086671263,1,0.0902511179,0.0390173569,0.0369931571,0.0174263865,0.0232400429,0.0085728066,0.0213518627,0.0102881789
1_1_3_12_2_16.bin,lab1-sf12_TP2,1,1,3,2,12,2,16,,-41.4766828,3.88159704,0.719184399,0.0448253863,0.0122762071,0.0547946468,0.0183447804,0.0706013367,0.0468207821,0.13247931,0.210078254,1,0.158220857,0.0769041628,0.0670130253,0.040352881,0.0432154238,0.02147156,0.0355706289,0.0173914041
1_1_3_12_2_16.bin,lab1-sf12_TP2,1,1,3,2,12,2,16,,-41.3357228,5.04971027,0.733894944,0.0441657603,0.0134963952,0.0529756323,0.0233099032,0.0730623379,0.0543620251,0.132726535,0.233175322,1,0.168216392,0.0845454484,0.0681532994,0.0438496619,0.0417416915,0.0303564388,0.0316265859,0.0214068424
1_1_3_12_2_16.bin,lab1-sf12_TP2,1,1,3,2,12,2,16,,-41.3730124,7.24555445,0.624346972,0.0263135694,0.0102418242,0.0311852861,0.00765458541,0.0366975181,0.0112828286,0.0573265404,0.0579842441,1,0.0675349981,0.0278907474,0.0266127903,0.0126204379,0.0189293623,0.00870870799,0.0132433716,0.00654656673
1_1_3_12_2_16.bin,lab1-sf12_TP2,1,1,3,2,12,2,16,,-41.3714153,6.04525423,0.661516666,0.0335341319,0.00875996891,0.0393118151,0.0100566745,0.05291209,0.0272830222,0.085213989,0.121317744,1,0.108520657,0.0547785349,0.0453380235,0.0242287964,0.0289636515,0.0171199869,0.0219503529,0.0137217259
1_1_3_12_2_16.bin,lab1-sf12_TP2,1,1,3,2,12,2,16,,-40.9074127,-0.158856675,1.21880388,0.0725059584,0.0373638459,0.0939084962,0.0625563636,0.132223532,0.127807364,0.271164238,0.627532601,1,0.285484284,0.159578934,0.120928213,0.0831925869,0.0787760094,0.0576247238,0.0584479347,0.0426474661
1_1_3_12_2_16.bin,lab1-sf12_TP2,1,1,3,2,12,2,16,,-40.6512862,3.28977537,0.873247266,0.0523377024,0.0282485634,0.0667183921,0.0461721718,0.0964295492,0.0925628245,0.190197468,0.400191993,1,0.220855862,0.125508264,0.0867615193,0.0697589517,0.0551155955,0.0472697429,0.0400274023,0.0349204652
1_1_3_12_2_16.bin,lab1-sf12_TP2,1,1,3,2,12,2,16,,-40.4544722,2.67736554,0.929649472,0.0558361411,0.0316973589,0.0729081631,0.0527904071,0.101477116,0.103575513,0.206767261,0.453645527,1,0.235676289,0.138676643,0.0929506198,0.0761329234,0.0570040047,0.0539471805,0.0401834063,0.0404659286
1_1_3_12_2_16.bin,lab1-sf12_TP2,1,1,3,2,12,2,16,,-40.5163227,-0.975577295,1.60848594,0.0657078698,0.0583408326,0.0883384645,0.0871162936,0.132812098,0.158148333,0.278762907,0.699905157,1,0.426073343,0.210647047,0.135518357,0.109698668,0.0836110413,0.0747696757,0.0616161712,0.0587076806
1_1_3_12_2_16.bin,lab1-sf12_TP2,1,1,3,2,12,2,16,,-40.5331079,-1.21737099,1.64590013,0.0363894068,0.0778176337,0.0513421334,0.10205657,0.0823657513,0.155513853,0.167307988,0.335486412,1,0.837248683,0.292958915,0.179789856,0.126062036,0.103734776,0.0821894631,0.0734959543,0.0578269139
1_1_3_12_2_16.bin,lab1-sf12_TP2,1,1,3,2,12,2,16,,-40.5448569,0.918185592,1.16114306,0.0691321343,0.0384810567,0.0855175927,0.0642306879,0.127787605,0.126876533,0.255601585,0.599205136,1,0.273660511,0.160613388,0.112470098,0.0861534923,0.0717605203,0.0618794896,0.0523825735,0.045727618
1_1_3_12_2_16.bin,lab1-sf12_TP2,1,1,3,2,12,2,16,,-40.5644204,-1.02567983,1.57983112,0.0779262856,0.0470354781,0.102902129,0.0778933764,0.150101647,0.155654967,0.31388706,0.799899697,1,0.306510776,0.181482747,0.130284101,0.102279492,0.0806898922,0.0712444857,0.0603089146,0.0538503714
1_1_3_12_2_16.bin,lab1-sf12_TP2,1,1,3,2,12,2,16,,-41.3474436,0.203779981,1.21122003,0.0195945073,0.0734746754,0.0388502516,0.0985463634,0.0605664402,0.136055261,0.135672763,0.303658664,1,0.610363066,0.239554554,0.135540679,0.112454906,0.0772850364,0.0727920234,0.051435899,0.0573776104
1_1_4_12_2_16.bin,lab1-sf12_TP2,1,1,4,2,12,2,16,,-40.8416095,-1.39655519,1.68512583,0.0726670995,0.0563092083,0.0946351364,0.0856337547,0.140072227,0.159747869,0.29554224,0.741621137,1,0.428960115,0.211803928,0.144700885,0.110597558,0.0937434584,0.0736546814,0.064772211,0.0563927703
1_1_4_12_2_16.bin,lab1-sf12_TP2,1,1,4,2,12,2,16,,-40.9061044,-0.249490261,1.39322376,0.0736799017,0.0431494266,0.0975627974,0.0701488853,0.139768422,0.141747072,0.290691704,0.712438464,1,0.295398802,0.169094339,0.127534404,0.0938732401,0.0789152607,0.0639929473,0.060989432,0.0487401038
1_1_4_12_2_16.bin,lab1-sf12_TP2,1,1,4,2,12,2,16,,-40.5345093,-1.52680445,1.72710037,0.0521043167,0.0711932853,0.0739065558,0.0980562121,0.111035496,0.161524996,0.234962121,0.569329023,1,0.643751085,0.258695543,0.166015327,0.120717451,0.0973831788,0.0805597156,0.0695000216,0.0609478801
1_1_4_12_2_16.bin,lab1-sf12_TP2,1,1,4,2,12,2,16,,-41.0088882,1.50580275,1.03858495,0.0648242161,0.0333188958,0.0838949606,0.0562693067,0.116439641,0.11579448,0.238970235,0.532124996,1,0.259675145,0.147721067,0.107980683,0.0797423422,0.0670251995,0.0560991056,0.0491568483,0.0414908826
1_1_4_12_2_16.bin,lab1-sf12_TP2,1,1,4,2,12,2,16,,-40.9886221,-1.75214219,1.74156225,0.068939656,0.0613781177,0.0905092284,0.0885808691,0.133233607,0.162233248,0.282358378,0.706138313,1,0.503984809,0.227842793,0.151025593,0.113880083,0.0930323377,0.0753555596,0.0675537959,0.0581352189
1_1_4_12_2_16.bin,lab1-sf12_TP2,1,1,4,2,12,2,16,,-41.0117908,0.102033444,1.32379687,0.0264779925,0.076269187,0.0422613025,0.0973165631,0.0685496926,0.141149178,0.147123471,0.313977957,1,0.665063977,0.250720143,0.149787486,0.115183637,0.0839177966,0.072284691,0.0573154874,0.0574073903
1_1_4_12_2_16.bin,lab1-sf12_TP2,1,1,4,2,12,2,16,,-40.8949847,-1.67321658,1.74373949,0.0740817413,0.0580132902,0.0948506594,0.0862380266,0.140776724,0.162124276,0.295870841,0.748564959,1,0.461049557,0.219637513,0.150676399,0.112317234,0.0927132815,0.0765316337,0.0662268177,0.0553755313
1_1_4_12_2_16.bin,lab1-sf12_TP2,1,1,4,2,12,2,16,,-41.0009899,-0.851814151,1.55232716,0.0319100283,0.0792150497,0.0460035987,0.102725282,0.0761586502,0.150900424,0.158768281,0.33349064,1,0.780416965,0.282339573,0.167665541,0.125792712,0.0956579894,0.0829041526,0.0643880144,0.0609418415
1_1_4_12_2_16.bin,lab1-sf12_TP2,1,1,4,2,12,2,16,,-40.9219772,2.68333554,0.917007685,0.0194312651,0.0591603927,0.0301842615,0.0743253976,0.0505309477,0.110701233,0.111057162,0.254845589,1,0.436270684,0.181060761,0.110473499,0.0843734443,0.0635027289,0.0553500168,0.0448321737,0.039918106
1_1_4_12_2_16.bin,lab1-sf12_TP2,1,1,4,2,12,2,16,,-41.1263275,-1.02349067,1.58006191,0.0316662267,0.0819242299,0.0448055454,0.104877815,0.0750381574,0.153244689,0.157974303,0.337101817,1,0.79267019,0.289238036,0.171460822,0.127973855,0.0970716774,0.0849801898,0.0652918667,0.0623458214
1_1_4_12_2_16.bin,lab1-sf12_TP2,1,1,4,2,12,2,16,,-41.2013669,2.43057299,0.848138392,0.0134728793,0.0576633215,0.0217081122,0.0723255351,0.0420912877,0.103780515,0.0950928628,0.233693212,1,0.369790167,0.160871312,0.0917485878,0.0760360062,0.052577652,0.0497072972,0.033324454,0.0397312343
1_1_4_12_2_16.bin,lab1-sf12_TP2,1,1,4,2,12,2,16,,-41.1481741,1.08567476,1.12382269,0.0266825706,0.0686540008,0.0372048467,0.0875154436,0.0617144927,0.129665613,0.134457543,0.288864344,1,0.573735058,0.223840818,0.137619853,0.102183267,0.0770437866,0.0667391941,0.0565360859,0.0515751354
1_1_5_12_2_16.bin,lab1-sf12_TP2,1,1,5,2,12,2,16,,-13.8648157,19.0177288,0.602899134,0.014635222,0.0137409829,0.0152405975,0.0141099384,0.015872227,0.0161887594,0.0181368142,0.0331488959,1,0.0285828505,0.0141677987,0.00970678218,0.00720865559,0.00576305622,0.00484050903,0.00427714363,0.00367153087
1_1_5_12_2_16.bin,lab1-sf12_TP2,1,1,5,2,12,2,16,,-12.6960259,14.2347984,0.642124414,0.0270074811,0.004504974,0.0318025649,0.00679911813,0.0408935584,0.0190267712,0.0679452419,0.094099544,1,0.083799772,0.0455822609,0.0306420773,0.0234021526,0.0185815915,0.0156523325,0.013451023,0.0116137322
1_1_5_12_2_16.bin,lab1-sf12_TP2,1,1,5,2,12,2,16,,-11.9862636,14.3395252,0.642503798,0.0271666944,0.00466631353,0.0318544284,0.00693762908,0.0411416292,0.0193828586,0.0688690692,0.0949417949,1,0.084127821,0.0457110554,0.031045109,0.0235835444,0.018982796,0.0157867298,0.0135418987,0.0118218642
1_1_5_12_2_16.bin,lab1-sf12_TP2,1,1,5,2,12,2,16,,-11.8888707,5.54142189,0.829570532,0.0509419516,0.0243730247,0.0637751669,0.0408462286,0.0900961608,0.0829286277,0.175521463,0.358628154,1,0.209266067,0.117953502,0.0821201801,0.0631620586,0.0512292832,0.043012321,0.0370783731,0.032660149
1_1_5_12_2_16.bin,lab1-sf12_TP2,1,1,5,2,12,2,16,,-12.9414075,6.7283268,0.782853484,0.0465512089,0.0203479137,0.0579345599,0.0343720168,0.080817692,0.071770072,0.154942513,0.301836103,1,0.190621674,0.106452487,0.0732993484,0.0561265126,0.0458460338,0.0384771861,0.0328985788,0.0288724676
1_1_5_12_2_16.bin,lab1-sf12_TP2,1,1,5,2,12,2,16,,-12.7369127,8.71513367,0.726934075,0.0399929993,0.0138091743,0.0490283221,0.0251395442,0.0674701259,0.0536194108,0.12513338,0.227515638,1,0.158462957,0.0873685405,0.0600197949,0.0459517799,0.0370202139,0.0310147442,0.0267554186,0.0235213432
1_1_5_12_2_16.bin,lab1-sf12_TP2,1,1,5,2,12,2,16,,-12.2014066,5.51616573,0.829554439,0.0510197282,0.0238876417,0.0634684935,0.0413135476,0.0903694257,0.0817144588,0.175258204,0.360518783,1,0.208183214,0.117817611,0.0831568241,0.0635786727,0.0507785194,0.0429678969,0.0375908166,0.0329391621
1_1_5_12_2_16.bin,lab1-sf12_TP2,1,1,5,2,12,2,16,,-12.1725273,5.06041336,0.854349375,0.0523876548,0.0257950518,0.0657847151,0.0442916676,0.0940753222,0.085633114,0.185126945,0.385234505,1,0.21662882,0.120907485,0.0872063115,0.0661658719,0.0529938452,0.0447241142,0.0388393179,0.0344093032
1_1_5_12_2_16.bin,lab1-sf12_TP2,1,1,5,2,12,2,16,,-13.5345678,-0.3545385,1.63593936,0.0738698319,0.0527423434,0.095506601,0.0816027671,0.140576646,0.156383917,0.297269702,0.753676295,1,0.38561812,0.199531719,0.138038844,0.105599299,0.0859344602,0.072356075,0.0626656562,0.0549842902
1_1_5_12_2_16.bin,lab1-sf12_TP2,1,1,5,2,12,2,16,,-12.5454559,6.09257412,0.80471915,0.048722975,0.0222828407,0.0607634522,0.0377732553,0.085461095,0.077048704,0.165679187,0.330929995,1,0.19953306,0.112625606,0.0781770945,0.0599768274,0.0485759489,0.0408654436,0.0352300778,0.0310281385
1_1_5_12_2_16.bin,lab1-sf12_TP2,1,1,5,2,12,2,16,,-12.564182,4.27321863,0.898466647,0.0561576709,0.0291002393,0.0706801564,0.0482506976,0.100630581,0.0964386389,0.200103238,0.429023504,1,0.231001973,0.132263973,0.0918875709,0.0709573328,0.0576587617,0.0485366061,0.0420541354,0.036871884
1_1_5_12_2_16.bin,lab1-sf12_TP2,1,1,5,2,12,2,16,,-12.5581337,-0.0921935365,1.58341122,0.0748247877,0.0491268076,0.0978355929,0.0790242404,0.140274122,0.149890691,0.298619539,0.76305455,1,0.341594815,0.186450258,0.130718946,0.10310141,0.0833331198,0.0702039823,0.0598413646,0.0531213433
1_1_5_12_2_16.bin,lab1-sf12_TP2,1,1,5,2,12,2,16,,-10.0750326,4.73079443,0.875501275,0.0543512143,0.0273475274,0.0682476684,0.0454962812,0.0969090909,0.0919990093,0.191839397,0.404197007,1,0.222940862,0.126833186,0.0887486562,0.0682983473,0.0554723181,0.0466053821,0.0402621552,0.0354727916
1_1_6_12_2_16.bin,lab1-sf12_TP2,1,1,6,2,12,2,16,,-1.80760039,9.77758884,0.71476233,0.00763755804,0.0363600478,0.0124838315,0.0458511449,0.0240619462,0.067384392,0.0584042855,0.158612207,1,0.202199727,0.093292132,0.0576741658,0.0445828401,0.0337126032,0.030309353,0.0233745724,0.0232847147
1_1_6_12_2_16.bin,lab1-sf12_TP2,1,1,6,2,12,2,16,,-2.2244495,12.5683327,0.659260869,0.00564895896,0.0291206278,0.00655712094,0.0326227434,0.0140856709,0.0447355546,0.0408131741,0.102762096,1,0.122304522,0.0578509979,0.0335744098,0.0271006618,0.0220440477,0.0196350347,0.014442238,0.0148149477
1_1_6_12_2_16.bin,lab1-sf12_TP2,1,1,6,2,12,2,16,,-2.31767081,16.7579117,0.603442609,0.0149451625,0.0139316674,0.0161179304,0.0149924671,0.014063607,0.0149906017,0.0166897047,0.0331482142,1,0.0300745666,0.018507883,0.013155004,0.00958348066,0.00717655476,0.00725817541,0.00627898239,0.00482428726
1_1_6_12_2_16.bin,lab1-sf12_TP2,1,1,6,2,12,2,16,,-2.44622218,16.5387135,0.605005383,0.0161807351,0.0137342094,0.0195504073,0.0117014507,0.0169451423,0.0136829317,0.0203186292,0.0384988412,1,0.028875621,0.0190258548,0.0140228756,0.00964341499,0.00819882564,0.00651780609,0.00591340149,0.00476752594
1_1_6_12_2_16.bin,lab1-sf12_TP2,1,1,6,2,12,2,16,,-2.55072639,5.55933237,0.822977781,0.0497450754,0.023491513,0.0611972958,0.0422401801,0.0828802064,0.0879752785,0.163566291,0.354207426,1,0.203427866,0.118741177,0.0821978673,0.0599234477,0.0530987047,0.0409624502,0.0379455611,0.0312156286
1_1_6_12_2_16.bin,lab1-sf12_TP2,1,1,6,2,12,2,16,,-2.54666012,9.66201973,0.70102191,0.0364911631,0.0102370838,0.0434543267,0.021067122,0.0563823469,0.0472204462,0.101581335,0.192269877,1,0.135893673,0.0791936368,0.0516645834,0.0393838808,0.0332498774,0.0267681237,0.0229183175,0.0206903853
1_1_6_12_2_16.bin,lab1-sf12_TP2,1,1,6,2,12,2,16,,-2.52690764,6.32566977,0.792879581,0.0465135388,0.0211230796,0.056842953,0.0382194743,0.0778541043,0.0800876915,0.149520814,0.316678673,1,0.192975119,0.106708907,0.0788345858,0.0554170199,0.0471224524,0.0388604924,0.0338097773,0.0293463748
1_1_6_12_2_16.bin,lab1-sf12_TP2,1,1,6,2,12,2,16,,-2.57005254,0.947508812,1.33184958,0.0733199269,0.0431330763,0.0904623121,0.0721638948,0.128178149,0.147231892,0.27249366,0.684960902,1,0.280520648,0.168892786,0.123842523,0.0913480967,0.077993378,0.0638996288,0.0557086691,0.0485372096
1_1_6_12_2_16.bin,lab1-sf12_TP2,1,1,6,2,12,2,16,,-2.38231217,-0.298224747,1.62406111,0.0769968778,0.0486193337,0.100642242,0.0788948908,0.145830005,0.154610068,0.298761547,0.780284524,1,0.347262889,0.190794945,0.132858172,0.100847796,0.0846391618,0.0699829087,0.0620275512,0.0540730208
1_1_6_12_2_16.bin,lab1-sf12_TP2,1,1,6,2,12,2,16,,-2.81011847,3.42430067,0.961632371,0.0625620112,0.0325048789,0.0791233778,0.0538042597,0.11351186,0.103697672,0.226052493,0.478639573,1,0.237335622,0.146218598,0.0954236314,0.0776545331,0.0604082756,0.0539642796,0.0447414182,0.0412467457
1_1_6_12_2_16.bin,lab1-sf12_TP2,1,1,6,2,12,2,16,,-1.4714703,9.93785477,0.700722575,0.0348059759,0.0107150311,0.0428491123,0.0195077471,0.0591706634,0.0441516861,0.103554286,0.185880572,1,0.142334551,0.0729170442,0.0544541031,0.0374572799,0.0339182802,0.0243603159,0.0253328979,0.0180581529
1_1_7_12_2_16.bin,lab1-sf12_TP2,1,1,7,2,12,2,16,,-9.56118467,-0.407412082,1.65219784,0.032571137,0.0801761374,0.0489825085,0.103185847,0.0790682286,0.151376635,0.162627399,0.337815791,1,0.834627271,0.292930454,0.177919596,0.127022758,0.0991789624,0.0818701833,0.0697823316,0.0603842661
1_1_7_12_2_16.bin,lab1-sf12_TP2,1,1,7,2,12,2,16,,-9.10715557,-0.436449111,1.65637875,0.0772491172,0.0507881008,0.0998713747,0.0810777396,0.146587268,0.158025056,0.31081897,0.800843477,1,0.344438195,0.192661002,0.135180205,0.104891695,0.0852432027,0.0720159858,0.0618559681,0.0547934622
1_1_7_12_2_16.bin,lab1-sf12_TP2,1,1,7,2,12,2,16,,-9.50236938,4.77713823,0.869226813,0.0541532338,0.0269571748,0.0676150322,0.045356933,0.0964715332,0.0903218538,0.189644918,0.400521308,1,0.221605867,0.125914246,0.0885404199,0.0678545833,0.0546880737,0.0463138968,0.0401067548,0.0351921916
1_1_7_12_2_16.bin,lab1-sf12_TP2,1,1,7,2,12,2,16,,-9.48817347,7.58313274,0.756213069,0.0436019972,0.0169757362,0.0534232482,0.0307201222,0.0749339014,0.0620465539,0.140564293,0.269429326,1,0.174705699,0.0972076803,0.0681139082,0.0517536737,0.0413240977,0.0351379216,0.0306023024,0.026618056
1_1_7_12_2_16.bin,lab1-sf12_TP2,1,1,7,2,12,2,16,,-9.08594533,4.41470194,0.891396701,0.0555500314,0.0286369883,0.069955647,0.0473874323,0.0995086953,0.0950308219,0.19757998,0.42120707,1,0.228328496,0.130039215,0.0907601416,0.0701655522,0.0568988994,0.0478977077,0.0412797928,0.0363921709
1_1_7_12_2_16.bin,lab1-sf12_TP2,1,1,7,2,12,2,16,,-13.6684359,3.13539433,0.998281777,0.0612991676,0.0340595879,0.0779287294,0.055892095,0.112054139,0.1103995,0.225178152,0.504104614,1,0.2507312,0.144797787,0.102116793,0.0784772858,0.0635070726,0.0533980876,0.0461538769,0.0408936068
1_1_7_12_2_16.bin,lab1-sf12_TP2,1,1,7,2,12,2,16,,-13.1070215,2.21732283,1.1133126,0.0659925789,0.0376912728,0.0838455558,0.0612754673,0.121133953,0.122010373,0.247881845,0.575657725,1,0.266689658,0.154817075,0.108915292,0.0844232962,0.0687944666,0.0580705404,0.0503175817,0.0441801846
1_1_7_12_2_16.bin,lab1-sf12_TP2,1,1,7,2,12,2,16,,-12.6716211,0.732799172,1.38576603,0.0739635378,0.0440100767,0.0943952799,0.0712194219,0.137329414,0.142235577,0.28773126,0.710060954,1,0.291751206,0.171819955,0.122090034,0.0945742279,0.0772850364,0.0651662648,0.0565661639,0.0497768298
1_1_7_12_2_16.bin,lab1-sf12_TP2,1,1,7,2,12,2,16,,-12.7271451,6.92162895,0.776662946,0.0457387827,0.0194697548,0.0567792207,0.0335978977,0.0793805495,0.0692825988,0.151641607,0.295162499,1,0.186451241,0.104075767,0.0721745118,0.0553152375,0.044724118,0.0375573188,0.032446593,0.0284628049
1_1_7_12_2_16.bin,lab1-sf12_TP2,1,1,7,2,12,2,16,,-13.4449203,6.16235781,0.804228008,0.0484209992,0.0221435335,0.0606016815,0.0376155674,0.0851155221,0.0764990523,0.164550677,0.328896344,1,0.198793665,0.111684963,0.0775182322,0.0595010854,0.0482029542,0.0404529124,0.0351233073,0.0306436587
1_1_7_12_2_16.bin,lab1-sf12_TP2,1,1,7,2,12,2,16,,-13.2878807,4.58782148,0.879707456,0.0546428598,0.027613746,0.0688614398,0.0464278497,0.0978569686,0.0921941176,0.193264306,0.411128938,1,0.223196253,0.12767306,0.0895260423,0.0688053966,0.0555244759,0.0468753465,0.0406579822,0.0356937982
1_1_7_12_2_16.bin,lab1-sf12_TP2,1,1,7,2,12,2,16,,-11.0684391,4.59749508,0.87835753,0.0551540554,0.0281755682,0.0690470412,0.0467372015,0.0975091979,0.0930015892,0.194497541,0.408410132,1,0.226659968,0.128156826,0.0898198932,0.0698213503,0.0562670715,0.0474168025,0.0413068384,0.0358595736
1_1_7_12_2_16.bin,lab1-sf12_TP2,1,1,7,2,12,2,16,,-12.0824074,1.05502617,1.30910575,0.0721860975,0.0432139933,0.0916614011,0.068998225,0.133598894,0.139019057,0.278879702,0.674870491,1,0.287272543,0.169544995,0.11905209,0.0925588608,0.0754351541,0.0643077344,0.0553484522,0.0486860834
1_1_7_12_2_16.bin,lab1-sf12_TP2,1,1,7,2,12,2,16,,-14.199744,4.5105176,0.886196136,0.0550940149,0.0284035187,0.0694407225,0.0468217731,0.0986476094,0.0939681679,0.19570905,0.41574347,1,0.226845354,0.129239336,0.0902925134,0.0692500323,0.0562849157,0.0473643839,0.0410547666,0.0360225402
1_1_7_12_2_16.bin,lab1-sf12_TP2,1,1,7,2,12,2,16,,-10.0822948,7.10220337,0.771160483,0.0451923721,0.0190436542,0.0560749471,0.0329441279,0.0782361105,0.0679777488,0.149067923,0.287881732,1,0.183312461,0.102176137,0.0707537457,0.054283306,0.0439893641,0.0368989781,0.0318476893,0.0279747192
1_1_7_12_2_16.bin,lab1-sf12_TP2,1,1,7,2,12,2,16,,-11.3278673,6.74739027,0.782591105,0.0463493392,0.0200051628,0.0576084182,0.0344517007,0.0806300268,0.0709785372,0.154642433,0.302598387,1,0.189254194,0.105873674,0.0733601376,0.0563419685,0.0455729105,0.0383450389,0.0329959765,0.0289421454
1_1_7_12_2_16.bin,lab1-sf12_TP2,1,1,7,2,12,2,16,,-10.962298,4.59608364,0.879174232,0.0546927191,0.0279330201,0.0689188987,0.0462653339,0.097947605,0.0931826308,0.193878457,0.410233527,1,0.225266442,0.128216043,0.0895530954,0.0690066442,0.0560051352,0.0471717194,0.0408190824,0.0358881466
1_1_7_12_2_16.bin,lab1-sf12_TP2,1,1,7,2,12,2,16,,-9.85185498,5.14620113,0.849193096,0.0525451228,0.0258615576,0.0658477545,0.0430840068,0.0932487026,0.0868953168,0.18305096,0.379861355,1,0.215942845,0.122415386,0.085085772,0.0656718537,0.0532190055,0.0447405577,0.0386626758,0.0340643823
1_1_7_12_2_16.bin,lab1-sf12_TP2,1,1,7,2,12,2,16,,-13.1287961,1.28043687,1.27231765,0.0706025735,0.0411628075,0.0900227502,0.0678708926,0.131172284,0.132774591,0.271333873,0.65845722,1,0.281166106,0.16428721,0.117353313,0.0914345831,0.0739194155,0.0622862726,0.0541769601,0.047886163
1_1_7_12_2_16.bin,lab1-sf12_TP2,1,1,7,2,12,2,16,,-13.0078751,1.77459431,1.18073225,0.0680949688,0.0395370871,0.0869455859,0.0640714169,0.125621825,0.12786223,0.259441018,0.612404346,1,0.274087042,0.160051465,0.113083757,0.0874946192,0.0713423863,0.0602619536,0.0520953089,0.0459108725
1_1_7_12_2_16.bin,lab1-sf12_TP2,1,1,7,2,12,2,16,,-13.1008372,0.810459852,1.36703753,0.0732860565,0.043615669,0.093871519,0.070873186,0.136186212,0.141178802,0.285157889,0.701818705,1,0.290664613,0.170857534,0.121387169,0.0938981399,0.0768516734,0.0649074018,0.0562618747,0.0495224707
