frame_index,packet_index,event_index,stage,frame_symbol_index,stage_symbol_index,start_sample,sf,bw,os_factor,cfo_int,cfo_frac,cfo_correction_mode,cfo_common_phase_rad,cfo_common_phase_pi,sto_frac,sfo_hat,sfo_cum_before,sfo_sample_adjust_after,raw_fft_bin,signed_fft_bin,symbol_value,peak_real,peak_imag,peak_amp,peak_power,peak_phase,peak_margin_db,total_power,header_valid,payload_len,payload_cr,payload_has_crc,payload_ldro
0,0,0,header,0,0,1740686,11,125000.0,4,6,0.02680976130068302,continuous,0.0,0.0,0.42384065474257215,0.0015447021122874417,-0.07615934525742785,0,1745,-303,436,-19.781339645385742,24.676502227783203,31.62643135676074,1000.231201171875,2.246528288529803,21.074024633220446,1073.190084693697,1,33,1,1,1
0,0,0,header,1,1,1748878,11,125000.0,4,6,0.02680976130068302,continuous,37.86756254137096,12.053619522601366,0.42384065474257215,0.0015447021122874417,-0.07461464314514041,0,1393,-655,348,17.335798263549805,26.583097457885742,31.736272180108802,1007.1910400390625,0.9929208995049696,23.222306926240197,1073.6901128960544,1,33,1,1,1
0,0,0,header,2,2,1757070,11,125000.0,4,6,0.02680976130068302,continuous,75.73512508274192,24.107239045202732,0.42384065474257215,0.0015447021122874417,-0.07306994103285297,0,61,61,15,-31.097591400146484,4.750337600708008,31.458320015715476,989.6259155273438,2.9900086380555675,19.41104565808387,1076.1901556947087,1,33,1,1,1
0,0,0,header,3,3,1765262,11,125000.0,4,6,0.02680976130068302,continuous,113.60268762411287,36.1608585678041,0.42384065474257215,0.0015447021122874417,-0.07152523892056553,0,173,173,43,-31.522537231445312,1.9027577638626099,31.579911979228115,997.2907104492188,3.0813039827223365,20.00242106358575,1075.6900159266957,1,33,1,1,1
0,0,0,header,4,4,1773454,11,125000.0,4,6,0.02680976130068302,continuous,151.47025016548383,48.214478090405464,0.42384065474257215,0.0015447021122874417,-0.0699805368082781,0,1741,-307,435,7.256563186645508,30.63240623474121,31.480184577158866,991.0020141601562,1.3381924126665727,19.23139758351947,1071.0648989383913,1,33,1,1,1
0,0,0,header,5,5,1781646,11,125000.0,4,6,0.02680976130068302,continuous,189.33781270685478,60.26809761300682,0.42384065474257215,0.0015447021122874417,-0.06843583469599065,0,1657,-391,414,22.301307678222656,22.13570213317871,31.42192917514081,987.3375854492188,0.7816714324793705,20.346827902880428,1062.0642891321413,1,33,1,1,1
0,0,0,header,6,6,1789838,11,125000.0,4,6,0.02680976130068302,continuous,227.20537524822575,72.3217171356082,0.42384065474257215,0.0015447021122874417,-0.06689113258370322,0,1445,-603,361,30.630617141723633,-6.4068498611450195,31.293488645820677,979.2823486328125,-0.20619222897487832,21.917278372402286,1049.4384816509873,1,33,1,1,1
0,0,0,header,7,7,1798030,11,125000.0,4,6,0.02680976130068302,continuous,265.0729377895967,84.37533665820956,0.42384065474257215,0.0015447021122874417,-0.06534643047141578,0,697,697,174,-30.553173065185547,-8.23968505859375,31.644727747541022,1001.388916015625,-2.87817588599445,24.610324908680887,1067.8148084461473,1,33,1,1,1
0,0,0,payload,8,0,1806222,11,125000.0,4,6,0.02680976130068302,continuous,302.94050033096767,96.42895618081093,0.42384065474257215,0.0015447021122874417,-0.06380172835912834,0,1605,-443,401,27.85976791381836,-14.353999137878418,31.340133367011017,982.2039794921875,-0.4757518782697248,20.27762708320381,1057.3139693669727,1,33,1,1,1
0,0,0,payload,9,1,1814414,11,125000.0,4,6,0.02680976130068302,continuous,340.8080628723386,108.48257570341228,0.42384065474257215,0.0015447021122874417,-0.0622570262468409,0,1649,-399,412,22.89674949645996,-21.39019203186035,31.333711121785456,981.8013916015625,-0.7513931797419628,19.304950057750002,1061.0641745815528,1,33,1,1,1
0,0,0,payload,10,2,1822606,11,125000.0,4,6,0.02680976130068302,continuous,378.67562541370955,120.53619522601365,0.42384065474257215,0.0015447021122874417,-0.060712324134553464,0,1229,-819,307,-25.060222625732422,-19.110551834106445,31.515519184289833,993.22802734375,-2.490085629182165,22.538176285632133,1059.4391832785168,1,33,1,1,1
0,0,0,payload,11,3,1830798,11,125000.0,4,6,0.02680976130068302,continuous,416.54318795508055,132.58981474861503,0.42384065474257215,0.0015447021122874417,-0.059167622022266025,0,1381,-667,345,-24.939218521118164,-19.00324249267578,31.354231702906095,983.0877685546875,-2.4904668898508784,22.905171590239,1053.5637685388465,1,33,1,1,1
0,0,0,payload,12,4,1838990,11,125000.0,4,6,0.02680976130068302,continuous,454.4107504964515,144.6434342712164,0.42384065474257215,0.0015447021122874417,-0.05762291990997859,0,2005,-43,501,14.196264266967773,-27.67573356628418,31.104342905284703,967.4801635742188,-1.0968425643870363,16.775589684216165,1076.9402564128395,1,33,1,1,1
0,0,0,payload,13,5,1847182,11,125000.0,4,6,0.02680976130068302,continuous,492.27831303782244,156.69705379381773,0.42384065474257215,0.0015447021122874417,-0.05607821779769115,0,1865,-183,466,-14.55040168762207,-27.442062377929688,31.060923631233813,964.7808837890625,-2.0583286750407277,16.827563689583325,1065.0644593616153,1,33,1,1,1
0,0,0,payload,14,6,1855374,11,125000.0,4,6,0.02680976130068302,continuous,530.1458755791934,168.75067331641912,0.42384065474257215,0.0015447021122874417,-0.05453351568540371,0,353,353,88,17.150766372680664,-26.287099838256836,31.38726501428177,985.1603393554688,-0.9927074359189451,17.937046492374016,1077.315212349975,1,33,1,1,1
0,0,0,payload,15,7,1863566,11,125000.0,4,6,0.02680976130068302,continuous,568.0134381205644,180.8042928390205,0.42384065474257215,0.0015447021122874417,-0.05298881357311627,0,1245,-803,311,13.282166481018066,28.855344772338867,31.765498081409394,1009.0469360351562,1.1394085413068085,21.772878946037785,1087.0659618392056,1,33,1,1,1
0,0,0,payload,16,8,1871758,11,125000.0,4,6,0.02680976130068302,continuous,605.8810006619353,192.85791236162186,0.42384065474257215,0.0015447021122874417,-0.051444111460828834,0,1921,-127,480,-25.904949188232422,16.947265625,30.956036642458127,958.276123046875,2.562263848188267,15.837961185318239,1073.0648890458197,1,33,1,1,1
0,0,0,payload,17,9,1879950,11,125000.0,4,6,0.02680976130068302,continuous,643.7485632033063,204.9115318842232,0.42384065474257215,0.0015447021122874417,-0.049899409348541396,0,941,941,235,13.720986366271973,-28.34578514099121,31.492046648680354,991.7490844726562,-1.1199839679039052,20.159432037112445,1075.940234138211,1,33,1,1,1
0,0,0,payload,18,10,1888142,11,125000.0,4,6,0.02680976130068302,continuous,681.6161257446772,216.96515140682456,0.42384065474257215,0.0015447021122874417,-0.04835470723625396,0,2017,-31,504,2.411090135574341,30.5556640625,30.650643744336232,939.4618530273438,1.4920513670416558,14.903460105671034,1073.6898656207995,1,33,1,1,1
0,0,0,payload,19,11,1896334,11,125000.0,4,6,0.02680976130068302,continuous,719.4836882860482,229.01877092942593,0.42384065474257215,0.0015447021122874417,-0.04681000512396652,0,9,9,2,19.327213287353516,23.57207489013672,30.482517745112006,929.183837890625,0.8840265741414655,14.650175376700307,1066.6895086597833,1,33,1,1,1
0,0,0,payload,20,12,1904526,11,125000.0,4,6,0.02680976130068302,continuous,757.3512508274191,241.0723904520273,0.42384065474257215,0.0015447021122874417,-0.04526530301167908,0,1369,-679,342,-12.968050003051758,-28.5933780670166,31.39668119666467,985.751708984375,-1.9965846855642877,18.11392284227547,1077.4403182065466,1,33,1,1,1
0,0,0,payload,21,13,1912718,11,125000.0,4,6,0.02680976130068302,continuous,795.2188133687902,253.1260099746287,0.42384065474257215,0.0015447021122874417,-0.04372060089939164,0,1653,-395,413,-10.995683670043945,-28.957469940185547,30.97483050330414,959.4400024414062,-1.9336972313280747,15.766313925009234,1073.0648836551986,1,33,1,1,1
0,0,0,payload,22,14,1920910,11,125000.0,4,6,0.02680976130068302,continuous,833.0863759101611,265.17962949723005,0.42384065474257215,0.0015447021122874417,-0.042175898787104205,0,2029,-19,507,-1.387632966041565,-30.482311248779297,30.513879207926056,931.0969848632812,-1.6162874843522028,14.122018986818844,1075.5651893571967,1,33,1,1,1
0,0,0,payload,23,15,1929102,11,125000.0,4,6,0.02680976130068302,continuous,870.953938451532,277.2332490198314,0.42384065474257215,0.0015447021122874417,-0.040631196674816766,0,169,169,42,-9.351693153381348,-29.05509376525879,30.52298541334022,931.6527709960938,-1.882186231896055,14.391316330239798,1067.0647365351597,1,33,1,1,1
0,0,0,payload,24,16,1937294,11,125000.0,4,6,0.02680976130068302,continuous,908.821500992903,289.2868685424328,0.42384065474257215,0.0015447021122874417,-0.03908649456252933,0,333,333,83,-19.834781646728516,-23.57389259338379,30.808229013979258,949.14697265625,-2.2702691693445214,14.894349853822455,1075.065137569628,1,33,1,1,1
0,0,0,payload,25,17,1945486,11,125000.0,4,6,0.02680976130068302,continuous,946.6890635342739,301.34048806503415,0.42384065474257215,0.0015447021122874417,-0.03754179245024189,0,777,777,194,-7.674948692321777,-30.304546356201172,31.261323824894514,977.2703857421875,-1.8188414618243898,16.07892868931113,1090.1909884038378,1,33,1,1,1
0,0,0,payload,26,18,1953678,11,125000.0,4,6,0.02680976130068302,continuous,984.5566260756449,313.39410758763546,0.42384065474257215,0.0015447021122874417,-0.03599709033795445,0,1649,-399,412,30.61725616455078,-2.7302730083465576,30.738750230707634,944.8706665039062,-0.08893906857516624,14.875840359514623,1074.0649819417176,1,33,1,1,1
0,0,0,payload,27,19,1961870,11,125000.0,4,6,0.02680976130068302,continuous,1022.4241886170158,325.4477271102368,0.42384065474257215,0.0015447021122874417,-0.03445238822566701,0,293,293,73,14.918283462524414,26.45458221435547,30.371040509082366,922.4000854492188,1.0573283832562144,13.761310867180379,1066.9395827112148,1,33,1,1,1
0,0,0,payload,28,20,1970062,11,125000.0,4,6,0.02680976130068302,continuous,1060.291751158387,337.50134663283825,0.42384065474257215,0.0015447021122874417,-0.032907686113379575,0,1161,-887,290,-27.79496192932129,13.156022071838379,30.751273557482435,945.6407470703125,2.699512685059415,14.973657121318539,1074.3149476176259,1,33,1,1,1
0,0,0,payload,29,21,1978254,11,125000.0,4,6,0.02680976130068302,continuous,1098.1593136997578,349.5549661554396,0.42384065474257215,0.0015447021122874417,-0.03136298400109214,0,1309,-739,327,-15.634145736694336,26.185022354125977,30.49724427882419,930.0819091796875,2.109054532133008,14.133091616652141,1063.314400572134,1,33,1,1,1
0,0,0,payload,30,22,1986446,11,125000.0,4,6,0.02680976130068302,continuous,1136.0268762411288,361.608585678041,0.42384065474257215,0.0015447021122874417,-0.029818281888804695,0,1685,-363,421,-17.67605209350586,24.659204483032227,30.340059053145062,920.5191040039062,2.192717654567892,13.413124833904186,1069.3147080206331,1,33,1,1,1
0,0,0,payload,31,23,1994638,11,125000.0,4,6,0.02680976130068302,continuous,1173.8944387824997,373.66220520064235,0.42384065474257215,0.0015447021122874417,-0.028273579776517253,0,1833,-215,458,0.5466557741165161,29.70787239074707,29.71290148269413,882.8565673828125,1.5523973623536667,12.550722735626925,1048.438518216144,1,33,1,1,1
0,0,0,payload,32,24,2002830,11,125000.0,4,6,0.02680976130068302,continuous,1211.7620013238707,385.7158247232437,0.42384065474257215,0.0015447021122874417,-0.02672887766422981,0,2009,-39,502,17.219003677368164,24.22576332092285,29.721737770907495,883.3816528320312,0.952877099702991,12.260790477686212,1062.3142959571906,1,33,1,1,1
0,0,0,payload,33,25,2011022,11,125000.0,4,6,0.02680976130068302,continuous,1249.6295638652416,397.769444245845,0.42384065474257215,0.0015447021122874417,-0.02518417555194237,0,969,969,242,-29.11675453186035,8.30242919921875,30.277313703111947,916.7156982421875,2.8638215470171917,12.93432621283232,1076.9401386523734,1,33,1,1,1
0,0,0,payload,34,26,2019214,11,125000.0,4,6,0.02680976130068302,continuous,1287.4971264066126,409.8230637684464,0.42384065474257215,0.0015447021122874417,-0.023639473439654928,0,1633,-415,408,-25.314109802246094,-15.92612361907959,29.9072828690668,894.4456176757812,-2.5800216678596115,12.293757308731212,1066.064609932709,1,33,1,1,1
0,0,0,payload,35,27,2027406,11,125000.0,4,6,0.02680976130068302,continuous,1325.3646889479835,421.87668329104775,0.42384065474257215,0.0015447021122874417,-0.022094771327367486,0,421,421,105,9.31971549987793,-28.577911376953125,30.059176896043773,903.5541381835938,-1.255555332438148,12.274480693130787,1078.065242559096,1,33,1,1,1
0,0,0,payload,36,28,2035598,11,125000.0,4,6,0.02680976130068302,continuous,1363.2322514893544,433.9303028136491,0.42384065474257215,0.0015447021122874417,-0.020550069215080045,0,385,385,96,-26.143325805664062,-14.47240161895752,29.881832152689444,892.9237670898438,-2.636005643332854,11.6542605113982,1078.1900596233463,1,33,1,1,1
0,0,0,payload,37,29,2043790,11,125000.0,4,6,0.02680976130068302,continuous,1401.0998140307254,445.9839223362505,0.42384065474257215,0.0015447021122874417,-0.019005367102792603,0,677,677,169,-29.885225296020508,-2.8877556324005127,30.024420453796687,901.4660034179688,-3.045263515903945,11.909533965317827,1080.5656094883634,1,33,1,1,1
0,0,0,payload,38,30,2051982,11,125000.0,4,6,0.02680976130068302,continuous,1438.9673765720963,458.03754185885185,0.42384065474257215,0.0015447021122874417,-0.01746066499050516,0,857,857,214,-23.499488830566406,18.368553161621094,29.82666123704119,889.6297607421875,2.4781366217151457,11.668630931159145,1075.440149484838,1,33,1,1,1
0,0,0,payload,39,31,2060174,11,125000.0,4,6,0.02680976130068302,continuous,1476.8349391134673,470.0911613814532,0.42384065474257215,0.0015447021122874417,-0.01591596287821772,0,933,933,233,5.712057590484619,29.169065475463867,29.72308837636007,883.4619140625,1.3774175573444956,11.016947672378304,1080.8153947559274,1,33,1,1,1
0,0,0,payload,40,32,2068366,11,125000.0,4,6,0.02680976130068302,continuous,1514.7025016548382,482.1447809040546,0.42384065474257215,0.0015447021122874417,-0.014371260765930278,0,1609,-439,402,-14.304908752441406,25.8209228515625,29.518646163434006,871.3504638671875,2.0767088487007097,10.953275373437883,1073.814967540612,1,33,1,1,1
0,0,0,payload,41,33,2076558,11,125000.0,4,6,0.02680976130068302,continuous,1552.5700641962094,494.198400426656,0.42384065474257215,0.0015447021122874417,-0.012826558653642836,0,445,445,111,-28.625181198120117,-6.672534465789795,29.392579247530527,863.9237670898438,-2.9125818606252083,10.86933302941183,1070.6898959733635,1,33,1,1,1
0,0,0,payload,42,34,2084750,11,125000.0,4,6,0.02680976130068302,continuous,1590.4376267375803,506.2520199492574,0.42384065474257215,0.0015447021122874417,-0.011281856541355394,0,2033,-15,508,25.106718063354492,14.646868705749512,29.06678611054609,844.8780517578125,0.5281125804071538,10.507578194635217,1073.690077894272,1,33,1,1,1
0,0,0,payload,43,35,2092942,11,125000.0,4,6,0.02680976130068302,continuous,1628.3051892789513,518.3056394718587,0.42384065474257215,0.0015447021122874417,-0.009737154429067953,0,1729,-319,432,-8.494543075561523,-27.827983856201172,29.09560014097601,846.5538330078125,-1.8670643249405894,10.276847417868014,1071.8148164548584,1,33,1,1,1
0,0,0,payload,44,36,2101134,11,125000.0,4,6,0.02680976130068302,continuous,1666.1727518203222,530.3592589944601,0.42384065474257215,0.0015447021122874417,-0.008192452316780511,0,1373,-675,343,-7.183171272277832,28.165264129638672,29.066820483485778,844.8800048828125,1.820509608601695,10.104062319898636,1071.3148628898598,1,33,1,1,1
0,0,0,payload,45,37,2109326,11,125000.0,4,6,0.02680976130068302,continuous,1704.0403143616932,542.4128785170615,0.42384065474257215,0.0015447021122874417,-0.006647750204493069,0,41,41,10,-23.039018630981445,17.44568634033203,28.89893339491888,835.1483764648438,2.4934845109372135,10.046329603896748,1071.9399066822625,1,33,1,1,1
0,0,0,payload,46,38,2117518,11,125000.0,4,6,0.02680976130068302,continuous,1741.907876903064,554.4664980396628,0.42384065474257215,0.0015447021122874417,-0.0051030480922056275,0,1613,-435,403,25.11063575744629,-14.376212120056152,28.934745602199264,837.2195434570312,-0.5199646256573656,9.723033840714027,1076.0651376672608,1,33,1,1,1
0,0,0,payload,47,39,2125710,11,125000.0,4,6,0.02680976130068302,continuous,1779.775439444435,566.5201175622642,0.42384065474257215,0.0015447021122874417,-0.0035583459799181857,0,2025,-23,506,19.16389274597168,-21.36330223083496,28.69922415998565,823.6453857421875,-0.8396149439767527,9.55164172856161,1073.6899668890528,1,33,1,1,1
1,2,2,header,0,0,6741653,11,125000.0,4,5,-0.02962098829448223,continuous,0.0,0.0,-0.2246457988240017,0.0012739335174557919,0.025354201175998292,0,1745,-303,436,-16.187694549560547,20.64877700805664,26.237634168467263,688.4134521484375,2.235676351080118,29.023331993140502,759.1709698367249,1,33,1,1,1
1,2,2,header,1,1,6749845,11,125000.0,4,5,-0.02962098829448223,continuous,31.2298123774619,9.940758023411036,-0.2246457988240017,0.0012739335174557919,0.026628134693454084,0,1393,-655,348,-12.50031852722168,23.16429901123047,26.321905553430103,692.8427734375,2.0656486914763126,24.55640256932742,763.4212432161148,1,33,1,1,1
1,2,2,header,2,2,6758037,11,125000.0,4,5,-0.02962098829448223,continuous,62.4596247549238,19.88151604682207,-0.2246457988240017,0.0012739335174557919,0.027902068210909875,0,61,61,15,-8.118851661682129,25.2098331451416,26.484928535117454,701.4515380859375,1.882358637181966,30.96469479207881,771.4218697497636,1,33,1,1,1
1,2,2,header,3,3,6766229,11,125000.0,4,5,-0.02962098829448223,continuous,93.6894371323857,29.822274070233107,-0.2246457988240017,0.0012739335174557919,0.029176001728365666,0,173,173,43,-2.962887763977051,26.344892501831055,26.510980080618655,702.8320922851562,1.6827910799457388,30.12487640689585,783.547427685937,1,33,1,1,1
1,2,2,header,4,4,6774421,11,125000.0,4,5,-0.02962098829448223,continuous,124.9192495098476,39.76303209364414,-0.2246457988240017,0.0012739335174557919,0.030449935245821458,0,1741,-307,435,3.569946527481079,26.33478546142578,26.575655090860824,706.2654418945312,1.4360575508065063,27.268123565779856,783.0473999372322,1,33,1,1,1
1,2,2,header,5,5,6782613,11,125000.0,4,5,-0.02962098829448223,continuous,156.1490618873095,49.70379011705518,-0.2246457988240017,0.0012739335174557919,0.03172386876327725,0,1657,-391,414,10.9229154586792,24.723875045776367,27.029244891350857,730.580078125,1.1547855420018711,25.406675953542553,804.6737424423081,1,33,1,1,1
1,2,2,header,6,6,6790805,11,125000.0,4,5,-0.02962098829448223,continuous,187.3788742647714,59.64454814046621,-0.2246457988240017,0.0012739335174557919,0.03299780228073304,0,1445,-603,361,18.19980812072754,20.60043716430664,27.488379853891832,755.611083984375,0.8471908859642777,21.797067883439393,831.3004165213579,1,33,1,1,1
1,2,2,header,7,7,6798997,11,125000.0,4,5,-0.02962098829448223,continuous,218.6086866422333,69.58530616387725,-0.2246457988240017,0.0012739335174557919,0.03427173579818883,0,697,697,174,23.970386505126953,13.627918243408203,27.573530511238317,760.299560546875,0.5169593937461087,19.17501401807237,843.8010139734552,1,33,1,1,1
1,2,2,payload,8,0,6807189,11,125000.0,4,5,-0.02962098829448223,continuous,249.8384990196952,79.52606418728828,-0.2246457988240017,0.0012739335174557919,0.035545669315644624,0,1605,-443,401,27.864286422729492,3.710664987564087,28.110273789094283,790.1874389648438,0.13239027148493215,21.231868584007806,868.5525419773439,1,33,1,1,1
1,2,2,payload,9,1,6815381,11,125000.0,4,5,-0.02962098829448223,continuous,281.0683113971571,89.46682221069932,-0.2246457988240017,0.0012739335174557919,0.036819602833100415,0,1421,-627,355,26.836545944213867,-7.721926212310791,27.925406758797163,779.828369140625,-0.28017074490646715,19.36496128643091,863.6773146556716,1,33,1,1,1
1,2,2,payload,10,2,6823573,11,125000.0,4,5,-0.02962098829448223,continuous,312.298123774619,99.40758023411036,-0.2246457988240017,0.0012739335174557919,0.038093536350556206,0,1329,-719,332,20.42098617553711,-18.027008056640625,27.23948780457635,741.9896240234375,-0.7232130859722933,17.955026383656538,833.8003911200649,1,33,1,1,1
1,2,2,payload,11,3,6831765,11,125000.0,4,5,-0.02962098829448223,continuous,343.5279361520809,109.34833825752138,-0.2246457988240017,0.0012739335174557919,0.039367469868012,0,1381,-667,345,9.522411346435547,-25.62890625,27.340759927661367,747.5170288085938,-1.2150540401150445,18.329419755768598,838.6756384421865,1,33,1,1,1
1,2,2,payload,12,4,6839957,11,125000.0,4,5,-0.02962098829448223,continuous,374.7577485295428,119.28909628093243,-0.2246457988240017,0.0012739335174557919,0.04064140338546779,0,2005,-43,501,-4.714846611022949,-27.03807258605957,27.446077091899685,753.2871704101562,-1.7434384693464506,25.93410621153719,824.1749306684069,1,33,1,1,1
1,2,2,payload,13,5,6848149,11,125000.0,4,5,-0.02962098829448223,continuous,405.9875609070047,129.22985430434346,-0.2246457988240017,0.0012739335174557919,0.04191533690292358,0,1865,-183,466,-17.859209060668945,-20.200992584228516,26.963520720794886,727.031494140625,-2.29474355232841,24.863547387063637,806.6738752659603,1,33,1,1,1
1,2,2,payload,14,6,6856341,11,125000.0,4,5,-0.02962098829448223,continuous,437.2173732844666,139.1706123277545,-0.2246457988240017,0.0012739335174557919,0.04318927042037937,0,353,353,88,-25.521373748779297,-6.660624027252197,26.376209554393714,695.7042846679688,-2.8863048166482863,20.45889366449589,785.7974193675054,1,33,1,1,1
1,2,2,payload,15,7,6864533,11,125000.0,4,5,-0.02962098829448223,continuous,468.44718566192853,149.11137035116553,-0.2246457988240017,0.0012739335174557919,0.04446320393783516,0,1245,-803,311,-24.063875198364258,9.503901481628418,25.872654153274443,669.3942260742188,2.7654518218733872,15.009050468177525,779.5472200431268,1,33,1,1,1
1,2,2,payload,16,8,6872725,11,125000.0,4,5,-0.02962098829448223,continuous,499.6769980393904,159.05212837457657,-0.2246457988240017,0.0012739335174557919,0.045737137455290955,0,1921,-127,480,-13.50323486328125,22.378002166748047,26.13641774895547,683.1123046875,2.1137234893273735,24.312506302630062,766.046413219924,1,33,1,1,1
1,2,2,payload,17,9,6880917,11,125000.0,4,5,-0.02962098829448223,continuous,530.9068104168523,168.9928863979876,-0.2246457988240017,0.0012739335174557919,0.047011070972746746,0,941,941,235,3.4541749954223633,24.752344131469727,24.992196080010753,624.6098022460938,1.4321423417955998,14.116520714987445,744.2949257419859,1,33,1,1,1
1,2,2,payload,18,10,6889109,11,125000.0,4,5,-0.02962098829448223,continuous,562.1366227943142,178.93364442139864,-0.2246457988240017,0.0012739335174557919,0.04828500449020254,0,2017,-31,504,19.218015670776367,16.86968994140625,25.57183147608691,653.9185180664062,0.7204170443591948,24.078741200342975,733.5443795613483,1,33,1,1,1
1,2,2,payload,19,11,6897301,11,125000.0,4,5,-0.02962098829448223,continuous,593.3664351717761,188.87440244480965,-0.2246457988240017,0.0012739335174557919,0.04955893800765833,0,9,9,2,25.221982955932617,-1.0377435684204102,25.243322601098956,637.225341796875,-0.04112121472103279,24.277743626997655,713.7932364364929,1,33,1,1,1
1,2,2,payload,20,12,6905493,11,125000.0,4,5,-0.02962098829448223,continuous,624.596247549238,198.8151604682207,-0.2246457988240017,0.0012739335174557919,0.05083287152511412,0,1369,-679,342,15.596487998962402,-17.856460571289062,23.708724597408843,562.1036376953125,-0.8528524221542391,14.247349365102934,682.2913437739935,1,33,1,1,1
1,2,2,payload,21,13,6913685,11,125000.0,4,5,-0.02962098829448223,continuous,655.8260599266999,208.75591849163175,-0.2246457988240017,0.0012739335174557919,0.05210680504256991,0,1653,-395,413,-2.688947916030884,-23.473081588745117,23.6265951877754,558.216064453125,-1.6848536794626647,16.49391123161562,665.9154445652757,1,33,1,1,1
1,2,2,payload,22,14,6921877,11,125000.0,4,5,-0.02962098829448223,continuous,687.0558723041618,218.69667651504275,-0.2246457988240017,0.0012739335174557919,0.0533807385600257,0,2029,-19,507,-20.1044921875,-13.785414695739746,24.376797666034108,594.2282104492188,-2.5405365868852985,21.815249150259962,673.6657605820919,1,33,1,1,1
1,2,2,payload,23,15,6930069,11,125000.0,4,5,-0.02962098829448223,continuous,718.2856846816237,228.63743453845382,-0.2246457988240017,0.0012739335174557919,0.054654672077481495,0,169,169,42,-22.912952423095703,6.767672538757324,23.891521097136057,570.8048706054688,2.854394026287386,19.910816655782085,665.7904530380088,1,33,1,1,1
1,2,2,payload,24,16,6938261,11,125000.0,4,5,-0.02962098829448223,continuous,749.5154970590856,238.57819256186485,-0.2246457988240017,0.0012739335174557919,0.055928605594937286,0,333,333,83,-8.318829536437988,21.62563705444336,23.17047912467126,536.87109375,1.9380215931842295,16.880338677064557,644.7890135347989,1,33,1,1,1
1,2,2,payload,25,17,6946453,11,125000.0,4,5,-0.02962098829448223,continuous,780.7453094365475,248.51895058527586,-0.2246457988240017,0.0012739335174557919,0.05720253911239308,0,777,777,194,12.624469757080078,18.393898010253906,22.30947602833944,497.7127685546875,0.96929703320004,12.529030109147607,629.0381925107549,1,33,1,1,1
1,2,2,payload,26,18,6954645,11,125000.0,4,5,-0.02962098829448223,continuous,811.9751218140094,258.4597086086869,-0.2246457988240017,0.0012739335174557919,0.05847647262984887,0,1649,-399,412,23.135969161987305,0.031961895525455475,23.135991239348122,535.2741088867188,0.0013814798493515094,15.102933432535693,652.039517093739,1,33,1,1,1
1,2,2,payload,27,19,6962837,11,125000.0,4,5,-0.02962098829448223,continuous,843.2049341914714,268.40046663209796,-0.2246457988240017,0.0012739335174557919,0.05975040614730466,0,293,293,73,12.4883394241333,-19.73127555847168,23.351270987608018,545.28173828125,-1.0065212504931282,15.811275807434189,658.0397628979426,1,33,1,1,1
1,2,2,payload,28,20,6971029,11,125000.0,4,5,-0.02962098829448223,continuous,874.4347465689332,278.341224655509,-0.2246457988240017,0.0012739335174557919,0.06102433966476045,0,1161,-887,290,-10.423836708068848,-20.285823822021484,22.807258052088986,520.1709594726562,-2.045461124257141,11.091792828866236,675.2908589137169,1,33,1,1,1
1,2,2,payload,29,21,6979221,11,125000.0,4,5,-0.02962098829448223,continuous,905.6645589463951,288.28198267892003,-0.2246457988240017,0.0012739335174557919,0.06229827318221624,0,1309,-739,327,-23.20073127746582,-0.9893619418144226,23.22181665721034,539.2528076171875,-3.0989749070248878,11.408565399828156,696.4172325524523,1,33,1,1,1
1,2,2,payload,30,22,6987413,11,125000.0,4,5,-0.02962098829448223,continuous,936.8943713238571,298.22274070233107,-0.2246457988240017,0.0012739335174557919,0.06357220669967203,0,1685,-363,421,-11.90705394744873,20.490968704223633,23.699319233786586,561.6577758789062,2.0971937877285027,14.256058470889318,690.166827383447,1,33,1,1,1
1,2,2,payload,31,23,6995605,11,125000.0,4,5,-0.02962098829448223,continuous,968.1241837013189,308.1634987257421,-0.2246457988240017,0.0012739335174557919,0.06484614021712783,0,1833,-215,458,13.429224014282227,20.22243309020996,24.27531375108864,589.290771484375,0.9845896972711186,16.598800784092585,708.5427988571937,1,33,1,1,1
1,2,2,payload,32,24,7003797,11,125000.0,4,5,-0.02962098829448223,continuous,999.3539960787808,318.10425674915314,-0.2246457988240017,0.0012739335174557919,0.06612007373458362,0,2009,-39,502,25.320985794067383,-4.1745429039001465,25.662796613772734,658.5792236328125,-0.16339513937769148,19.10519855805335,755.7958542671186,1,33,1,1,1
1,2,2,payload,33,25,7011989,11,125000.0,4,5,-0.02962098829448223,continuous,1030.5838084562427,328.0450147725641,-0.2246457988240017,0.0012739335174557919,0.06739400725203941,0,969,969,242,5.262991428375244,-23.424476623535156,24.008439846472662,576.4052124023438,-1.3497872978598549,9.158759730807846,775.5469257898803,1,33,1,1,1
1,2,2,payload,34,26,7020181,11,125000.0,4,5,-0.02962098829448223,continuous,1061.8136208337046,337.9857727959752,-0.2246457988240017,0.0012739335174557919,0.0686679407694952,0,1633,-415,408,-21.31970977783203,-13.952003479003906,25.479176322815537,649.1884155273438,-2.5621178464955534,12.810911328862478,808.9239332816433,1,33,1,1,1
1,2,2,payload,35,27,7028373,11,125000.0,4,5,-0.02962098829448223,continuous,1093.0434332111665,347.92653081938624,-0.2246457988240017,0.0012739335174557919,0.06994187428695099,0,421,421,105,-20.402767181396484,15.162829399108887,25.42015546854012,646.184326171875,2.502473781806564,12.388117433207553,818.4245835410984,1,33,1,1,1
1,2,2,payload,36,28,7036565,11,125000.0,4,5,-0.02962098829448223,continuous,1124.2732455886285,357.8672888427973,-0.2246457988240017,0.0012739335174557919,0.07121580780440678,0,385,385,96,8.618590354919434,24.282604217529297,25.766741495406087,663.9249267578125,1.2297375509939399,12.58894047146384,836.6756344763426,1,33,1,1,1
1,2,2,payload,37,29,7044757,11,125000.0,4,5,-0.02962098829448223,continuous,1155.5030579660904,367.8080468662083,-0.2246457988240017,0.0012739335174557919,0.07248974132186257,0,677,677,169,25.470054626464844,-1.873372197151184,25.53885678851272,652.2332153320312,-0.07341974339918336,9.930660641563598,864.4273570702044,1,33,1,1,1
1,2,2,payload,38,30,7052949,11,125000.0,4,5,-0.02962098829448223,continuous,1186.7328703435521,377.7488048896193,-0.2246457988240017,0.0012739335174557919,0.07376367483931837,0,1189,-859,297,4.253804683685303,-24.878938674926758,25.239977097408573,637.0564575195312,-1.401453704208516,8.43822806303036,875.9280092936106,1,33,1,1,1
1,2,2,payload,39,31,7061141,11,125000.0,4,5,-0.02962098829448223,continuous,1217.962682721014,387.68956291303033,-0.2246457988240017,0.0012739335174557919,0.07503760835677416,0,933,933,233,-23.439022064208984,-8.975198745727539,25.098644342907942,629.9418334960938,-2.7758992288108177,8.053283508110038,884.0534297199338,1,33,1,1,1
1,2,2,payload,40,32,7069333,11,125000.0,4,5,-0.02962098829448223,continuous,1249.192495098476,397.6303209364414,-0.2246457988240017,0.0012739335174557919,0.07631154187422995,0,1609,-439,402,-13.758785247802734,22.334611892700195,26.232404767628513,688.1389770507812,2.1229191005314183,10.768168064519193,892.6790011042121,1,33,1,1,1
1,2,2,payload,41,33,7077525,11,125000.0,4,5,-0.02962098829448223,continuous,1280.422307475938,407.57107895985246,-0.2246457988240017,0.0012739335174557919,0.07758547539168574,0,321,321,80,19.96828842163086,17.365629196166992,26.463136999762604,700.297607421875,0.7157977726449527,11.869734693729521,895.1792222260782,1,33,1,1,1
1,2,2,payload,42,34,7085717,11,125000.0,4,5,-0.02962098829448223,continuous,1311.6521198533999,417.5118369832635,-0.2246457988240017,0.0012739335174557919,0.07885940890914153,0,2033,-15,508,20.695606231689453,-18.923933029174805,28.043240871729438,786.4232788085938,-0.7407107753870227,16.68462356546166,902.0545857268448,1,33,1,1,1
1,2,2,payload,43,35,7093909,11,125000.0,4,5,-0.02962098829448223,continuous,1342.8819322308618,427.4525950066745,-0.2246457988240017,0.0012739335174557919,0.08013334242659732,0,1737,-311,434,-16.8974552154541,-20.689212799072266,26.71268460869429,713.5675048828125,-2.2556542444347705,12.03435485761702,910.1800608014564,1,33,1,1,1
1,2,2,payload,44,36,7102101,11,125000.0,4,5,-0.02962098829448223,continuous,1374.1117446083235,437.3933530300855,-0.2246457988240017,0.0012739335174557919,0.08140727594405311,0,1373,-675,343,-20.383886337280273,15.112312316894531,25.37488533519952,643.8848876953125,2.5036278325329557,7.8352068471893155,920.1808080805333,1,33,1,1,1
1,2,2,payload,45,37,7110293,11,125000.0,4,5,-0.02962098829448223,continuous,1405.3415569857855,447.33411105349654,-0.2246457988240017,0.0012739335174557919,0.0826812094615089,0,2005,-43,501,16.096651077270508,23.301834106445312,28.320975418012914,802.0776977539062,0.966279017501691,15.438358983282702,932.9314691848565,1,33,1,1,1
1,2,2,payload,46,38,7118485,11,125000.0,4,5,-0.02962098829448223,continuous,1436.5713693632474,457.27486907690763,-0.2246457988240017,0.0012739335174557919,0.0839551429789647,0,945,945,236,20.51805877685547,-14.102091789245605,24.896982323221504,619.8597412109375,-0.6021525172026829,6.458610944135118,936.0566917125689,1,33,1,1,1
1,2,2,payload,47,39,7126677,11,125000.0,4,5,-0.02962098829448223,continuous,1467.8011817407094,467.21562710031867,-0.2246457988240017,0.0012739335174557919,0.08522907649642049,0,1513,-535,378,-15.337372779846191,-20.487430572509766,25.592378069483395,654.9698486328125,-2.213415918345451,8.545004813090085,921.3057910031575,1,33,1,1,1
2,4,4,header,0,0,11742776,11,125000.0,4,5,-0.07194936275482178,continuous,0.0,0.0,-0.01816169736319745,0.0012630845389699555,-0.01816169736319745,0,1745,-303,436,16.388423919677734,-9.264957427978516,18.826042460201762,354.41986083984375,-0.5145408020793957,27.34979884234175,421.52550076798116,1,33,1,1,1
2,4,4,header,1,1,11750968,11,125000.0,4,5,-0.07194936275482178,continuous,30.963855356975902,9.856101274490356,-0.01816169736319745,0.0012630845389699555,-0.016898612824227492,0,1393,-655,348,14.459129333496094,-12.128460884094238,18.872360331971493,356.1659851074219,-0.6979616574889345,30.583080272836348,407.8997075008391,1,33,1,1,1
2,4,4,header,2,2,11759160,11,125000.0,4,5,-0.07194936275482178,continuous,61.927710713951804,19.712202548980713,-0.01816169736319745,0.0012630845389699555,-0.015635528285257536,0,61,61,15,11.739870071411133,-14.74699592590332,18.849361743364785,355.2984924316406,-0.8984468182505141,30.264063348831634,393.3988654854393,1,33,1,1,1
2,4,4,header,3,3,11767352,11,125000.0,4,5,-0.07194936275482178,continuous,92.89156607092771,29.568303823471073,-0.01816169736319745,0.0012630845389699555,-0.01437244374628758,0,173,173,43,8.360785484313965,-16.74808120727539,18.718999920941457,350.4009704589844,-1.1077820710707502,30.35272688761824,389.5235985850668,1,33,1,1,1
2,4,4,header,4,4,11775544,11,125000.0,4,5,-0.07194936275482178,continuous,123.85542142790361,39.424405097961426,-0.01816169736319745,0.0012630845389699555,-0.013109359207317626,0,1741,-307,435,4.310656547546387,-17.99542236328125,18.50451258217269,342.4169921875,-1.3356846002946647,27.24280258074748,380.14799908148325,1,33,1,1,1
2,4,4,header,5,5,11783736,11,125000.0,4,5,-0.07194936275482178,continuous,154.81927678487952,49.28050637245179,-0.01816169736319745,0.0012630845389699555,-0.011846274668347671,0,1657,-391,414,-0.5547705292701721,-18.60906982421875,18.617337351586976,346.60528564453125,-1.6005993353358,28.485528718979715,383.77325756045593,1,33,1,1,1
2,4,4,header,6,6,11791928,11,125000.0,4,5,-0.07194936275482178,continuous,185.78313214185542,59.136607646942146,-0.01816169736319745,0.0012630845389699555,-0.010583190129377716,0,1445,-603,361,-6.138324737548828,-17.563587188720703,18.60533862952776,346.15863037109375,-1.9070180831992438,25.346398928897838,383.3982222138129,1,33,1,1,1
2,4,4,header,7,7,11800120,11,125000.0,4,5,-0.07194936275482178,continuous,216.74698749883132,68.9927089214325,-0.01816169736319745,0.0012630845389699555,-0.009320105590407761,0,697,697,174,-11.607999801635742,-14.500137329101562,18.574165982826255,344.9996032714844,-2.2458689666509635,23.36319265377606,387.02342051727965,1,33,1,1,1
2,4,4,payload,8,0,11808312,11,125000.0,4,5,-0.07194936275482178,continuous,247.71084285580721,78.84881019592285,-0.01816169736319745,0.0012630845389699555,-0.008057021051437806,0,1605,-443,401,-16.118011474609375,-9.1920804977417,18.55490872444817,344.2846374511719,-2.6232987261992897,24.62482308631074,383.3982062259479,1,33,1,1,1
2,4,4,payload,9,1,11816504,11,125000.0,4,5,-0.07194936275482178,continuous,278.67469821278314,88.70491147041322,-0.01816169736319745,0.0012630845389699555,-0.006793936512467851,0,1649,-399,412,-18.35540771484375,-1.9216948747634888,18.455728204810498,340.6139221191406,-3.037279001769738,23.65630919865666,379.8980266241033,1,33,1,1,1
2,4,4,payload,10,2,11824696,11,125000.0,4,5,-0.07194936275482178,continuous,309.63855356975904,98.56101274490358,-0.01816169736319745,0.0012630845389699555,-0.005530851973497895,0,1329,-719,332,-17.338586807250977,6.146167755126953,18.395705220152337,338.4019470214844,2.800933074040156,22.84294754374742,378.14786022962835,1,33,1,1,1
2,4,4,payload,11,3,11832888,11,125000.0,4,5,-0.07194936275482178,continuous,340.60240892673494,108.41711401939394,-0.01816169736319745,0.0012630845389699555,-0.004267767434527939,0,1381,-667,345,-12.890899658203125,13.303875923156738,18.524805223715877,343.16839599609375,2.34043019959426,21.366205096413733,384.89828735083915,1,33,1,1,1
2,4,4,payload,12,4,11841080,11,125000.0,4,5,-0.07194936275482178,continuous,371.56626428371084,118.27321529388429,-0.01816169736319745,0.0012630845389699555,-0.0030046828955579835,0,1961,-87,490,-5.152961254119873,17.637414932250977,18.3747493909128,337.6314392089844,1.8550457686467297,24.052851727499256,378.14791492931954,1,33,1,1,1
2,4,4,payload,13,5,11849272,11,125000.0,4,5,-0.07194936275482178,continuous,402.53011964068673,128.12931656837463,-0.01816169736319745,0.0012630845389699555,-0.001741598356588028,0,1865,-183,466,4.107513427734375,17.823862075805664,18.291028562012624,334.5617370605469,1.344300354750224,22.939526089156033,375.0227195030202,1,33,1,1,1
2,4,4,payload,14,6,11857464,11,125000.0,4,5,-0.07194936275482178,continuous,433.49397499766263,137.985417842865,-0.01816169736319745,0.0012630845389699555,-0.0004785138176180725,0,353,353,88,12.491573333740234,13.247720718383789,18.208281318798466,331.54156494140625,0.8147668777393648,20.87881837706447,375.0227596061619,1,33,1,1,1
2,4,4,payload,15,7,11865656,11,125000.0,4,5,-0.07194936275482178,continuous,464.45783035463853,147.84151911735535,-0.01816169736319745,0.0012630845389699555,0.000784570721351883,0,1245,-803,311,17.61175537109375,4.386316299438477,18.149757517112157,329.4136962890625,0.24409015330207132,19.239422023059262,375.2727214532059,1,33,1,1,1
2,4,4,payload,16,8,11873848,11,125000.0,4,5,-0.07194936275482178,continuous,495.42168571161443,157.6976203918457,-0.01816169736319745,0.0012630845389699555,0.0020476552603218385,0,1921,-127,480,16.84980583190918,-6.824940204620361,18.179542496159907,330.4957580566406,-0.38484847540164496,19.544114603956654,378.02291839634086,1,33,1,1,1
2,4,4,payload,17,9,11882040,11,125000.0,4,5,-0.07194936275482178,continuous,526.3855410685903,167.55372166633606,-0.01816169736319745,0.0012630845389699555,0.0033107397992917943,0,941,941,235,9.167133331298828,-15.596207618713379,18.090827112098086,327.2779846191406,-1.0394108448129509,17.14755918257228,377.52281931348824,1,33,1,1,1
2,4,4,payload,18,10,11890232,11,125000.0,4,5,-0.07194936275482178,continuous,557.3493964255663,177.40982294082644,-0.01816169736319745,0.0012630845389699555,0.00457382433826175,0,2017,-31,504,-2.6340410709381104,-17.926816940307617,18.119297391860673,328.3089294433594,-1.7166854264711644,21.042856721225093,372.0225164317071,1,33,1,1,1
2,4,4,payload,19,11,11898424,11,125000.0,4,5,-0.07194936275482178,continuous,588.3132517825421,187.26592421531677,-0.01816169736319745,0.0012630845389699555,0.005836908877231706,0,9,9,2,-13.62550163269043,-11.830924034118652,18.045084046452537,325.62506103515625,-2.426574111485899,19.215776770429372,373.0226148943384,1,33,1,1,1
2,4,4,payload,20,12,11906616,11,125000.0,4,5,-0.07194936275482178,continuous,619.2771071395181,197.12202548980716,-0.01816169736319745,0.0012630845389699555,0.007099993416201661,0,1369,-679,342,-17.76225471496582,0.8259713053703308,17.78144879239655,316.1799011230469,3.095124638526605,15.665671897400447,371.14741628973104,1,33,1,1,1
2,4,4,payload,21,13,11914808,11,125000.0,4,5,-0.07194936275482178,continuous,650.2409624964939,206.97812676429749,-0.01816169736319745,0.0012630845389699555,0.008363077955171617,0,1653,-395,413,-12.31292724609375,13.085028648376465,17.96736352658427,322.8261413574219,2.325803710450161,17.248770460043275,373.77261743027884,1,33,1,1,1
2,4,4,payload,22,14,11923000,11,125000.0,4,5,-0.07194936275482178,continuous,681.2048178534699,216.83422803878787,-0.01816169736319745,0.0012630845389699555,0.009626162494141572,0,2029,-19,507,0.8635131120681763,18.098936080932617,18.119523783929814,328.317138671875,1.5231217677366236,19.212944107556854,375.77278666785605,1,33,1,1,1
2,4,4,payload,23,15,11931192,11,125000.0,4,5,-0.07194936275482178,continuous,712.1686732104457,226.6903293132782,-0.01816169736319745,0.0012630845389699555,0.010889247033111527,0,169,169,42,14.130908966064453,11.521522521972656,18.232610055379453,332.4281005859375,0.6840260175990552,17.598660120099325,385.0233498395137,1,33,1,1,1
2,4,4,payload,24,16,11939384,11,125000.0,4,5,-0.07194936275482178,continuous,743.1325285674217,236.54643058776858,-0.01816169736319745,0.0012630845389699555,0.012152331572081482,0,333,333,83,17.956525802612305,-3.545656442642212,18.30323737782832,335.0084533691406,-0.19494996542745963,16.477183430554774,393.5237693292479,1,33,1,1,1
2,4,4,payload,25,17,11947576,11,125000.0,4,5,-0.07194936275482178,continuous,774.0963839243975,246.4025318622589,-0.01816169736319745,0.0012630845389699555,0.013415416111051437,0,777,777,194,8.840332984924316,-16.436824798583984,18.663351701762636,348.3206787109375,-1.0773392236090023,14.601718807676507,417.275201499639,1,33,1,1,1
2,4,4,payload,26,18,11955768,11,125000.0,4,5,-0.07194936275482178,continuous,805.0602392813735,256.25863313674927,-0.01816169736319745,0.0012630845389699555,0.014678500650021391,0,1649,-399,412,-8.443010330200195,-17.713510513305664,19.62276428388359,385.0528869628906,-2.0155838686453693,15.270451043106224,462.90297968975483,1,33,1,1,1
2,4,4,payload,27,19,11963960,11,125000.0,4,5,-0.07194936275482178,continuous,836.0240946383493,266.1147344112396,-0.01816169736319745,0.0012630845389699555,0.015941585188991348,0,293,293,73,-20.041418075561523,-3.29793119430542,20.310952430691597,412.53472900390625,-2.9784985117271647,15.473492539903953,499.4051789866535,1,33,1,1,1
2,4,4,payload,28,20,11972152,11,125000.0,4,5,-0.07194936275482178,continuous,866.9879499953253,275.97083568573,-0.01816169736319745,0.0012630845389699555,0.017204669727961305,0,1161,-887,290,-13.196414947509766,15.311129570007324,20.21326436220562,408.5760498046875,2.2821492343499457,12.784297052233084,513.406099153256,1,33,1,1,1
2,4,4,payload,29,21,11980344,11,125000.0,4,5,-0.07194936275482178,continuous,897.9518053523011,285.82693696022034,-0.01816169736319745,0.0012630845389699555,0.01846775426693126,0,1309,-739,327,6.117744445800781,18.646085739135742,19.624049288954804,385.10333251953125,1.253764900603804,13.014767179280062,479.27906092602007,1,33,1,1,1
2,4,4,payload,30,22,11988536,11,125000.0,4,5,-0.07194936275482178,continuous,928.9156607092771,295.6830382347107,-0.01816169736319745,0.0012630845389699555,0.019730838805901218,0,1685,-363,421,18.58477783203125,3.4246859550476074,18.897683481227546,357.1224060058594,0.18222941950074528,13.997674908302733,435.90136702449945,1,33,1,1,1
2,4,4,payload,31,23,11996728,11,125000.0,4,5,-0.07194936275482178,continuous,959.8795160662529,305.53913950920105,-0.01816169736319745,0.0012630845389699555,0.020993923344871174,0,1833,-215,458,10.9699125289917,-14.419174194335938,18.117714131212374,328.2515563964844,-0.9204275478428927,14.708388029759208,395.2739248809694,1,33,1,1,1
2,4,4,payload,32,24,12004920,11,125000.0,4,5,-0.07194936275482178,continuous,990.8433714232289,315.3952407836914,-0.01816169736319745,0.0012630845389699555,0.02225700788384113,0,2009,-39,502,-8.370641708374023,-15.810445785522461,17.889601408273908,320.0378112792969,-2.057715601340865,15.061501265706326,381.5230849158526,1,33,1,1,1
2,4,4,payload,33,25,12013112,11,125000.0,4,5,-0.07194936275482178,continuous,1021.8072267802048,325.25134205818176,-0.01816169736319745,0.0012630845389699555,0.023520092422811088,0,969,969,242,-16.891653060913086,1.3857810497283936,16.94840205588836,287.24835205078125,3.059736570173007,11.038604086998244,369.52239877127977,1,33,1,1,1
2,4,4,payload,34,26,12021304,11,125000.0,4,5,-0.07194936275482178,continuous,1052.7710821371807,335.1074433326721,-0.01816169736319745,0.0012630845389699555,0.024783176961781044,0,1633,-415,408,-5.355664253234863,16.08837127685547,16.956380213221387,287.51885986328125,1.8921481828364966,13.015964531050399,358.7717517043852,1,33,1,1,1
2,4,4,payload,35,27,12029496,11,125000.0,4,5,-0.07194936275482178,continuous,1083.7349374941566,344.9635446071625,-0.01816169736319745,0.0012630845389699555,0.026046261500751,0,421,421,105,13.021379470825195,10.693910598754883,16.84980852168326,283.916015625,0.6875693312328361,13.216022469107633,357.0215841186546,1,33,1,1,1
2,4,4,payload,36,28,12037688,11,125000.0,4,5,-0.07194936275482178,continuous,1114.6987928511326,354.8196458816529,-0.01816169736319745,0.0012630845389699555,0.027309346039720957,0,385,385,96,14.175037384033203,-9.03136157989502,16.807652329386837,282.4971618652344,-0.5672755029063971,12.516450415641936,356.5215743733961,1,33,1,1,1
2,4,4,payload,37,29,12045880,11,125000.0,4,5,-0.07194936275482178,continuous,1145.6626482081083,364.6757471561432,-0.01816169736319745,0.0012630845389699555,0.028572430578690914,0,677,677,169,-4.792762279510498,-15.735160827636719,16.448886179297727,270.5658874511719,-1.866458190257788,10.760996961973916,355.1465325624922,1,33,1,1,1
2,4,4,payload,38,30,12054072,11,125000.0,4,5,-0.07194936275482178,continuous,1176.6265035650842,374.53184843063354,-0.01816169736319745,0.0012630845389699555,0.02983551511766087,0,1189,-859,297,-16.293296813964844,0.6177922487258911,16.305005008602198,265.8531494140625,3.103693851085053,9.66976538741238,357.0215619142475,1,33,1,1,1
2,4,4,payload,39,31,12062264,11,125000.0,4,5,-0.07194936275482178,continuous,1207.5903589220602,384.3879497051239,-0.01816169736319745,0.0012630845389699555,0.031098599656630827,0,933,933,233,-2.751380205154419,16.07603645324707,16.30978360001886,266.0090637207031,1.7403019491135923,9.252378943184826,360.5218358122993,1,33,1,1,1
2,4,4,payload,40,32,12070456,11,125000.0,4,5,-0.07194936275482178,continuous,1238.5542142790362,394.2440509796143,-0.01816169736319745,0.0012630845389699555,0.03236168419560078,0,1609,-439,402,15.5391845703125,6.477776050567627,16.835315253108437,283.42779541015625,0.39496195909242543,11.454031888340763,367.5222130563568,1,33,1,1,1
2,4,4,payload,41,33,12078648,11,125000.0,4,5,-0.07194936275482178,continuous,1269.518069636012,404.1001522541046,-0.01816169736319745,0.0012630845389699555,0.03362476873457074,0,445,445,111,9.35695743560791,-13.970170021057129,16.81422917855652,282.71832275390625,-0.9806405966298508,10.910237775086784,370.2724410937517,1,33,1,1,1
2,4,4,payload,42,34,12086840,11,125000.0,4,5,-0.07194936275482178,continuous,1300.4819249929878,413.95625352859497,-0.01816169736319745,0.0012630845389699555,0.034887853273540693,0,1933,-115,483,-12.816107749938965,-11.568727493286133,17.265227298589497,298.0881042480469,-2.407303875686824,13.178590064378321,371.7725377652241,1,33,1,1,1
2,4,4,payload,43,35,12095032,11,125000.0,4,5,-0.07194936275482178,continuous,1331.4457803499638,423.8123548030853,-0.01816169736319745,0.0012630845389699555,0.03615093781251065,0,1733,-315,433,-12.805747032165527,10.985650062561035,16.87221575101692,284.6716613769531,2.4325480817917375,11.198155101725835,369.64736412134056,1,33,1,1,1
2,4,4,payload,44,36,12103224,11,125000.0,4,5,-0.07194936275482178,continuous,1362.4096357069398,433.66845607757574,-0.01816169736319745,0.0012630845389699555,0.03741402235148061,0,677,677,169,9.078816413879395,13.572619438171387,16.329142840037676,266.64093017578125,0.9812445167684318,9.137554879611598,369.6474179805905,1,33,1,1,1
2,4,4,payload,45,37,12111416,11,125000.0,4,5,-0.07194936275482178,continuous,1393.3734910639155,443.52455735206604,-0.01816169736319745,0.0012630845389699555,0.03867710689045056,0,1065,-983,266,14.168810844421387,-7.618050575256348,16.086947980028924,258.7899169921875,-0.4933223984755742,8.241084182438911,366.0221655423834,1,33,1,1,1
2,4,4,payload,46,38,12119608,11,125000.0,4,5,-0.07194936275482178,continuous,1424.3373464208914,453.3806586265564,-0.01816169736319745,0.0012630845389699555,0.03994019142942052,0,1969,-79,492,-7.11143159866333,-15.502945899963379,17.056195090337663,290.91375732421875,-2.0008738503574865,12.725731030504623,364.5220040141071,1,33,1,1,1
2,4,4,payload,47,39,12127800,11,125000.0,4,5,-0.07194936275482178,continuous,1455.3012017778674,463.23675990104675,-0.01816169736319745,0.0012630845389699555,0.041203275968390476,0,2025,-23,506,-15.864800453186035,6.421877384185791,17.11526811232967,292.9323425292969,2.7569657046278104,12.74674334155497,366.27211910571395,1,33,1,1,1
3,5,5,header,0,0,14243229,11,125000.0,4,5,-0.09578970074653625,continuous,0.0,0.0,-0.1989384595829895,0.001256974138623504,0.0510615404170105,0,1745,-303,436,-6.296175479888916,30.603282928466797,31.24424349657616,976.202880859375,1.7737004631708981,24.85919057431481,1039.1880737796619,1,33,1,1,1
3,5,5,header,1,1,14251421,11,125000.0,4,5,-0.09578970074653625,continuous,30.814062095588167,9.808420598506927,-0.1989384595829895,0.001256974138623504,0.052318514555634,0,1393,-655,348,-0.9821529984474182,30.992582321166992,31.008140599634025,961.5047607421875,1.6024756625087826,20.74562079550099,1032.1874424956427,1,33,1,1,1
3,5,5,header,2,2,14259613,11,125000.0,4,5,-0.09578970074653625,continuous,61.62812419117633,19.616841197013855,-0.1989384595829895,0.001256974138623504,0.0535754886942575,0,61,61,15,5.329394340515137,30.760377883911133,31.2186369272863,974.6033325195312,1.399244147888188,27.94122962766748,1035.3127420485307,1,33,1,1,1
3,5,5,header,3,3,14267805,11,125000.0,4,5,-0.09578970074653625,continuous,92.4421862867645,29.425261795520782,-0.1989384595829895,0.001256974138623504,0.054832462832881006,0,173,173,43,12.210365295410156,28.32161521911621,30.841642454107916,951.20703125,1.1637429881135375,26.79298206682205,1013.1865175851672,1,33,1,1,1
3,5,5,header,4,4,14275997,11,125000.0,4,5,-0.09578970074653625,continuous,123.25624838235267,39.23368239402771,-0.1989384595829895,0.001256974138623504,0.05608943697150451,0,1741,-307,435,19.45764923095703,24.39292335510254,31.20280153131878,973.61474609375,0.89747407258801,24.74249201902779,1041.9379560746347,1,33,1,1,1
3,5,5,header,5,5,14284189,11,125000.0,4,5,-0.09578970074653625,continuous,154.07031047794084,49.04210299253464,-0.1989384595829895,0.001256974138623504,0.05734641111012801,0,1657,-391,414,26.32876968383789,17.28790855407715,31.497236311122837,992.0758666992188,0.5810125902078109,22.54920718887627,1062.8143487259103,1,33,1,1,1
3,5,5,header,6,6,14292381,11,125000.0,4,5,-0.09578970074653625,continuous,184.884372573529,58.850523591041565,-0.1989384595829895,0.001256974138623504,0.05860338524875151,0,1445,-603,361,30.55912971496582,6.932178020477295,31.335530967955457,981.9154052734375,0.22306960300961426,19.07242765856154,1066.1893955858018,1,33,1,1,1
3,5,5,header,7,7,14300573,11,125000.0,4,5,-0.09578970074653625,continuous,215.69843466911718,68.65894418954849,-0.1989384595829895,0.001256974138623504,0.059860359387375016,0,697,697,174,30.733797073364258,-5.430258274078369,31.209837991728346,974.0540161132812,-0.17488193677777414,17.268140614130917,1065.9395650448241,1,33,1,1,1
3,5,5,payload,8,0,14308765,11,125000.0,4,5,-0.09578970074653625,continuous,246.51249676470533,78.46736478805542,-0.1989384595829895,0.001256974138623504,0.06111733352599852,0,441,441,110,26.260099411010742,-17.887311935424805,31.7733968809027,1009.5487670898438,-0.5979689948690426,20.023730895542368,1094.8162991289814,1,33,1,1,1
3,5,5,payload,9,1,14316957,11,125000.0,4,5,-0.09578970074653625,continuous,277.3265588602935,88.27578538656236,-0.1989384595829895,0.001256974138623504,0.06237430766462202,0,1421,-627,355,15.233476638793945,-27.4615535736084,31.40375352057211,986.1956176757812,-1.064336438073997,17.38991542992512,1085.0655760098548,1,33,1,1,1
3,5,5,payload,10,2,14325149,11,125000.0,4,5,-0.09578970074653625,continuous,308.1406209558817,98.08420598506927,-0.1989384595829895,0.001256974138623504,0.06363128180324552,0,1229,-819,307,0.6162030100822449,-31.5192928314209,31.525315648578292,993.8455810546875,-1.5512487904213565,15.6327293200447,1103.0667753582247,1,33,1,1,1
3,5,5,payload,11,3,14333341,11,125000.0,4,5,-0.09578970074653625,continuous,338.95468305146983,107.8926265835762,-0.1989384595829895,0.001256974138623504,0.06488825594186903,0,1433,-615,358,-14.947818756103516,-28.11820411682129,31.844476574761686,1014.07080078125,-2.059408232150304,17.156351788413602,1116.9427126029518,1,33,1,1,1
3,5,5,payload,12,4,14341533,11,125000.0,4,5,-0.09578970074653625,continuous,369.768745147058,117.70104718208313,-0.1989384595829895,0.001256974138623504,0.06614523008049254,0,1961,-87,490,-27.53367805480957,-17.311317443847656,32.523608945926746,1057.78515625,-2.580313815396599,29.953295446158087,1115.3176020352807,1,33,1,1,1
3,5,5,payload,13,5,14349725,11,125000.0,4,5,-0.09578970074653625,continuous,400.58280724264614,127.50946778059006,-0.1989384595829895,0.001256974138623504,0.06740220421911605,0,1869,-179,467,-32.73580551147461,0.39098992943763733,32.73814038106033,1071.7857666015625,3.1296494210106798,25.599582905993856,1147.069406545078,1,33,1,1,1
3,5,5,payload,14,6,14357917,11,125000.0,4,5,-0.09578970074653625,continuous,431.39686933823435,137.31788837909698,-0.1989384595829895,0.001256974138623504,0.06865917835773956,0,1693,-355,423,-26.96640396118164,18.984264373779297,32.97861786690247,1087.5892333984375,2.5281892503279817,20.419412169257107,1183.946696943804,1,33,1,1,1
3,5,5,payload,15,7,14366109,11,125000.0,4,5,-0.09578970074653625,continuous,462.2109314338225,147.1263089776039,-0.1989384595829895,0.001256974138623504,0.06991615249636307,0,1245,-803,311,-10.580206871032715,30.997713088989258,32.75361039917804,1072.798828125,1.899719525618772,14.34682812723324,1210.8231111746422,1,33,1,1,1
3,5,5,payload,16,8,14374301,11,125000.0,4,5,-0.09578970074653625,continuous,493.02499352941066,156.93472957611084,-0.1989384595829895,0.001256974138623504,0.07117312663498658,0,1921,-127,480,11.661651611328125,32.142913818359375,34.19299675428391,1169.1607666015625,1.2227586410861697,26.267949765179427,1243.2000646970623,1,33,1,1,1
3,5,5,payload,17,9,14382493,11,125000.0,4,5,-0.09578970074653625,continuous,523.8390556249989,166.7431501746178,-0.1989384595829895,0.001256974138623504,0.07243010077361009,0,941,941,235,28.935062408447266,15.963202476501465,33.04635637837431,1092.0616455078125,0.5041402639041834,12.638379294669726,1272.20201973186,1,33,1,1,1
3,5,5,payload,18,10,14390685,11,125000.0,4,5,-0.09578970074653625,continuous,554.653117720587,176.55157077312472,-0.1989384595829895,0.001256974138623504,0.0736870749122336,0,2017,-31,504,34.048091888427734,-8.913033485412598,35.19537934381309,1238.714599609375,-0.25603253644638896,27.952233135356316,1310.4542530423387,1,33,1,1,1
3,5,5,payload,19,11,14398877,11,125000.0,4,5,-0.09578970074653625,continuous,585.4671798161752,186.35999137163165,-0.1989384595829895,0.001256974138623504,0.07494404905085711,0,9,9,2,18.060096740722656,-30.313068389892578,35.285254845254634,1245.0491943359375,-1.0334812395193993,29.03396907161627,1306.4540367054378,1,33,1,1,1
3,5,5,payload,20,12,14407069,11,125000.0,4,5,-0.09578970074653625,continuous,616.2812419117633,196.16841197013855,-0.1989384595829895,0.001256974138623504,0.07620102318948062,0,1369,-679,342,-9.225552558898926,-32.18742370605469,33.483444638359686,1121.1409912109375,-1.8499329479028261,13.267295282006124,1301.95381323509,1,33,1,1,1
3,5,5,payload,21,13,14415261,11,125000.0,4,5,-0.09578970074653625,continuous,647.0953040073515,205.97683256864548,-0.1989384595829895,0.001256974138623504,0.07745799732810413,0,1653,-395,413,-30.555341720581055,-14.563472747802734,33.848539793283166,1145.7235107421875,-2.69681841817669,16.335469826964644,1294.9532637428638,1,33,1,1,1
3,5,5,payload,22,14,14423453,11,125000.0,4,5,-0.09578970074653625,continuous,677.9093661029397,215.7852531671524,-0.1989384595829895,0.001256974138623504,0.07871497146672764,0,2029,-19,507,-31.436614990234375,14.535922050476074,34.63457509341995,1199.5538330078125,2.708484529981492,25.936403230433346,1264.576596580232,1,33,1,1,1
3,5,5,payload,23,15,14431645,11,125000.0,4,5,-0.09578970074653625,continuous,708.7234281985278,225.59367376565933,-0.1989384595829895,0.001256974138623504,0.07997194560535115,0,169,169,42,-7.902238368988037,32.67434310913086,33.61633633895154,1130.057861328125,1.808088325838616,21.16093163411319,1232.4492985695533,1,33,1,1,1
3,5,5,payload,24,16,14439837,11,125000.0,4,5,-0.09578970074653625,continuous,739.537490294116,235.40209436416626,-0.1989384595829895,0.001256974138623504,0.08122891974397466,0,333,333,83,20.844114303588867,25.268131256103516,32.756000340040806,1072.95556640625,0.8810455934021642,16.58769033369667,1216.1986067552607,1,33,1,1,1
3,5,5,payload,25,17,14448029,11,125000.0,4,5,-0.09578970074653625,continuous,770.3515523897041,245.2105149626732,-0.1989384595829895,0.001256974138623504,0.08248589388259817,0,777,777,194,31.172203063964844,-2.7229089736938477,31.290900868145066,979.120361328125,-0.087129393099163,11.133821638049394,1192.5720243743035,1,33,1,1,1
3,5,5,payload,26,18,14456221,11,125000.0,4,5,-0.09578970074653625,continuous,801.1656144852923,255.01893556118011,-0.1989384595829895,0.001256974138623504,0.08374286802122168,0,1649,-399,412,14.690126419067383,-27.939870834350586,31.56637762633489,996.4362182617188,-1.0867408288055451,14.744168105787804,1158.5702035256772,1,33,1,1,1
3,5,5,payload,27,19,14464413,11,125000.0,4,5,-0.09578970074653625,continuous,831.9796765808806,264.8273561596871,-0.1989384595829895,0.001256974138623504,0.08499984215984518,0,293,293,73,-16.0233211517334,-27.135940551757812,31.513585806126873,993.106201171875,-2.104188904672949,16.37950982386159,1140.1941559252446,1,33,1,1,1
3,5,5,payload,28,20,14472605,11,125000.0,4,5,-0.09578970074653625,continuous,862.7937386764687,274.63577675819397,-0.1989384595829895,0.001256974138623504,0.0862568162984687,0,1161,-887,290,-28.16702651977539,-0.03079838678240776,28.16704335755456,793.38232421875,-3.1404992341446505,9.926987649908785,1020.0617673440756,1,33,1,1,1
3,5,5,payload,29,21,14480797,11,125000.0,4,5,-0.09578970074653625,continuous,893.6078007720569,284.4441973567009,-0.1989384595829895,0.001256974138623504,0.0875137904370922,0,1309,-739,327,-12.848000526428223,24.43855094909668,27.61003241611089,762.3139038085938,2.0548128966639787,10.21055405954733,971.8088496395321,1,33,1,1,1
3,5,5,payload,30,22,14488989,11,125000.0,4,5,-0.09578970074653625,continuous,924.421862867645,294.2526179552078,-0.1989384595829895,0.001256974138623504,0.08877076457571571,0,1685,-363,421,16.154237747192383,23.344009399414062,28.388416159284887,805.9021606445312,0.9654543852566795,14.144568104550089,965.5584574447003,1,33,1,1,1
3,5,5,payload,31,23,14497181,11,125000.0,4,5,-0.09578970074653625,continuous,955.2359249632332,304.06103855371475,-0.1989384595829895,0.001256974138623504,0.09002773871433922,0,1833,-215,458,28.300857543945312,-3.8528554439544678,28.561915775989114,815.7830810546875,-0.1353073452756448,16.871846410790155,946.6823259250687,1,33,1,1,1
3,5,5,payload,32,24,14505373,11,125000.0,4,5,-0.09578970074653625,continuous,986.0499870588213,313.8694591522217,-0.1989384595829895,0.001256974138623504,0.09128471285296273,0,2009,-39,502,8.343260765075684,-28.276697158813477,29.481886004889535,869.1815795898438,-1.2838797823538546,21.658894613344387,951.432576204179,1,33,1,1,1
3,5,5,payload,33,25,14513565,11,125000.0,4,5,-0.09578970074653625,continuous,1016.8640491544095,323.6778797507286,-0.1989384595829895,0.001256974138623504,0.09254168699158624,0,969,969,242,-21.13620376586914,-16.74604606628418,26.966074398889667,727.1692504882812,-2.4715693885483567,8.597580203078593,981.9345372545122,1,33,1,1,1
3,5,5,payload,34,26,14521757,11,125000.0,4,5,-0.09578970074653625,continuous,1047.6781112499978,333.4863003492356,-0.1989384595829895,0.001256974138623504,0.09379866113020975,0,1633,-415,408,-24.457433700561523,14.647195816040039,28.508006042001313,812.7063598632812,2.6019932400132575,12.370469050062457,1011.3112081471018,1,33,1,1,1
3,5,5,payload,35,27,14529949,11,125000.0,4,5,-0.09578970074653625,continuous,1078.4921733455858,343.29472094774246,-0.1989384595829895,0.001256974138623504,0.09505563526883326,0,421,421,105,5.815067291259766,28.34293556213379,28.933319959540547,837.136962890625,1.36843637907232,11.873615410751013,1051.688669941303,1,33,1,1,1
3,5,5,payload,36,28,14538141,11,125000.0,4,5,-0.09578970074653625,continuous,1109.306235441174,353.10314154624945,-0.1989384595829895,0.001256974138623504,0.09631260940745677,0,385,385,96,29.581172943115234,2.400879144668579,29.678443580447365,880.81005859375,0.08098489159918836,12.025265050952997,1100.3166305178984,1,33,1,1,1
3,5,5,payload,37,29,14546333,11,125000.0,4,5,-0.09578970074653625,continuous,1140.120297536762,362.9115621447563,-0.1989384595829895,0.001256974138623504,0.09756958354608028,0,677,677,169,9.025147438049316,-27.668298721313477,29.103058952803657,846.9879760742188,-1.2554876709690126,8.792556599058253,1156.695031373849,1,33,1,1,1
3,5,5,payload,38,30,14554525,11,125000.0,4,5,-0.09578970074653625,continuous,1170.9343596323504,372.7199827432633,-0.1989384595829895,0.001256974138623504,0.09882655768470379,0,857,857,214,-25.25511360168457,-14.26390552520752,29.004823113855366,841.2796630859375,-2.627463212191393,7.54238171082214,1194.447185746753,1,33,1,1,1
3,5,5,payload,39,31,14562717,11,125000.0,4,5,-0.09578970074653625,continuous,1201.7484217279384,382.5284033417702,-0.1989384595829895,0.001256974138623504,0.1000835318233273,0,89,89,22,-21.039756774902344,25.530855178833008,33.08316688755164,1094.4959716796875,2.260055465183154,17.200438630748767,1233.9498765656572,1,33,1,1,1
3,5,5,payload,40,32,14570909,11,125000.0,4,5,-0.09578970074653625,continuous,1232.5624838235267,392.3368239402771,-0.1989384595829895,0.001256974138623504,0.10134050596195081,0,1609,-439,402,21.729625701904297,22.002681732177734,30.92401391398548,956.294677734375,0.7916418879572585,10.581741920107264,1241.7003004845828,1,33,1,1,1
3,5,5,payload,41,33,14579101,11,125000.0,4,5,-0.09578970074653625,continuous,1263.3765459191147,402.145244538784,-0.1989384595829895,0.001256974138623504,0.10259748010057432,0,445,445,111,24.743501663208008,-18.101633071899414,30.657951569321458,939.9100952148438,-0.6316019723414497,10.181082632781763,1242.7004140029267,1,33,1,1,1
3,5,5,payload,42,34,14587293,11,125000.0,4,5,-0.09578970074653625,continuous,1294.190608014703,411.95366513729095,-0.1989384595829895,0.001256974138623504,0.10385445423919783,0,1933,-115,483,-17.898866653442383,-27.647436141967773,32.93554542894193,1084.75,-2.1453394790363043,16.058556337236244,1239.3249521034893,1,33,1,1,1
3,5,5,payload,43,35,14595485,11,125000.0,4,5,-0.09578970074653625,continuous,1325.0046701102913,421.76208573579794,-0.1989384595829895,0.001256974138623504,0.10511142837782134,0,1737,-311,434,-27.447525024414062,15.250845909118652,31.399919281894935,985.955078125,2.634432320630543,11.919387375581485,1236.824982902499,1,33,1,1,1
3,5,5,payload,44,36,14603677,11,125000.0,4,5,-0.09578970074653625,continuous,1355.8187322058793,431.5705063343048,-0.1989384595829895,0.001256974138623504,0.10636840251644485,0,681,681,170,11.848788261413574,26.292184829711914,28.838737253623734,831.6727905273438,1.1473951893681902,7.489863554391988,1207.573183589578,1,33,1,1,1
3,5,5,payload,45,37,14611869,11,125000.0,4,5,-0.09578970074653625,continuous,1386.6327943014676,441.3789269328118,-0.1989384595829895,0.001256974138623504,0.10762537665506836,0,1069,-979,267,25.32716941833496,-11.177928924560547,27.684139968356774,766.4116821289062,-0.41563016278365433,5.91585056443461,1186.4469346818014,1,33,1,1,1
3,5,5,payload,46,38,14620061,11,125000.0,4,5,-0.09578970074653625,continuous,1417.4468563970556,451.18734753131866,-0.1989384595829895,0.001256974138623504,0.10888235079369186,0,589,589,147,-10.424318313598633,-26.781951904296875,28.73916074117856,825.939208984375,-1.9419832064205118,8.049718871340039,1180.5713710796517,1,33,1,1,1
3,5,5,payload,47,39,14628253,11,125000.0,4,5,-0.09578970074653625,continuous,1448.260918492644,460.99576812982565,-0.1989384595829895,0.001256974138623504,0.11013932493231537,0,1257,-791,314,-25.14381980895996,10.834854125976562,27.378928732085896,749.6056518554688,2.734722466543278,6.3401339819072176,1149.0694333606607,1,33,1,1,1
4,7,7,header,0,0,19243870,11,125000.0,4,6,-0.1543697714805603,continuous,0.0,0.0,0.4089736660988852,0.0014982648730058027,-0.09102633390111481,0,1745,-303,436,9.558489799499512,29.614286422729492,31.118654976952275,968.3707885742188,1.258586175547863,19.364269034167823,1051.9388048285928,1,33,1,1,1
4,7,7,header,1,1,19252062,11,125000.0,4,6,-0.1543697714805603,continuous,36.72917796303819,11.69126045703888,0.4089736660988852,0.0014982648730058027,-0.089528069028109,0,1393,-655,348,31.403406143188477,0.4822687804698944,31.40710907693772,986.4064331054688,0.015356005340305784,22.517883797376438,1057.6889861013424,1,33,1,1,1
4,7,7,header,2,2,19260254,11,125000.0,4,6,-0.1543697714805603,continuous,73.45835592607638,23.38252091407776,0.4089736660988852,0.0014982648730058027,-0.0880298041551032,0,61,61,15,-13.03707504272461,28.09956932067871,30.976622179915957,959.5510864257812,2.005198521417755,18.14413814990039,1054.1888321453598,1,33,1,1,1
4,7,7,header,3,3,19268446,11,125000.0,4,6,-0.1543697714805603,continuous,110.18753388911458,35.07378137111664,0.4089736660988852,0.0014982648730058027,-0.08653153928209739,0,173,173,43,-15.890429496765137,26.65081024169922,31.02855839594749,962.771484375,2.1084506977195367,18.287620142547475,1052.813784138173,1,33,1,1,1
4,7,7,header,4,4,19276638,11,125000.0,4,6,-0.1543697714805603,continuous,146.91671185215276,46.76504182815552,0.4089736660988852,0.0014982648730058027,-0.08503327440909159,0,1741,-307,435,28.933979034423828,11.164000511169434,31.013062573339464,961.8101196289062,0.3682436306652448,19.140717209594225,1049.1885666998423,1,33,1,1,1
4,7,7,header,5,5,19284830,11,125000.0,4,6,-0.1543697714805603,continuous,183.64588981519094,58.45630228519439,0.4089736660988852,0.0014982648730058027,-0.08353500953608578,0,1657,-391,414,30.707897186279297,-5.582958698272705,31.21128605856732,974.1444091796875,-0.17984418996122048,19.53279906311459,1054.063919694103,1,33,1,1,1
4,7,7,header,6,6,19293022,11,125000.0,4,6,-0.1543697714805603,continuous,220.37506777822915,70.14756274223328,0.4089736660988852,0.0014982648730058027,-0.08203674466307997,0,1445,-603,361,12.78637981414795,-28.378965377807617,31.12647080326412,968.857177734375,-1.1474781734040833,20.98273197893952,1045.0633037638509,1,33,1,1,1
4,7,7,header,7,7,19301214,11,125000.0,4,6,-0.1543697714805603,continuous,257.10424574126733,81.83882319927216,0.4089736660988852,0.0014982648730058027,-0.08053847979007417,0,697,697,174,-24.641376495361328,19.619346618652344,31.497876076474917,992.1162719726562,2.4691759979676133,23.758237417431616,1063.4394811771872,1,33,1,1,1
4,7,7,payload,8,0,19309406,11,125000.0,4,6,-0.1543697714805603,continuous,293.8334237043055,93.53008365631104,0.4089736660988852,0.0014982648730058027,-0.07904021491706836,0,441,441,110,8.604580879211426,30.06661605834961,31.273634475498646,978.0401611328125,1.2920625673143862,19.033740791206487,1061.8142525317885,1,33,1,1,1
4,7,7,payload,9,1,19317598,11,125000.0,4,6,-0.1543697714805603,continuous,330.5626016673437,105.22134411334991,0.4089736660988852,0.0014982648730058027,-0.07754195004406256,0,1649,-399,412,-4.720791816711426,-30.88958168029785,31.248234058271553,976.4522094726562,-1.722450853499312,18.936799521666707,1061.4392655616994,1,33,1,1,1
4,7,7,payload,10,2,19325790,11,125000.0,4,6,-0.1543697714805603,continuous,367.2917796303819,116.91260457038878,0.4089736660988852,0.0014982648730058027,-0.07604368517105675,0,1229,-819,307,-29.962430953979492,10.32038402557373,31.690023589566888,1004.2574462890625,2.809875916086076,21.651802205951462,1074.6899976248787,1,33,1,1,1
4,7,7,payload,11,3,19333982,11,125000.0,4,6,-0.1543697714805603,continuous,404.02095759342006,128.60386502742767,0.4089736660988852,0.0014982648730058027,-0.07454542029805095,0,1433,-615,358,-30.892841339111328,5.969235897064209,31.464256279122598,989.9995727539062,2.950720964248967,20.29234010813855,1068.439820554132,1,33,1,1,1
4,7,7,payload,12,4,19342174,11,125000.0,4,6,-0.1543697714805603,continuous,440.7501355564583,140.29512548446655,0.4089736660988852,0.0014982648730058027,-0.07304715542504514,0,2005,-43,501,-15.75087833404541,-26.633563995361328,30.94247726651679,957.4369506835938,-2.1048624183448794,15.303021403143015,1079.5654076890205,1,33,1,1,1
4,7,7,payload,13,5,19350366,11,125000.0,4,6,-0.1543697714805603,continuous,477.4793135194965,151.98638594150543,0.4089736660988852,0.0014982648730058027,-0.07154889055203933,0,1869,-179,467,-31.134803771972656,-1.9599453210830688,31.19643235340987,973.2174682617188,-3.0787253056767563,15.802908016999295,1084.5657458305468,1,33,1,1,1
4,7,7,payload,14,6,19358558,11,125000.0,4,6,-0.1543697714805603,continuous,514.2084914825347,163.6776463985443,0.4089736660988852,0.0014982648730058027,-0.07005062567903353,0,1693,-355,423,-15.555546760559082,27.62679672241211,31.705124698720564,1005.2147827148438,2.08361115730773,17.12834732858671,1103.0666081181007,1,33,1,1,1
4,7,7,payload,15,7,19366750,11,125000.0,4,6,-0.1543697714805603,continuous,550.9376694455729,175.3689068555832,0.4089736660988852,0.0014982648730058027,-0.06855236080602772,0,1245,-803,311,31.775985717773438,3.348914384841919,31.95197170587666,1020.9285888671875,0.10500373526807695,20.818045135948914,1101.5667676648118,1,33,1,1,1
4,7,7,payload,16,8,19374942,11,125000.0,4,6,-0.1543697714805603,continuous,587.666847408611,187.06016731262207,0.4089736660988852,0.0014982648730058027,-0.06705409593302192,0,1921,-127,480,0.8222207427024841,29.36841583251953,29.379923339952985,863.1798706054688,1.542806869540241,14.648321717148477,993.3101302830974,1,33,1,1,1
4,7,7,payload,17,9,19383134,11,125000.0,4,6,-0.1543697714805603,continuous,624.3960253716492,198.75142776966095,0.4089736660988852,0.0014982648730058027,-0.06555583106001611,0,941,941,235,-16.601909637451172,-26.104198455810547,30.93626643004026,957.0525512695312,-2.137256843165859,18.847226761410543,1039.687987324467,1,33,1,1,1
4,7,7,payload,18,10,19391326,11,125000.0,4,6,-0.1543697714805603,continuous,661.1252033346874,210.44268822669983,0.4089736660988852,0.0014982648730058027,-0.0640575661870103,0,2017,-31,504,26.945268630981445,13.512289047241211,30.143481167442282,908.629638671875,0.46482425738845373,14.008934373833151,1051.8139174250718,1,33,1,1,1
4,7,7,payload,19,11,19399518,11,125000.0,4,6,-0.1543697714805603,continuous,697.8543812977256,222.1339486837387,0.4089736660988852,0.0014982648730058027,-0.0625593013140045,0,9,9,2,29.719282150268555,-4.682441234588623,30.085893495833673,905.160888671875,-0.15627103464711856,13.844929916417941,1055.6888396127824,1,33,1,1,1
4,7,7,payload,20,12,19407710,11,125000.0,4,6,-0.1543697714805603,continuous,734.5835592607638,233.82520914077756,0.4089736660988852,0.0014982648730058027,-0.061061036440998695,0,1369,-679,342,-30.597854614257812,-3.2974932193756104,30.77502507760288,947.1019897460938,-3.0342382108302575,17.854470866136232,1049.3133270717253,1,33,1,1,1
4,7,7,payload,21,13,19415902,11,125000.0,4,6,-0.1543697714805603,continuous,771.312737223802,245.51646959781644,0.4089736660988852,0.0014982648730058027,-0.05956277156799289,0,1653,-395,413,-30.07472801208496,-5.154909610748291,30.513314439697844,931.0623779296875,-2.9718388656352617,15.396777126274685,1049.5635343443805,1,33,1,1,1
4,7,7,payload,22,14,19424094,11,125000.0,4,6,-0.1543697714805603,continuous,808.0419151868401,257.20773005485535,0.4089736660988852,0.0014982648730058027,-0.058064506694987084,0,2029,-19,507,-26.469749450683594,-14.26329231262207,30.068075155840425,904.0891723632812,-2.647348201059179,13.277230641588151,1064.3145166117476,1,33,1,1,1
4,7,7,payload,23,15,19432286,11,125000.0,4,6,-0.1543697714805603,continuous,844.7710931498783,268.8989905118942,0.4089736660988852,0.0014982648730058027,-0.05656624182198128,0,169,169,42,-29.433277130126953,-6.459006309509277,30.13364506867921,908.03662109375,-2.9255711137949683,13.760290634831252,1053.8138405467498,1,33,1,1,1
4,7,7,payload,24,16,19440478,11,125000.0,4,6,-0.1543697714805603,continuous,881.5002711129166,280.5902509689331,0.4089736660988852,0.0014982648730058027,-0.05506797694897547,0,333,333,83,-29.82282257080078,4.845999717712402,30.213977880337655,912.8845825195312,2.9805075751878474,14.72698215869894,1041.6882771597777,1,33,1,1,1
4,7,7,payload,25,17,19448670,11,125000.0,4,6,-0.1543697714805603,continuous,918.2294490759548,292.281511425972,0.4089736660988852,0.0014982648730058027,-0.05356971207596967,0,777,777,194,-29.486722946166992,-8.80996036529541,30.77470116413947,947.082275390625,-2.851258075970831,17.066380722128894,1057.5640301581607,1,33,1,1,1
4,7,7,payload,26,18,19456862,11,125000.0,4,6,-0.1543697714805603,continuous,954.958627038993,303.97277188301086,0.4089736660988852,0.0014982648730058027,-0.05207144720296386,0,1649,-399,412,13.340306282043457,-27.327177047729492,30.40951129328917,924.73828125,-1.1166574791178077,14.278752930476344,1059.4390543676254,1,33,1,1,1
4,7,7,payload,27,19,19465054,11,125000.0,4,6,-0.1543697714805603,continuous,991.6878050020312,315.66403234004974,0.4089736660988852,0.0014982648730058027,-0.050573182329958055,0,293,293,73,30.444358825683594,0.8602242469787598,30.45650948585653,927.5989379882812,0.02824810444745022,13.805317274549132,1073.6899975868303,1,33,1,1,1
4,7,7,payload,28,20,19473246,11,125000.0,4,6,-0.1543697714805603,continuous,1028.4169829650693,327.3552927970886,0.4089736660988852,0.0014982648730058027,-0.04907491745695225,0,1161,-887,290,-3.6129040718078613,30.583568572998047,30.796229355090855,948.4077758789062,1.6883835570730081,15.789847595063176,1073.4400592124512,1,33,1,1,1
4,7,7,payload,29,21,19481438,11,125000.0,4,6,-0.1543697714805603,continuous,1065.1461609281075,339.0465532541275,0.4089736660988852,0.0014982648730058027,-0.047576652583946444,0,1309,-739,327,13.813802719116211,27.430742263793945,30.712648318003346,943.2667846679688,1.104282146089666,15.367540682941128,1070.0647814864587,1,33,1,1,1
4,7,7,payload,30,22,19489630,11,125000.0,4,6,-0.1543697714805603,continuous,1101.8753388911457,350.7378137111664,0.4089736660988852,0.0014982648730058027,-0.04607838771094064,0,1685,-363,421,10.614593505859375,28.189762115478516,30.121956832548243,907.3322143554688,1.2106755673316947,13.330766019310698,1054.9387951449125,1,33,1,1,1
4,7,7,payload,31,23,19497822,11,125000.0,4,6,-0.1543697714805603,continuous,1138.6045168541839,362.42907416820526,0.4089736660988852,0.0014982648730058027,-0.04458012283793483,0,1833,-215,458,24.780418395996094,16.25811195373535,29.637735071709074,878.395263671875,0.5806424567862388,12.391645936578596,1048.938503460931,1,33,1,1,1
4,7,7,payload,32,24,19506014,11,125000.0,4,6,-0.1543697714805603,continuous,1175.333694817222,374.12033462524414,0.4089736660988852,0.0014982648730058027,-0.04308185796492903,0,2009,-39,502,29.250173568725586,0.10739298164844513,29.25037071650683,855.5840454101562,0.00367151664389226,11.452409829583738,1051.4385981205487,1,33,1,1,1
4,7,7,payload,33,25,19514206,11,125000.0,4,6,-0.1543697714805603,continuous,1212.0628727802602,385.811595082283,0.4089736660988852,0.0014982648730058027,-0.04158359309192322,0,969,969,242,-10.350144386291504,27.79212188720703,29.656829362061846,879.5274658203125,1.9272969174779455,13.643047904879024,1029.4372288624918,1,33,1,1,1
4,7,7,payload,34,26,19522398,11,125000.0,4,6,-0.1543697714805603,continuous,1248.7920507432984,397.5028555393219,0.4089736660988852,0.0014982648730058027,-0.040085328218917415,0,1633,-415,408,-27.449670791625977,10.199542999267578,29.283358823102116,857.5150146484375,2.785830289304355,12.040109708356418,1028.4371319587121,1,33,1,1,1
4,7,7,payload,35,27,19530590,11,125000.0,4,6,-0.1543697714805603,continuous,1285.5212287063366,409.1941159963608,0.4089736660988852,0.0014982648730058027,-0.03858706334591161,0,421,421,105,-16.226341247558594,-24.462142944335938,29.35456672668404,861.6905517578125,-2.1564816234045443,12.209085976270266,1034.1875739006687,1,33,1,1,1
4,7,7,payload,36,28,19538782,11,125000.0,4,6,-0.1543697714805603,continuous,1322.2504066693748,420.88537645339966,0.4089736660988852,0.0014982648730058027,-0.037088798472905804,0,385,385,96,-27.31821060180664,10.488597869873047,29.262524083895535,856.29541015625,2.775005896746313,11.724405115959268,1035.6878652452197,1,33,1,1,1
4,7,7,payload,37,29,19546974,11,125000.0,4,6,-0.1543697714805603,continuous,1358.979584632413,432.57663691043854,0.4089736660988852,0.0014982648730058027,-0.0355905335999,0,677,677,169,-21.62116050720215,19.915966033935547,29.395922927220234,864.1202392578125,2.397223749225576,12.433387687932962,1033.0625404915827,1,33,1,1,1
4,7,7,payload,38,30,19555166,11,125000.0,4,6,-0.1543697714805603,continuous,1395.7087625954512,444.2678973674774,0.4089736660988852,0.0014982648730058027,-0.03409226872689419,0,857,857,214,-2.2420096397399902,29.180261611938477,29.266265135234754,856.5143432617188,1.6474787589441744,12.103136371231201,1032.5626507665856,1,33,1,1,1
4,7,7,payload,39,31,19563358,11,125000.0,4,6,-0.1543697714805603,continuous,1432.4379405584893,455.9591578245163,0.4089736660988852,0.0014982648730058027,-0.03259400385388839,0,89,89,22,-12.692177772521973,-25.639732360839844,28.60921620989989,818.4873046875,-2.030451925441373,10.361932369749345,1041.6881508502324,1,33,1,1,1
4,7,7,payload,40,32,19571550,11,125000.0,4,6,-0.1543697714805603,continuous,1469.1671185215275,467.6504182815551,0.4089736660988852,0.0014982648730058027,-0.031095738980882585,0,1609,-439,402,8.710143089294434,27.60183334350586,28.94352771447626,837.727783203125,1.2651225572564366,11.201654068124622,1034.9376490790432,1,33,1,1,1
4,7,7,payload,41,33,19579742,11,125000.0,4,6,-0.1543697714805603,continuous,1505.8962964845657,479.341678738594,0.4089736660988852,0.0014982648730058027,-0.029597474107876783,0,321,321,80,-16.827529907226562,23.31654930114746,28.75460370256291,826.8272705078125,2.1959374080876177,10.678852766864381,1038.31291911673,1,33,1,1,1
4,7,7,payload,42,34,19587934,11,125000.0,4,6,-0.1543697714805603,continuous,1542.625474447604,491.0329391956329,0.4089736660988852,0.0014982648730058027,-0.02809920923487098,0,2033,-15,508,27.312335968017578,-7.167455673217773,28.237140734454833,797.3361206054688,-0.2566387088402672,9.646937115615218,1039.4379876548337,1,33,1,1,1
4,7,7,payload,43,35,19596126,11,125000.0,4,6,-0.1543697714805603,continuous,1579.354652410642,502.72419965267176,0.4089736660988852,0.0014982648730058027,-0.026600944361865178,0,1733,-315,433,-24.798513412475586,-14.26733684539795,28.609843902558808,818.523193359375,-2.6195101592597165,10.392642348660493,1034.8126974213264,1,33,1,1,1
4,7,7,payload,44,36,19604318,11,125000.0,4,6,-0.1543697714805603,continuous,1616.0838303736803,514.4154601097107,0.4089736660988852,0.0014982648730058027,-0.025102679488859376,0,1361,-687,340,14.255342483520508,24.950761795043945,28.735958370576213,825.7551879882812,1.0517177626962289,10.491846778538559,1037.4376841151625,1,33,1,1,1
4,7,7,payload,45,37,19612510,11,125000.0,4,6,-0.1543697714805603,continuous,1652.8130083367184,526.1067205667496,0.4089736660988852,0.0014982648730058027,-0.023604414615853574,0,2001,-47,500,1.866361379623413,28.140483856201172,28.202307289661046,795.3701171875,1.5045703143926776,9.591776445355128,1042.4381222554366,1,33,1,1,1
4,7,7,payload,46,38,19620702,11,125000.0,4,6,-0.1543697714805603,continuous,1689.5421862997566,537.7979810237885,0.4089736660988852,0.0014982648730058027,-0.02210614974284777,0,1613,-435,403,9.952037811279297,-26.602489471435547,28.403089667762764,806.735595703125,-1.2128133976339694,9.897016828318673,1033.3127119968985,1,33,1,1,1
4,7,7,payload,47,39,19628894,11,125000.0,4,6,-0.1543697714805603,continuous,1726.2713642627948,549.4892414808273,0.4089736660988852,0.0014982648730058027,-0.02060788486984197,0,1769,-279,442,-18.517818450927734,-21.3218936920166,28.240622351413876,797.53271484375,-2.2859264476113497,9.643406368720113,1038.812817518,1,33,1,1,1
