event_index,start_sample,end_sample,first_window_index,last_window_index,window_count,reference_bin,reference_signed_bin,bin_min,bin_max,mean_peak_power,mean_confidence_db,max_peak_share,sf,bw,samp_rate,os_factor,chirp_samples,win_chirps,hop_samples,min_periodic_peaks,bin_tol
0,364544,495616,89,97,9,54,54,54,54,0.04566911029460461,0.20441084499022896,0.0005652384005930533,10,125000.0,500000.0,4,4096,24,4096,9,2
1,401408,544768,98,109,12,3694,-402,3694,3694,0.04555184804028362,0.33287641783095157,0.0005803545769415192,10,125000.0,500000.0,4,4096,24,4096,9,2
2,1122304,1277952,274,288,15,3459,-637,3459,3459,0.04636856995124914,0.4330163965733653,0.0006058427873340207,10,125000.0,500000.0,4,4096,24,4096,9,2
3,1228800,1372160,300,311,12,68,68,68,68,0.04558651545815495,0.24541767991548835,0.0005647115194511584,10,125000.0,500000.0,4,4096,24,4096,9,2
4,1376256,1527808,336,349,14,38,38,38,38,0.05993008731495758,0.5151649960721074,0.0006381220669868855,10,125000.0,500000.0,4,4096,24,4096,9,2
5,1597440,1732608,390,399,10,3616,-480,3616,3616,0.04692323985943026,0.25421609371013976,0.000603309625033722,10,125000.0,500000.0,4,4096,24,4096,9,2
6,1736704,1884160,424,436,13,3876,-220,3876,3876,0.05095809568898584,0.5787112543843066,0.0006575297321607185,10,125000.0,500000.0,4,4096,24,4096,9,2
7,1851392,1994752,452,463,12,3672,-424,3672,3672,0.04366493186924237,0.25841580702224093,0.0005673489431587471,10,125000.0,500000.0,4,4096,24,4096,9,2
8,2347008,2494464,573,585,13,370,370,370,370,0.045413173463614946,0.2512061702464984,0.0005742349671661152,10,125000.0,500000.0,4,4096,24,4096,9,2
9,2588672,2772992,632,653,22,291,291,291,291,0.05786406162029422,0.3753932929630194,0.0006187935585960113,10,125000.0,500000.0,4,4096,24,4096,9,2
10,2879488,3010560,703,711,9,331,331,331,331,0.04644528379182975,0.20907287660508728,0.0005890902056764735,10,125000.0,500000.0,4,4096,24,4096,9,2
11,3276800,3416064,800,810,11,4038,-58,4038,4038,0.046165108779078805,0.33310089310502317,0.0005721359860931717,10,125000.0,500000.0,4,4096,24,4096,9,2
12,3358720,3489792,820,828,9,219,219,219,219,0.04380066026148443,0.27289870229606306,0.0005492369600436286,10,125000.0,500000.0,4,4096,24,4096,9,2
13,3842048,3973120,938,946,9,318,318,318,318,0.049943682334198665,0.44051794149087725,0.0006220551841650686,10,125000.0,500000.0,4,4096,24,4096,9,2
14,3993600,4132864,975,985,11,148,148,148,148,0.05282649624914637,0.5345732412859319,0.0006500764470537659,10,125000.0,500000.0,4,4096,24,4096,9,2
15,4493312,4648960,1097,1111,15,232,232,232,232,0.047890540377965925,0.3814870470952028,0.0006822551040746873,10,125000.0,500000.0,4,4096,24,4096,9,2
16,4853760,4997120,1185,1196,12,3922,-174,3922,3922,0.054442588703546686,0.23695064881451602,0.0005829888462871639,10,125000.0,500000.0,4,4096,24,4096,9,2
17,4943872,5111808,1207,1224,18,3799,-297,3799,3799,0.04804321574158812,0.41181848139550453,0.0006539642105768919,10,125000.0,500000.0,4,4096,24,4096,9,2
18,5062656,5201920,1236,1246,11,3003,-1093,3003,3003,0.046752029452000035,0.40257870846406885,0.0006084407128182532,10,125000.0,500000.0,4,4096,24,4096,9,2
19,5222400,5398528,1275,1294,20,3563,-533,3563,3563,0.0535545985014164,0.576965547395025,0.0006995651993620416,10,125000.0,500000.0,4,4096,24,4096,9,2
20,5910528,6057984,1443,1455,13,3975,-121,3975,3975,0.04459489077512087,0.26035851405560245,0.0005732544613554243,10,125000.0,500000.0,4,4096,24,4096,9,2
21,6053888,6246400,1478,1501,24,749,749,749,749,0.19595196300224993,0.8366807325488285,0.0011738569801444025,10,125000.0,500000.0,4,4096,24,4096,9,2
22,6504448,6656000,1588,1601,14,3896,-200,3896,3896,0.052243366861728965,0.7199569628982108,0.000687117461353436,10,125000.0,500000.0,4,4096,24,4096,9,2
23,6610944,6754304,1614,1625,12,4061,-35,4061,4061,0.04811030655225826,0.6781749042061486,0.0006172088315332402,10,125000.0,500000.0,4,4096,24,4096,9,2
24,6660096,6799360,1626,1636,11,122,122,122,122,0.04406151830255206,0.2307084881000615,0.000556256752559536,10,125000.0,500000.0,4,4096,24,4096,9,2
25,6713344,6897664,1639,1660,22,3747,-349,3747,3747,0.049262074940869455,0.5749431182987014,0.0006611093227623929,10,125000.0,500000.0,4,4096,24,4096,9,2
26,6852608,6991872,1673,1683,11,305,305,305,305,0.04457067261521744,0.21223367220011527,0.0005727743364198398,10,125000.0,500000.0,4,4096,24,4096,9,2
27,6975488,7118848,1703,1714,12,20,20,20,20,0.04601190728871062,0.3212140832500028,0.0006100474018556449,10,125000.0,500000.0,4,4096,24,4096,9,2
28,7024640,7155712,1715,1723,9,3786,-310,3786,3786,0.04724009572876151,0.34144638454562326,0.0006053905836696061,10,125000.0,500000.0,4,4096,24,4096,9,2
29,7131136,7307264,1741,1760,20,3881,-215,3881,3881,0.0593912197706255,0.4528007401322981,0.000632817483550984,10,125000.0,500000.0,4,4096,24,4096,9,2
30,7593984,7729152,1854,1863,10,3920,-176,3920,3921,0.04563201807259225,0.16092419753012227,0.0006029989271517616,10,125000.0,500000.0,4,4096,24,4096,9,2
31,7680000,7827456,1875,1887,13,4021,-75,4021,4021,0.04501001476303547,0.197740325553451,0.0005896959123076152,10,125000.0,500000.0,4,4096,24,4096,9,2
32,7921664,8056832,1934,1943,10,506,506,506,506,0.042682939937104446,0.2149242387807985,0.0005434245630486944,10,125000.0,500000.0,4,4096,24,4096,9,2
33,7999488,8142848,1953,1964,12,2,2,2,2,0.04423461852083938,0.2100708695688512,0.0006213825948814286,10,125000.0,500000.0,4,4096,24,4096,9,2
34,8048640,8183808,1965,1974,10,4066,-30,4066,4066,0.047810146403914025,0.40869402883052397,0.0006121434322605599,10,125000.0,500000.0,4,4096,24,4096,9,2
35,8187904,8323072,1999,2008,10,3982,-114,3982,3982,0.059941695437435195,0.4621375802684325,0.0006251830949941995,10,125000.0,500000.0,4,4096,24,4096,9,2
36,8282112,8421376,2022,2032,11,4076,-20,4076,4076,0.05483092446105682,0.5280722593300328,0.0006631876180428949,10,125000.0,500000.0,4,4096,24,4096,9,2
37,8351744,8499200,2039,2051,13,141,141,141,141,0.05080298327761685,0.3315998047158556,0.0006305378893620512,10,125000.0,500000.0,4,4096,24,4096,9,2
38,8810496,8994816,2151,2172,22,137,137,137,137,0.04544733032224003,0.3531783103705435,0.0005940240228994493,10,125000.0,500000.0,4,4096,24,4096,9,2
39,9281536,9412608,2266,2274,9,3729,-367,3729,3729,0.04482448281671644,0.24140490353496333,0.0005896772946710461,10,125000.0,500000.0,4,4096,24,4096,9,2
40,10104832,10280960,2467,2486,20,44,44,44,44,0.04522622242710744,0.3181144393973311,0.0006495322522692322,10,125000.0,500000.0,4,4096,24,4096,9,2
41,10240000,10387456,2500,2512,13,161,161,161,161,0.053091990562286265,0.7774718215305374,0.0006928348881982788,10,125000.0,500000.0,4,4096,24,4096,9,2
42,10600448,10743808,2588,2599,12,206,206,206,206,0.04549690605413605,0.46548571264270744,0.0006000007534591678,10,125000.0,500000.0,4,4096,24,4096,9,2
43,10653696,10792960,2601,2611,11,784,784,784,784,0.04319533713341226,0.27267773439260723,0.0005632219972783567,10,125000.0,500000.0,4,4096,24,4096,9,2
44,10809344,10944512,2639,2648,10,3904,-192,3904,3904,0.045844514473024366,0.19310800179318638,0.0005828038903188436,10,125000.0,500000.0,4,4096,24,4096,9,2
45,11218944,11386880,2739,2756,18,3785,-311,3785,3785,0.050673117816623744,0.6703224225926401,0.0006843208394782312,10,125000.0,500000.0,4,4096,24,4096,9,2
46,11366400,11501568,2775,2784,10,3828,-268,3828,3828,0.048889413117346694,0.19442915151039192,0.0006094582441181886,10,125000.0,500000.0,4,4096,24,4096,9,2
47,11509760,11649024,2810,2820,11,3995,-101,3995,3995,0.051585606036672456,0.48999085888908395,0.0006433007258532659,10,125000.0,500000.0,4,4096,24,4096,9,2
48,11636736,11767808,2841,2849,9,3636,-460,3636,3636,0.06801314352327598,0.288340656324586,0.0005869264834355839,10,125000.0,500000.0,4,4096,24,4096,9,2
49,11730944,11866112,2864,2873,10,3709,-387,3709,3709,0.0644743463736127,0.2841664142628356,0.000593946153246586,10,125000.0,500000.0,4,4096,24,4096,9,2
50,11894784,12054528,2904,2919,16,3893,-203,3893,3893,0.05752819670475881,0.4826297749554104,0.0006681928013333204,10,125000.0,500000.0,4,4096,24,4096,9,2
51,12042240,12185600,2940,2951,12,92,92,92,92,0.06034543191776737,0.2639936529079878,0.0006162881988516851,10,125000.0,500000.0,4,4096,24,4096,9,2
52,12292096,12423168,3001,3009,9,80,80,80,80,0.05035048988848178,0.5164011833390408,0.0005764345205145873,10,125000.0,500000.0,4,4096,24,4096,9,2
53,12357632,12492800,3017,3026,10,3773,-323,3773,3773,0.05657999471317465,0.38114079894201036,0.000615384039882287,10,125000.0,500000.0,4,4096,24,4096,9,2
54,12607488,12771328,3078,3094,17,164,164,164,164,0.05928085838225245,0.2946705629064133,0.0006558872037049992,10,125000.0,500000.0,4,4096,24,4096,9,2
55,12849152,12988416,3137,3147,11,21,21,21,21,0.04891983143195326,0.3303305745816959,0.0006261685248503693,10,125000.0,500000.0,4,4096,24,4096,9,2
56,13058048,13193216,3188,3197,10,3895,-201,3895,3895,0.04912557108653405,0.33886161156960715,0.0006105386111799715,10,125000.0,500000.0,4,4096,24,4096,9,2
57,13185024,13324288,3219,3229,11,445,445,445,445,0.04844200215731434,0.17781195101044903,0.0005848229136816269,10,125000.0,500000.0,4,4096,24,4096,9,2
58,13783040,13918208,3365,3374,10,92,92,92,92,0.04452056864563188,0.1280008893575637,0.0005539749112811061,10,125000.0,500000.0,4,4096,24,4096,9,2
59,13996032,14127104,3417,3425,9,3982,-114,3982,3982,0.05536633403417195,0.20444282739433137,0.0005791395147532212,10,125000.0,500000.0,4,4096,24,4096,9,2
60,14057472,14188544,3432,3440,9,288,288,286,288,0.04605751495860122,0.09519426237100756,0.0005890290533575033,10,125000.0,500000.0,4,4096,24,4096,9,2
61,14151680,14290944,3455,3465,11,3911,-185,3911,3911,0.04584183544967062,0.19140071100929654,0.0005779040654103133,10,125000.0,500000.0,4,4096,24,4096,9,2
62,14336000,14479360,3500,3511,12,153,153,153,153,0.0494941517034043,0.5883168009987783,0.0006664152332443228,10,125000.0,500000.0,4,4096,24,4096,9,2
63,14385152,14532608,3512,3524,13,4090,-6,4090,4090,0.04946920995316028,0.40291957078852536,0.0006214839355586447,10,125000.0,500000.0,4,4096,24,4096,9,2
64,14446592,14581760,3527,3536,10,106,106,106,106,0.049477584524783,0.575469292238321,0.0006225059090120643,10,125000.0,500000.0,4,4096,24,4096,9,2
65,14520320,14659584,3545,3555,11,3712,-384,3712,3712,0.048340739909192784,0.3939870008301661,0.0005813275460896685,10,125000.0,500000.0,4,4096,24,4096,9,2
66,14876672,15024128,3632,3644,13,113,113,113,113,0.045179348634673114,0.2860144810125069,0.0005664341233266796,10,125000.0,500000.0,4,4096,24,4096,9,2
67,15028224,15159296,3669,3677,9,3352,-744,3352,3352,0.06919229928724366,0.41669601538108225,0.0005834192799589776,10,125000.0,500000.0,4,4096,24,4096,9,2
68,15163392,15298560,3702,3711,10,392,392,392,392,0.059033343612579205,0.5035929603763102,0.0006204732708113477,10,125000.0,500000.0,4,4096,24,4096,9,2
69,15208448,15400960,3713,3736,24,362,362,362,362,0.051342291385173565,0.540258606334653,0.0006569656518583203,10,125000.0,500000.0,4,4096,24,4096,9,2
70,15441920,15605760,3770,3786,17,3931,-165,3931,3931,0.04841739041248478,0.41279527535103033,0.0006222805862443322,10,125000.0,500000.0,4,4096,24,4096,9,2
71,15519744,15654912,3789,3798,10,4038,-58,4038,4038,0.045268371515206685,0.17700666469926118,0.0005527700260271745,10,125000.0,500000.0,4,4096,24,4096,9,2
72,15630336,15790080,3816,3831,16,65,65,65,65,0.0456106830693843,0.25732130203165093,0.0006064827947433529,10,125000.0,500000.0,4,4096,24,4096,9,2
73,15831040,15962112,3865,3873,9,168,168,168,168,0.049845698148472006,0.3883767120167329,0.0006318499255060029,10,125000.0,500000.0,4,4096,24,4096,9,2
74,15925248,16056320,3888,3896,9,3694,-402,3694,3694,0.05000973456425102,0.23450785114935288,0.0006277743899041974,10,125000.0,500000.0,4,4096,24,4096,9,2
75,16027648,16171008,3913,3924,12,4024,-72,4024,4024,0.05194658379138867,0.6896921973035508,0.0006667853639170193,10,125000.0,500000.0,4,4096,24,4096,9,2
76,16130048,16261120,3938,3946,9,73,73,73,73,0.0467484782483537,0.36638100448534566,0.0005774668610728814,10,125000.0,500000.0,4,4096,24,4096,9,2
77,16175104,16306176,3949,3957,9,174,174,174,174,0.04641291707988183,0.2957954047994872,0.000589826548112035,10,125000.0,500000.0,4,4096,24,4096,9,2
78,16363520,16494592,3995,4003,9,386,386,386,386,0.04556821893492696,0.24297475704063368,0.0005858325759251029,10,125000.0,500000.0,4,4096,24,4096,9,2
79,16465920,16601088,4020,4029,10,405,405,405,405,0.04488601495944046,0.24004117946369705,0.000578975746229767,10,125000.0,500000.0,4,4096,24,4096,9,2
80,16592896,16732160,4051,4061,11,72,72,72,72,0.052044741440582395,0.4800020472840863,0.0006072756643059983,10,125000.0,500000.0,4,4096,24,4096,9,2
81,16920576,17051648,4131,4139,9,258,258,258,258,0.04804883252576023,0.16840429299041512,0.0005676765835910494,10,125000.0,500000.0,4,4096,24,4096,9,2
82,16994304,17133568,4149,4159,11,46,46,46,46,0.050872106795256326,0.2067291588896378,0.0005955420836731059,10,125000.0,500000.0,4,4096,24,4096,9,2
83,17268736,17399808,4216,4224,9,4094,-2,4094,4094,0.045324840266376676,0.19786066138497602,0.0005403443999642145,10,125000.0,500000.0,4,4096,24,4096,9,2
84,17391616,17530880,4246,4256,11,3836,-260,3836,3836,0.047316149845727275,0.2736362239385556,0.0005627646719213272,10,125000.0,500000.0,4,4096,24,4096,9,2
85,17526784,17682432,4279,4293,15,4036,-60,4036,4036,0.0685945321948529,0.2907920073827038,0.0005759898238537123,10,125000.0,500000.0,4,4096,24,4096,9,2
86,17666048,17805312,4313,4323,11,3747,-349,3747,3747,0.050140058428992586,0.5828081223983951,0.000599094750542331,10,125000.0,500000.0,4,4096,24,4096,9,2
87,17715200,17846272,4325,4333,9,333,333,333,333,0.04463753475596883,0.11759287223186522,0.0005247496863694919,10,125000.0,500000.0,4,4096,24,4096,9,2
88,17764352,17895424,4337,4345,9,230,230,230,230,0.04841992633087845,0.16624963659480224,0.0005777515791905457,10,125000.0,500000.0,4,4096,24,4096,9,2
89,17821696,17956864,4351,4360,10,167,167,167,167,0.04875784643046115,0.18654468538309105,0.0005844933811203561,10,125000.0,500000.0,4,4096,24,4096,9,2
90,17924096,18059264,4376,4385,10,473,473,473,473,0.046528522774242784,0.17969493890508703,0.0005525458435479602,10,125000.0,500000.0,4,4096,24,4096,9,2
91,18071552,18210816,4412,4422,11,184,184,184,184,0.059408319761128474,0.5225544587483575,0.0006907610359390572,10,125000.0,500000.0,4,4096,24,4096,9,2
92,18325504,18472960,4474,4486,13,737,737,737,737,0.05158240124588403,0.5705347144507386,0.0006368485948853857,10,125000.0,500000.0,4,4096,24,4096,9,2
93,18423808,18563072,4498,4508,11,210,210,210,210,0.05129033850591929,0.24571640643683657,0.0005661709060421204,10,125000.0,500000.0,4,4096,24,4096,9,2
94,18739200,18874368,4575,4584,10,158,158,158,158,0.04732060045246349,0.21787403468262082,0.000587689767963193,10,125000.0,500000.0,4,4096,24,4096,9,2
95,18976768,19120128,4633,4644,12,452,452,452,452,0.07138579733763933,0.48840869865705533,0.0006029442190229474,10,125000.0,500000.0,4,4096,24,4096,9,2
96,19210240,19349504,4690,4700,11,347,347,347,347,0.05775787840199317,0.17585453348722868,0.0005525418138404834,10,125000.0,500000.0,4,4096,24,4096,9,2
97,19456000,19603456,4750,4762,13,678,678,678,678,0.05303981762074171,0.3505887559857894,0.000644947312195554,10,125000.0,500000.0,4,4096,24,4096,9,2
98,19681280,19845120,4805,4821,17,342,342,342,342,0.04765793383442786,0.19294107889545592,0.0005834719061759586,10,125000.0,500000.0,4,4096,24,4096,9,2
99,19771392,19906560,4827,4836,10,429,429,429,429,0.04809057504607557,0.1924441382885586,0.0005854463815858195,10,125000.0,500000.0,4,4096,24,4096,9,2
100,19861504,19992576,4849,4857,9,4044,-52,4043,4044,0.0453513977286828,0.22666534242714922,0.0005628223219831401,10,125000.0,500000.0,4,4096,24,4096,9,2
101,19914752,20058112,4862,4873,12,4043,-53,4043,4043,0.04665093832739469,0.2898938331362538,0.0005750570320657436,10,125000.0,500000.0,4,4096,24,4096,9,2
102,20131840,20271104,4915,4925,11,191,191,191,191,0.04464014764309638,0.1678012102007025,0.000541637709514203,10,125000.0,500000.0,4,4096,24,4096,9,2
103,20176896,20316160,4926,4936,11,314,314,314,314,0.05580500055599891,0.4384505053041518,0.0006847514445749092,10,125000.0,500000.0,4,4096,24,4096,9,2
104,20901888,21032960,5103,5111,9,168,168,168,168,0.04660731515687289,0.40694339809563174,0.0006111331141957567,10,125000.0,500000.0,4,4096,24,4096,9,2
105,21008384,21159936,5129,5142,14,23,23,23,23,0.04947494026537964,0.44169604843065946,0.0006466419830404726,10,125000.0,500000.0,4,4096,24,4096,9,2
106,21159936,21291008,5166,5174,9,3868,-228,3868,3868,0.04419525575853208,0.32473673599077035,0.0005686919968354336,10,125000.0,500000.0,4,4096,24,4096,9,2
107,21262336,21397504,5191,5200,10,67,67,67,67,0.046207529495489376,0.38698665531293136,0.0006163045618281465,10,125000.0,500000.0,4,4096,24,4096,9,2
108,21614592,21749760,5277,5286,10,3791,-305,3791,3791,0.047549578633619596,0.38165377403106604,0.0006279792007149283,10,125000.0,500000.0,4,4096,24,4096,9,2
109,22315008,22450176,5448,5457,10,3760,-336,3760,3760,0.04495719206565214,0.39201995245725374,0.0005754304958619174,10,125000.0,500000.0,4,4096,24,4096,9,2
110,22441984,22577152,5479,5488,10,67,67,67,67,0.04411430468622978,0.24836313814760858,0.0006108676539546142,10,125000.0,500000.0,4,4096,24,4096,9,2
111,22482944,22618112,5489,5498,10,104,104,104,104,0.04446623936428107,0.34877988583603553,0.0005818778150393396,10,125000.0,500000.0,4,4096,24,4096,9,2
112,22786048,22978560,5563,5586,24,186,186,186,186,0.04780498234294935,0.56661590464738,0.0006573865698423888,10,125000.0,500000.0,4,4096,24,4096,9,2
113,23035904,23179264,5624,5635,12,336,336,336,336,0.05380556638746601,0.5353296039366289,0.0006541154866338569,10,125000.0,500000.0,4,4096,24,4096,9,2
114,23089152,23236608,5637,5649,13,4031,-65,4031,4031,0.0652361257773205,0.5978106286973707,0.0006214570849266305,10,125000.0,500000.0,4,4096,24,4096,9,2
115,23269376,23437312,5681,5698,18,54,54,54,54,0.05166945173459481,1.0508616417756709,0.000730151465210953,10,125000.0,500000.0,4,4096,24,4096,9,2
116,23347200,23486464,5700,5710,11,169,169,169,169,0.044263334926396856,0.31695744817333615,0.0005917423182128217,10,125000.0,500000.0,4,4096,24,4096,9,2
117,23461888,23609344,5728,5740,13,220,220,220,220,0.04456235367960312,0.31184141867968534,0.0005910479810358714,10,125000.0,500000.0,4,4096,24,4096,9,2
118,24035328,24166400,5868,5876,9,3752,-344,3752,3752,0.06557393096881853,0.23999937073988387,0.0005710488605025097,10,125000.0,500000.0,4,4096,24,4096,9,2
119,24215552,24350720,5912,5921,10,338,338,338,338,0.04634664348961734,0.3701457422357184,0.0005986896392550964,10,125000.0,500000.0,4,4096,24,4096,9,2
120,24268800,24412160,5925,5936,12,3991,-105,3991,3991,0.04652416045686145,0.3415727063037058,0.0006337532468756323,10,125000.0,500000.0,4,4096,24,4096,9,2
121,24424448,24555520,5963,5971,9,3998,-98,3998,3998,0.045932076108512764,0.2884062065425628,0.0005715675496572435,10,125000.0,500000.0,4,4096,24,4096,9,2
122,24465408,24616960,5973,5986,14,24,24,24,24,0.04730004007815263,0.3254886759207335,0.0005992247931889791,10,125000.0,500000.0,4,4096,24,4096,9,2
123,24608768,24772608,6008,6024,17,206,206,206,206,0.04481527450385708,0.5200936423487971,0.0006121305184298005,10,125000.0,500000.0,4,4096,24,4096,9,2
124,24834048,25018368,6063,6084,22,43,43,43,43,0.0549193997185117,0.42589877816741734,0.0006078144944677129,10,125000.0,500000.0,4,4096,24,4096,9,2
125,25051136,25202688,6116,6129,14,147,147,147,147,0.06940777345142672,0.5449324856925957,0.0006225340105079647,10,125000.0,500000.0,4,4096,24,4096,9,2
126,25108480,25239552,6130,6138,9,182,182,182,182,0.056062569361997903,0.32194970177249665,0.0005939809622343537,10,125000.0,500000.0,4,4096,24,4096,9,2
127,25206784,25358336,6154,6167,14,285,285,285,285,0.051519431968878884,0.20327520711247712,0.0005998083532006394,10,125000.0,500000.0,4,4096,24,4096,9,2
128,25432064,25579520,6209,6221,13,333,333,333,333,0.04896328657251933,0.42810406147069013,0.000627248733740191,10,125000.0,500000.0,4,4096,24,4096,9,2
129,25673728,25804800,6268,6276,9,3647,-449,3647,3647,0.0500510488872348,0.4475021089827886,0.0006134971813213596,10,125000.0,500000.0,4,4096,24,4096,9,2
130,25808896,25948160,6301,6311,11,3629,-467,3629,3629,0.05058452257025712,0.6369169626871629,0.0006325347176823787,10,125000.0,500000.0,4,4096,24,4096,9,2
131,26329088,26460160,6428,6436,9,3863,-233,3863,3863,0.0493273634134046,0.443502829110972,0.000610046054456504,10,125000.0,500000.0,4,4096,24,4096,9,2
132,26365952,26497024,6437,6445,9,342,342,342,342,0.04923186183417791,0.28893719371526916,0.0006136616306087381,10,125000.0,500000.0,4,4096,24,4096,9,2
133,26431488,26574848,6453,6464,12,3583,-513,3583,3583,0.04832251372507923,0.43529737806194174,0.0006039636172084344,10,125000.0,500000.0,4,4096,24,4096,9,2
134,26628096,26800128,6501,6519,19,40,40,40,40,0.04719025323022912,0.26376284672045064,0.0006385592771688686,10,125000.0,500000.0,4,4096,24,4096,9,2
135,27004928,27152384,6593,6605,13,3913,-183,3913,3913,0.04410640318961041,0.1764103530498288,0.0005388839423333916,10,125000.0,500000.0,4,4096,24,4096,9,2
136,27099136,27234304,6616,6625,10,474,474,474,474,0.04853866550091669,0.27637094242477944,0.0006253173497344007,10,125000.0,500000.0,4,4096,24,4096,9,2
137,27148288,27283456,6628,6637,10,474,474,474,474,0.05054391333442789,0.4358850214982235,0.0006312953032421917,10,125000.0,500000.0,4,4096,24,4096,9,2
138,27242496,27402240,6651,6666,16,3709,-387,3709,3709,0.05242806965767981,0.49246933714115027,0.0006592249024270102,10,125000.0,500000.0,4,4096,24,4096,9,2
139,27635712,27770880,6747,6756,10,4042,-54,4042,4042,0.04811778788916697,0.26590376870536386,0.0006220038838471672,10,125000.0,500000.0,4,4096,24,4096,9,2
140,27697152,27848704,6762,6775,14,3901,-195,3901,3902,0.051133867482823045,0.41629220452331656,0.0006495598348382457,10,125000.0,500000.0,4,4096,24,4096,9,2
141,27918336,28049408,6816,6824,9,4077,-19,4077,4077,0.044468038826191804,0.0783975406642145,0.0005505000366276539,10,125000.0,500000.0,4,4096,24,4096,9,2
142,27983872,28119040,6832,6841,10,4047,-49,4047,4047,0.05209080676254766,0.3305070676272742,0.0006158514173759692,10,125000.0,500000.0,4,4096,24,4096,9,2
143,28434432,28565504,6942,6950,9,420,420,420,420,0.04606342060205271,0.44430639177092046,0.0005799668008058433,10,125000.0,500000.0,4,4096,24,4096,9,2
144,28774400,28917760,7025,7036,12,3758,-338,3758,3758,0.050913040986700554,0.42771772831560617,0.0006288665001408664,10,125000.0,500000.0,4,4096,24,4096,9,2
145,28880896,29011968,7051,7059,9,136,136,136,136,0.04627318380465154,0.2585327765066897,0.0005782513217674312,10,125000.0,500000.0,4,4096,24,4096,9,2
146,29548544,29687808,7214,7224,11,101,101,101,101,0.051103855732562535,0.5088027080136425,0.0006173369540394706,10,125000.0,500000.0,4,4096,24,4096,9,2
147,29650944,29786112,7239,7248,10,823,823,823,823,0.046149694285681844,0.2602503540234371,0.0005594994894315132,10,125000.0,500000.0,4,4096,24,4096,9,2
148,29724672,29880320,7257,7271,15,3954,-142,3954,3954,0.046335826414173886,0.2472508134666561,0.0005817140077201394,10,125000.0,500000.0,4,4096,24,4096,9,2
149,30171136,30302208,7366,7374,9,3377,-719,3377,3377,0.044672988463917596,0.14192258269970628,0.00053647042519798,10,125000.0,500000.0,4,4096,24,4096,9,2
150,30322688,30457856,7403,7412,10,3955,-141,3955,3955,0.05369428456941833,0.6912289747234291,0.0006397129445989634,10,125000.0,500000.0,4,4096,24,4096,9,2
151,30670848,30810112,7488,7498,11,391,391,391,391,0.05234484682916662,0.3695379978747669,0.0006396915582016109,10,125000.0,500000.0,4,4096,24,4096,9,2
152,30859264,31010816,7534,7547,14,3753,-343,3753,3753,0.04964592738149783,0.4917599628777175,0.0006285587288728132,10,125000.0,500000.0,4,4096,24,4096,9,2
153,30994432,31125504,7567,7575,9,229,229,229,229,0.04674973986311519,0.19423395109217229,0.0005774285529126271,10,125000.0,500000.0,4,4096,24,4096,9,2
154,31076352,31207424,7587,7595,9,36,36,36,36,0.05013087293252367,0.3365977090774229,0.0006129960289354989,10,125000.0,500000.0,4,4096,24,4096,9,2
155,31199232,31342592,7617,7628,12,3600,-496,3600,3600,0.048669055415108214,0.4764702539351478,0.000642083963502736,10,125000.0,500000.0,4,4096,24,4096,9,2
156,31453184,31612928,7679,7694,16,159,159,159,159,0.05053863320942349,0.31991586380223036,0.0006618291249176796,10,125000.0,500000.0,4,4096,24,4096,9,2
157,31592448,31727616,7713,7722,10,128,128,128,128,0.05006067028187185,0.43059531193201306,0.0006199465142285342,10,125000.0,500000.0,4,4096,24,4096,9,2
158,31694848,31862784,7738,7755,18,159,159,159,159,0.051494043301633194,0.4029822743291638,0.0006698389110060513,10,125000.0,500000.0,4,4096,24,4096,9,2
159,31858688,31997952,7778,7788,11,4031,-65,4031,4032,0.04898589136606775,0.1776520471403442,0.0006157958445719604,10,125000.0,500000.0,4,4096,24,4096,9,2
160,31903744,32038912,7789,7798,10,4017,-79,4017,4017,0.05040912783038402,0.2217925575125032,0.0006055056948074759,10,125000.0,500000.0,4,4096,24,4096,9,2
161,32034816,32165888,7821,7829,9,211,211,211,211,0.06157689509090593,0.2847183029468913,0.0005808950357689328,10,125000.0,500000.0,4,4096,24,4096,9,2
162,32264192,32399360,7877,7886,10,3383,-713,3383,3383,0.04771234334370471,0.3907901107308932,0.0005960465189929162,10,125000.0,500000.0,4,4096,24,4096,9,2
163,32366592,32514048,7902,7914,13,181,181,181,181,0.050526236639284745,0.37220737958778943,0.0006151273548228989,10,125000.0,500000.0,4,4096,24,4096,9,2
164,32567296,32706560,7951,7961,11,143,143,143,143,0.05073621099744486,0.63968101008805,0.0006270745918767321,10,125000.0,500000.0,4,4096,24,4096,9,2
165,32710656,32841728,7986,7994,9,4091,-5,4091,4091,0.04821475341383666,0.2785675268512578,0.0006211219680467065,10,125000.0,500000.0,4,4096,24,4096,9,2
166,32768000,32903168,8000,8009,10,141,141,141,141,0.04841915401401242,0.2365304294068385,0.0005921105408962192,10,125000.0,500000.0,4,4096,24,4096,9,2
167,33132544,33296384,8089,8105,17,3821,-275,3821,3821,0.04407168214624947,0.26404212969576624,0.0005784387059949873,10,125000.0,500000.0,4,4096,24,4096,9,2
168,33214464,33345536,8109,8117,9,665,665,665,665,0.04552826004677239,0.30058415860426524,0.0005733039917418165,10,125000.0,500000.0,4,4096,24,4096,9,2
169,33435648,33583104,8163,8175,13,4032,-64,4032,4032,0.046133955681243635,0.3544775450164357,0.0006497187602495484,10,125000.0,500000.0,4,4096,24,4096,9,2
170,33562624,33718272,8194,8208,15,439,439,439,439,0.048256388162309524,0.5804723337277985,0.0006345152279990125,10,125000.0,500000.0,4,4096,24,4096,9,2
171,33808384,33939456,8254,8262,9,349,349,349,349,0.04830391344844167,0.5237403868687659,0.0006495001863976697,10,125000.0,500000.0,4,4096,24,4096,9,2
172,33853440,34021376,8265,8282,18,88,88,88,88,0.0493709318059147,0.38410974110227786,0.0006752953602614853,10,125000.0,500000.0,4,4096,24,4096,9,2
