packet_index,payload_symbol_index,gt_bin,savaux_bin,savaux_hit,gt_savaux_rank,gt_in_topk,gt_score,arg_score,gt_score_over_arg_db,gt_path_gain,arg_path_gain,gt_tau0,arg_tau0,gt_slope,arg_slope,would_fix
1,0,222,222,1,1,1,0.468151501381831,0.468151501381831,0.0,0.05555467671034919,0.05555467671034919,0.5,0.5,-0.5,-0.5,0
1,1,826,640,0,10,0,0.20706179052304388,0.3096835855624576,-1.7481822150483952,0.12785537084621887,0.17034055736840542,-0.5,0.0,0.5,0.0,0
1,2,922,922,1,1,1,0.4680500596628081,0.4680500596628081,0.0,0.08630318734766872,0.08630318734766872,-0.5,-0.5,-0.5,-0.5,0
1,3,718,718,1,1,1,0.575206776858534,0.575206776858534,0.0,0.06956319987971907,0.06956319987971907,0.5,0.5,-0.5,-0.5,0
1,4,107,107,1,1,1,0.6857277812203639,0.6857277812203639,0.0,0.06761352735462049,0.06761352735462049,-0.5,-0.5,0.5,0.5,0
1,5,468,468,1,1,1,0.5097002641218116,0.5097002641218116,0.0,0.09214958666486907,0.09214958666486907,0.5,0.5,-0.5,-0.5,0
1,6,89,89,1,1,1,0.5349103247175423,0.5349103247175423,0.0,0.15199038241352403,0.15199038241352403,-0.5,-0.5,-0.5,-0.5,0
1,7,713,713,1,1,1,0.4115733755252155,0.4115733755252155,0.0,0.029636972923430285,0.029636972923430285,-0.5,-0.5,-0.5,-0.5,0
1,8,865,865,1,1,1,0.5823944321121891,0.5823944321121891,0.0,0.059733628053424345,0.059733628053424345,0.5,0.5,0.5,0.5,0
1,9,492,492,1,1,1,0.5621951755850525,0.5621951755850525,0.0,0.1612647923456327,0.1612647923456327,0.0,0.0,0.0,0.0,0
1,10,765,765,1,1,1,0.5810437256220065,0.5810437256220065,0.0,0.1184861645935764,0.1184861645935764,0.0,0.0,0.0,0.0,0
1,11,1023,1023,1,1,1,0.6200094002978418,0.6200094002978418,0.0,0.09524718679750435,0.09524718679750435,-0.5,-0.5,0.5,0.5,0
1,12,597,394,0,10,0,0.19801641017598934,0.27077232022184666,-1.3590308344779742,0.10085871154259367,0.06411969852220831,-0.5,0.5,0.5,0.5,0
1,13,562,562,1,1,1,0.25272768274801805,0.25272768274801805,0.0,0.04830024488807984,0.04830024488807984,-0.5,-0.5,0.5,0.5,0
1,14,478,478,1,1,1,0.44060466556534866,0.44060466556534866,0.0,0.14961732347591777,0.14961732347591777,0.0,0.0,0.0,0.0,0
1,15,267,267,1,1,1,0.5306945276775242,0.5306945276775242,0.0,0.11790214680568689,0.11790214680568689,0.0,0.0,0.0,0.0,0
1,16,917,917,1,1,1,0.6399465241372203,0.6399465241372203,0.0,0.06880384859596748,0.06880384859596748,0.5,0.5,0.5,0.5,0
1,17,656,656,1,1,1,0.46567721960587366,0.46567721960587366,0.0,0.12797160654251832,0.12797160654251832,0.5,0.5,0.5,0.5,0
1,18,889,889,1,1,1,0.47460638164590613,0.47460638164590613,0.0,0.1196557524506209,0.1196557524506209,-0.5,-0.5,0.5,0.5,0
1,19,510,510,1,1,1,0.7123521198829492,0.7123521198829492,0.0,0.104499038748837,0.104499038748837,0.0,0.0,0.0,0.0,0
1,20,860,860,1,1,1,0.46675785957096283,0.46675785957096283,0.0,0.08353581293996461,0.08353581293996461,-0.5,-0.5,0.5,0.5,0
1,21,553,553,1,1,1,0.6780151354570528,0.6780151354570528,0.0,0.09072207852163477,0.09072207852163477,-0.5,-0.5,0.5,0.5,0
1,22,629,629,1,1,1,0.5646410676920205,0.5646410676920205,0.0,0.08978978891615949,0.08978978891615949,0.5,0.5,-0.5,-0.5,0
1,23,759,525,0,5,1,0.22014863821822586,0.32874874879388327,-1.741481052194951,0.09156798822263401,0.1515283400131048,0.5,0.0,-0.5,-0.5,0
1,24,874,874,1,1,1,0.43935176497840583,0.43935176497840583,0.0,0.0995550074998108,0.0995550074998108,0.5,0.5,-0.5,-0.5,0
1,25,720,720,1,1,1,0.8345959443201084,0.8345959443201084,0.0,0.08829531654024002,0.08829531654024002,0.5,0.5,0.5,0.5,0
1,26,314,314,1,1,1,0.6800494807478284,0.6800494807478284,0.0,0.09919838313772383,0.09919838313772383,0.0,0.0,0.0,0.0,0
1,27,602,602,1,1,1,0.7390382347950015,0.7390382347950015,0.0,0.1063543488120803,0.1063543488120803,0.0,0.0,0.0,0.0,0
1,28,7,7,1,1,1,0.5723209502961264,0.5723209502961264,0.0,0.13009864175816546,0.13009864175816546,0.0,0.0,-0.5,-0.5,0
1,29,610,610,1,1,1,0.5163236390496243,0.5163236390496243,0.0,0.06034660676922503,0.06034660676922503,0.5,0.5,-0.5,-0.5,0
1,30,807,807,1,1,1,0.7720084108834162,0.7720084108834162,0.0,0.10486923491944325,0.10486923491944325,-0.5,-0.5,-0.5,-0.5,0
1,31,897,897,1,1,1,0.5389343861719862,0.5389343861719862,0.0,0.056779265795432715,0.056779265795432715,-0.5,-0.5,0.5,0.5,0
1,32,749,749,1,1,1,0.5501983745599954,0.5501983745599954,0.0,0.12222810939179697,0.12222810939179697,0.5,0.5,-0.5,-0.5,0
1,33,584,584,1,1,1,0.7956468187313457,0.7956468187313457,0.0,0.12196457536501414,0.12196457536501414,0.0,0.0,0.0,0.0,0
1,34,934,934,1,1,1,0.3954084046518784,0.3954084046518784,0.0,0.11622416267555799,0.11622416267555799,0.5,0.5,-0.5,-0.5,0
2,0,803,803,1,1,1,0.5769114245146438,0.5769114245146438,0.0,0.0724024624532811,0.0724024624532811,-0.5,-0.5,0.5,0.5,0
2,1,826,826,1,1,1,0.5939089082240974,0.5939089082240974,0.0,0.12558894601858078,0.12558894601858078,0.0,0.0,0.0,0.0,0
2,2,922,922,1,1,1,1.1241362385027676,1.1241362385027676,0.0,0.10028522107874625,0.10028522107874625,0.0,0.0,0.0,0.0,0
2,3,718,718,1,1,1,0.5634512443847897,0.5634512443847897,0.0,0.14330629540411496,0.14330629540411496,0.0,0.0,0.0,0.0,0
2,4,86,86,1,1,1,0.3437422463434605,0.3437422463434605,0.0,0.09280829445087749,0.09280829445087749,-0.5,-0.5,0.5,0.5,0
2,5,468,468,1,1,1,0.42517427162661536,0.42517427162661536,0.0,0.08762467555203306,0.08762467555203306,0.0,0.0,-0.5,-0.5,0
2,6,89,89,1,1,1,0.674513713210191,0.674513713210191,0.0,0.09669021895524577,0.09669021895524577,0.5,0.5,-0.5,-0.5,0
2,7,713,713,1,1,1,0.596889375533329,0.596889375533329,0.0,0.11224499507467764,0.11224499507467764,0.5,0.5,-0.5,-0.5,0
2,8,865,865,1,1,1,1.0263674419981321,1.0263674419981321,0.0,0.0669407284103305,0.0669407284103305,0.5,0.5,0.5,0.5,0
2,9,492,827,0,6,1,0.25470355938597067,0.37380125823771065,-1.666057447995907,0.12032159353490979,0.07416698179815384,0.0,-0.5,0.5,-0.5,0
2,10,765,765,1,1,1,0.4728633702957052,0.4728633702957052,0.0,0.11959017305045534,0.11959017305045534,-0.5,-0.5,-0.5,-0.5,0
2,11,1023,1023,1,1,1,0.602904476645813,0.602904476645813,0.0,0.08783768502600187,0.08783768502600187,0.0,0.0,0.0,0.0,0
2,12,597,889,0,21,0,0.17033473746831548,0.3454547942576351,-3.0708799875897617,0.06457249901122578,0.19640784166890793,0.5,0.0,-0.5,0.5,0
2,13,562,562,1,1,1,0.5573565874963129,0.5573565874963129,0.0,0.04664926329741888,0.04664926329741888,0.0,0.0,0.0,0.0,0
2,14,478,478,1,1,1,1.2226689139124838,1.2226689139124838,0.0,0.09698729202422492,0.09698729202422492,0.0,0.0,0.0,0.0,0
2,15,267,267,1,1,1,0.7259179919161532,0.7259179919161532,0.0,0.06561035373981422,0.06561035373981422,0.5,0.5,-0.5,-0.5,0
2,16,917,917,1,1,1,0.4324235022437321,0.4324235022437321,0.0,0.04441768643422938,0.04441768643422938,0.0,0.0,-0.5,-0.5,0
2,17,656,656,1,1,1,0.49045292495288445,0.49045292495288445,0.0,0.11568552855867649,0.11568552855867649,0.5,0.5,0.5,0.5,0
2,18,889,889,1,1,1,1.102436016861412,1.102436016861412,0.0,0.06023382255609913,0.06023382255609913,-0.5,-0.5,-0.5,-0.5,0
2,19,510,510,1,1,1,0.3376594269845639,0.3376594269845639,0.0,0.0914278714375645,0.0914278714375645,0.0,0.0,0.0,0.0,0
2,20,860,860,1,1,1,0.38068085805972346,0.38068085805972346,0.0,0.07572625586831762,0.07572625586831762,0.0,0.0,-0.5,-0.5,0
2,21,553,553,1,1,1,0.4793631700858899,0.4793631700858899,0.0,0.10987820447667551,0.10987820447667551,0.0,0.0,0.0,0.0,0
2,22,629,629,1,1,1,0.430250526880812,0.430250526880812,0.0,0.065878891916902,0.065878891916902,0.5,0.5,-0.5,-0.5,0
2,23,759,759,1,1,1,0.5533556186756177,0.5533556186756177,0.0,0.07421940575205342,0.07421940575205342,0.0,0.0,0.0,0.0,0
2,24,874,874,1,1,1,0.8221402244480157,0.8221402244480157,0.0,0.07433351611421678,0.07433351611421678,0.5,0.5,0.5,0.5,0
2,25,720,720,1,1,1,0.6527022291468086,0.6527022291468086,0.0,0.07253003785747673,0.07253003785747673,-0.5,-0.5,-0.5,-0.5,0
2,26,314,314,1,1,1,0.40622661634574647,0.40622661634574647,0.0,0.1302950119663283,0.1302950119663283,0.0,0.0,0.0,0.0,0
2,27,602,602,1,1,1,0.700744042183842,0.700744042183842,0.0,0.07973472293144412,0.07973472293144412,-0.5,-0.5,-0.5,-0.5,0
2,28,7,7,1,1,1,0.3934859835554574,0.3934859835554574,0.0,0.1309300460418799,0.1309300460418799,-0.5,-0.5,0.5,0.5,0
2,29,610,610,1,1,1,0.6611095830495508,0.6611095830495508,0.0,0.12691286966868862,0.12691286966868862,-0.5,-0.5,0.5,0.5,0
2,30,775,826,0,100,0,0.11469720813817665,0.3742358688503155,-5.135925635579887,0.19571883279916896,0.13029914963802047,0.5,-0.5,0.5,0.5,0
2,31,912,912,1,1,1,0.6575716985715699,0.6575716985715699,0.0,0.07080291785841103,0.07080291785841103,-0.5,-0.5,0.5,0.5,0
2,32,768,768,1,1,1,0.6907866854757349,0.6907866854757349,0.0,0.13549308242545402,0.13549308242545402,0.0,0.0,0.0,0.0,0
2,33,581,581,1,1,1,0.6618407266095133,0.6618407266095133,0.0,0.11329291304912333,0.11329291304912333,0.0,0.0,0.0,0.0,0
2,34,93,93,1,1,1,0.8474308148765703,0.8474308148765703,0.0,0.0795290231388008,0.0795290231388008,-0.5,-0.5,-0.5,-0.5,0
3,0,222,222,1,1,1,0.8084614282060988,0.8084614282060988,0.0,0.13617787343467835,0.13617787343467835,0.0,0.0,0.0,0.0,0
3,1,711,380,0,28,0,0.17184503471485998,0.2356004223089329,-1.3703907641658288,0.1718405986999588,0.10693815705488277,-0.5,-0.5,0.5,0.5,0
3,2,871,487,0,3,1,0.2974742293692571,0.27728102316408787,0.30529200208463236,0.12335305001838476,0.07899136395187956,-0.5,-0.5,-0.5,-0.5,1
3,3,718,718,1,1,1,0.4320353305706737,0.4320353305706737,0.0,0.09071739593952653,0.09071739593952653,-0.5,-0.5,0.5,0.5,0
3,4,107,107,1,1,1,0.3540746481605756,0.3540746481605756,0.0,0.13437999037071308,0.13437999037071308,0.5,0.5,0.5,0.5,0
3,5,468,468,1,1,1,0.8132922770300653,0.8132922770300653,0.0,0.06067595597221635,0.06067595597221635,-0.5,-0.5,0.5,0.5,0
3,6,89,89,1,1,1,0.613790261698519,0.613790261698519,0.0,0.08267810289757607,0.08267810289757607,0.0,0.0,0.5,0.5,0
3,7,713,713,1,1,1,0.6296583300421603,0.6296583300421603,0.0,0.08044493030182365,0.08044493030182365,-0.5,-0.5,0.5,0.5,0
3,8,865,865,1,1,1,0.5412032292857464,0.5412032292857464,0.0,0.09132087758750938,0.09132087758750938,0.5,0.5,0.5,0.5,0
3,9,492,492,1,1,1,0.6183951415401714,0.6183951415401714,0.0,0.10353437470803618,0.10353437470803618,0.5,0.5,0.5,0.5,0
3,10,765,765,1,1,1,0.5895693338352544,0.5895693338352544,0.0,0.07180598803915904,0.07180598803915904,0.0,0.0,0.5,0.5,0
3,11,1023,1023,1,1,1,0.5015682856042062,0.5015682856042062,0.0,0.15005039367280243,0.15005039367280243,0.0,0.0,0.0,0.0,0
3,12,597,968,0,2,1,0.3846300183588307,0.35445423703801127,0.35483003492250226,0.20604714354324755,0.11522807674219403,-0.5,0.5,-0.5,0.5,1
3,13,562,562,1,1,1,0.29544895559878814,0.29544895559878814,0.0,0.0626824706985499,0.0626824706985499,-0.5,-0.5,-0.5,-0.5,0
3,14,478,478,1,1,1,0.29739574063718494,0.29739574063718494,0.0,0.08817892600133541,0.08817892600133541,0.0,0.0,0.0,0.0,0
3,15,267,267,1,1,1,0.4711594617741222,0.4711594617741222,0.0,0.09278064536975981,0.09278064536975981,0.0,0.0,0.0,0.0,0
3,16,917,816,0,2,1,0.5288631802521683,0.5689205672695725,-0.31708302152133505,0.10582228372405833,0.11306665650301438,0.0,0.0,0.0,0.0,0
3,17,656,656,1,1,1,0.3136392557612242,0.3136392557612242,0.0,0.058852784635253785,0.058852784635253785,-0.5,-0.5,-0.5,-0.5,0
3,18,889,889,1,1,1,0.5546826123444784,0.5546826123444784,0.0,0.04162896643622327,0.04162896643622327,-0.5,-0.5,-0.5,-0.5,0
3,19,510,510,1,1,1,0.8838494750317543,0.8838494750317543,0.0,0.051617270934677606,0.051617270934677606,0.5,0.5,-0.5,-0.5,0
3,20,860,860,1,1,1,0.5734275413625913,0.5734275413625913,0.0,0.11865901685910302,0.11865901685910302,0.0,0.0,0.5,0.5,0
3,21,553,553,1,1,1,0.4447945833912659,0.4447945833912659,0.0,0.11714873685863317,0.11714873685863317,0.5,0.5,0.5,0.5,0
3,22,629,629,1,1,1,0.4960379423029329,0.4960379423029329,0.0,0.15440383434180596,0.15440383434180596,0.0,0.0,0.0,0.0,0
3,23,759,759,1,1,1,0.9457752310484738,0.9457752310484738,0.0,0.09622787467298052,0.09622787467298052,0.0,0.0,0.0,0.0,0
3,24,874,874,1,1,1,0.3441220884109445,0.3441220884109445,0.0,0.08694545872384626,0.08694545872384626,0.5,0.5,-0.5,-0.5,0
3,25,720,720,1,1,1,0.7101645641744129,0.7101645641744129,0.0,0.10015488259206591,0.10015488259206591,0.0,0.0,0.5,0.5,0
3,26,314,314,1,1,1,0.8268191553616343,0.8268191553616343,0.0,0.1660526343592114,0.1660526343592114,0.0,0.0,0.0,0.0,0
3,27,602,602,1,1,1,0.7055136591822803,0.7055136591822803,0.0,0.0642223791384348,0.0642223791384348,-0.5,-0.5,0.5,0.5,0
3,28,7,7,1,1,1,0.35089010960035794,0.35089010960035794,0.0,0.046803407436550766,0.046803407436550766,-0.5,-0.5,-0.5,-0.5,0
3,29,610,610,1,1,1,0.6496570575121773,0.6496570575121773,0.0,0.0801417314931129,0.0801417314931129,0.5,0.5,0.5,0.5,0
3,30,778,437,0,6,1,0.19920535411636156,0.3063794445260375,-1.8695861750618308,0.04943705514239892,0.12636563387665856,0.5,-0.5,0.5,-0.5,0
3,31,897,897,1,1,1,0.4935980802493205,0.4935980802493205,0.0,0.08931882914450627,0.08931882914450627,-0.5,-0.5,-0.5,-0.5,0
3,32,740,740,1,1,1,1.164658028581632,1.164658028581632,0.0,0.09919005772837697,0.09919005772837697,0.0,0.0,-0.5,-0.5,0
3,33,590,590,1,1,1,0.3862502469708965,0.3862502469708965,0.0,0.07269525546382628,0.07269525546382628,0.5,0.5,-0.5,-0.5,0
3,34,930,930,1,1,1,0.8986585250061874,0.8986585250061874,0.0,0.0685933011421288,0.0685933011421288,-0.5,-0.5,-0.5,-0.5,0
5,0,222,222,1,1,1,0.42854363879955387,0.42854363879955387,0.0,0.12810089088390741,0.12810089088390741,0.0,0.0,0.0,0.0,0
5,1,826,826,1,1,1,0.6530433427890878,0.6530433427890878,0.0,0.07231867744211505,0.07231867744211505,-0.5,-0.5,-0.5,-0.5,0
5,2,871,871,1,1,1,0.7549668880887731,0.7549668880887731,0.0,0.19637225066706954,0.19637225066706954,0.0,0.0,0.0,0.0,0
5,3,718,718,1,1,1,0.4910581715678725,0.4910581715678725,0.0,0.09783093154995522,0.09783093154995522,-0.5,-0.5,-0.5,-0.5,0
5,4,86,86,1,1,1,0.5466605758315858,0.5466605758315858,0.0,0.11421022305286976,0.11421022305286976,-0.5,-0.5,0.0,0.0,0
5,5,468,468,1,1,1,0.5159351047551295,0.5159351047551295,0.0,0.06222947453743898,0.06222947453743898,-0.5,-0.5,0.5,0.5,0
5,6,89,89,1,1,1,0.35960392652620765,0.35960392652620765,0.0,0.07033325147054456,0.07033325147054456,-0.5,-0.5,0.5,0.5,0
5,7,713,713,1,1,1,0.6769986485512252,0.6769986485512252,0.0,0.06988896468081687,0.06988896468081687,0.5,0.5,-0.5,-0.5,0
5,8,865,865,1,1,1,0.9051887508874478,0.9051887508874478,0.0,0.060815540623644936,0.060815540623644936,0.5,0.5,-0.5,-0.5,0
5,9,492,492,1,1,1,0.7271699884332732,0.7271699884332732,0.0,0.08380717001707126,0.08380717001707126,0.5,0.5,-0.5,-0.5,0
5,10,765,765,1,1,1,0.4810411501740575,0.4810411501740575,0.0,0.12065999431402101,0.12065999431402101,0.5,0.5,0.5,0.5,0
5,11,1023,1023,1,1,1,0.9181313735380311,0.9181313735380311,0.0,0.07984202658541355,0.07984202658541355,0.0,0.0,0.0,0.0,0
5,12,597,597,1,1,1,0.7497047265622424,0.7497047265622424,0.0,0.05845086539654878,0.05845086539654878,-0.5,-0.5,0.0,0.0,0
5,13,562,562,1,1,1,0.7067805069761643,0.7067805069761643,0.0,0.07832351474321994,0.07832351474321994,-0.5,-0.5,0.5,0.5,0
5,14,478,478,1,1,1,0.9574470425387249,0.9574470425387249,0.0,0.0731834215859238,0.0731834215859238,-0.5,-0.5,0.5,0.5,0
5,15,267,267,1,1,1,0.7484035151811952,0.7484035151811952,0.0,0.1511662831853782,0.1511662831853782,0.0,0.0,0.0,0.0,0
5,16,917,435,0,2,1,0.404380352492641,0.3877240724925758,0.1826728075729866,0.167568302632686,0.0994039332192694,-0.5,-0.5,0.5,-0.5,1
5,17,656,446,0,9,0,0.3152297485164331,0.3544820326912268,-0.5096703187253349,0.32858680727653844,0.04962403767430887,0.0,0.5,0.0,-0.5,0
5,18,889,683,0,2,1,0.34681395259921005,0.3957615186583242,-0.5733700271481389,0.1113479072739131,0.0512384129425106,0.5,0.5,0.0,0.5,0
5,19,510,510,1,1,1,0.8424641801269334,0.8424641801269334,0.0,0.07891236352633416,0.07891236352633416,-0.5,-0.5,0.5,0.5,0
5,20,860,860,1,1,1,0.46630298886574556,0.46630298886574556,0.0,0.101653687804894,0.101653687804894,0.0,0.0,0.0,0.0,0
5,21,553,553,1,1,1,0.732429701443898,0.732429701443898,0.0,0.04952494366885223,0.04952494366885223,-0.5,-0.5,-0.5,-0.5,0
5,22,629,629,1,1,1,0.6828545447603355,0.6828545447603355,0.0,0.07032782233371505,0.07032782233371505,0.5,0.5,0.5,0.5,0
5,23,759,753,0,2,1,0.3102434994101249,0.39620885740673334,-1.0622148972421641,0.12260719253792249,0.12093003792277135,0.0,0.5,0.0,-0.5,0
5,24,874,874,1,1,1,1.0382794130482422,1.0382794130482422,0.0,0.10444462710484195,0.10444462710484195,0.0,0.0,0.0,0.0,0
5,25,720,720,1,1,1,0.901150157702658,0.901150157702658,0.0,0.1155577051953008,0.1155577051953008,0.0,0.0,0.0,0.0,0
5,26,314,314,1,1,1,0.5515693626385162,0.5515693626385162,0.0,0.12375058526054532,0.12375058526054532,0.5,0.5,0.5,0.5,0
5,27,602,602,1,1,1,0.40349302812261434,0.40349302812261434,0.0,0.18351333420567698,0.18351333420567698,0.0,0.0,0.0,0.0,0
5,28,7,7,1,1,1,0.6575706214937921,0.6575706214937921,0.0,0.10443610236404452,0.10443610236404452,-0.5,-0.5,0.5,0.5,0
5,29,610,149,0,18,0,0.21052795589898357,0.28555694685576055,-1.3238295613949713,0.23074257906712092,0.15195371445712041,0.0,-0.5,0.0,-0.5,0
5,30,823,823,1,1,1,0.568881672797472,0.568881672797472,0.0,0.0636150469700285,0.0636150469700285,0.5,0.5,0.5,0.5,0
5,31,913,913,1,1,1,0.2614418192820243,0.2614418192820243,0.0,0.04028632359087779,0.04028632359087779,-0.5,-0.5,-0.5,-0.5,0
5,32,741,741,1,1,1,0.4853536827951977,0.4853536827951977,0.0,0.11245782643135718,0.11245782643135718,0.0,0.0,0.0,0.0,0
5,33,581,581,1,1,1,0.3244918102496645,0.3244918102496645,0.0,0.0938869446807107,0.0938869446807107,-0.5,-0.5,-0.5,-0.5,0
5,34,91,91,1,1,1,0.6449281832952352,0.6449281832952352,0.0,0.07641428962858157,0.07641428962858157,0.5,0.5,0.5,0.5,0
6,0,803,803,1,1,1,0.7488447875459925,0.7488447875459925,0.0,0.0800169621023585,0.0800169621023585,-0.5,-0.5,0.5,0.5,0
6,1,826,501,0,11,0,0.22285744004623478,0.27995933807909146,-0.9906782053068236,0.17656136066309247,0.0860442607723586,-0.5,0.0,0.5,-0.5,0
6,2,871,871,1,1,1,0.5635420365029753,0.5635420365029753,0.0,0.08404957573659302,0.08404957573659302,-0.5,-0.5,0.5,0.5,0
6,3,718,718,1,1,1,0.5868822609777284,0.5868822609777284,0.0,0.0931032233476784,0.0931032233476784,0.5,0.5,0.5,0.5,0
6,4,107,107,1,1,1,0.5454280925257782,0.5454280925257782,0.0,0.05121146091298736,0.05121146091298736,-0.5,-0.5,0.5,0.5,0
6,5,468,468,1,1,1,0.73884967417821,0.73884967417821,0.0,0.09703772409714492,0.09703772409714492,0.5,0.5,0.5,0.5,0
6,6,89,948,0,6,1,0.27940228313700133,0.4526103207150027,-2.0949450216499286,0.08917600972131673,0.08725885216717849,0.5,0.0,0.5,0.0,0
6,7,713,713,1,1,1,0.650027397689746,0.650027397689746,0.0,0.0910311354775792,0.0910311354775792,0.0,0.0,0.0,0.0,0
6,8,865,865,1,1,1,0.5710239823328078,0.5710239823328078,0.0,0.10625468055947514,0.10625468055947514,0.0,0.0,0.0,0.0,0
6,9,492,492,1,1,1,0.4570762318504768,0.4570762318504768,0.0,0.11171270881305431,0.11171270881305431,0.0,0.0,0.0,0.0,0
6,10,765,765,1,1,1,0.5621524981683383,0.5621524981683383,0.0,0.13939162524413273,0.13939162524413273,0.0,0.0,0.0,0.0,0
6,11,1023,1023,1,1,1,0.7380039817142825,0.7380039817142825,0.0,0.08093213447485048,0.08093213447485048,0.0,0.0,0.0,0.0,0
6,12,597,597,1,1,1,0.37671773375069445,0.37671773375069445,0.0,0.03900289704912717,0.03900289704912717,0.5,0.5,0.5,0.5,0
6,13,562,279,0,2,1,0.37189808664873064,0.4355315774813683,-0.6859570427826458,0.07520674835314632,0.12031144483024238,-0.5,0.5,0.5,-0.5,0
6,14,478,478,1,1,1,0.7576090594313688,0.7576090594313688,0.0,0.10401687749542032,0.10401687749542032,0.0,0.0,0.5,0.5,0
6,15,267,267,1,1,1,0.5803409658538877,0.5803409658538877,0.0,0.08662886573787318,0.08662886573787318,0.5,0.5,0.5,0.5,0
6,16,917,917,1,1,1,0.5272006683850049,0.5272006683850049,0.0,0.08243365321127119,0.08243365321127119,-0.5,-0.5,-0.5,-0.5,0
6,17,656,656,1,1,1,0.7399736702020971,0.7399736702020971,0.0,0.09970353045181488,0.09970353045181488,0.0,0.0,0.0,0.0,0
6,18,889,889,1,1,1,0.6442813242828399,0.6442813242828399,0.0,0.09664108802153587,0.09664108802153587,0.0,0.0,0.0,0.0,0
6,19,510,510,1,1,1,0.7824003149866507,0.7824003149866507,0.0,0.06999955259351974,0.06999955259351974,-0.5,-0.5,0.5,0.5,0
6,20,860,860,1,1,1,0.34243896080242514,0.34243896080242514,0.0,0.06637297732907768,0.06637297732907768,-0.5,-0.5,0.5,0.5,0
6,21,553,553,1,1,1,0.5758947908172788,0.5758947908172788,0.0,0.10022943160336907,0.10022943160336907,0.5,0.5,0.5,0.5,0
6,22,629,629,1,1,1,0.46528759150916166,0.46528759150916166,0.0,0.14324150612092193,0.14324150612092193,0.0,0.0,0.0,0.0,0
6,23,759,759,1,1,1,0.37979325823567467,0.37979325823567467,0.0,0.11772660826569505,0.11772660826569505,0.5,0.5,0.5,0.5,0
6,24,874,874,1,1,1,0.45581116834364105,0.45581116834364105,0.0,0.11978892842468176,0.11978892842468176,0.0,0.0,0.0,0.0,0
6,25,720,720,1,1,1,0.4425573229477108,0.4425573229477108,0.0,0.07425289108821509,0.07425289108821509,-0.5,-0.5,-0.5,-0.5,0
6,26,314,314,1,1,1,0.29427352780248484,0.29427352780248484,0.0,0.047335866912422545,0.047335866912422545,0.5,0.5,-0.5,-0.5,0
6,27,602,575,0,2,1,0.3368105526304466,0.34075672831695797,-0.05058749886244398,0.10836093415281149,0.07183727749371704,-0.5,0.0,0.5,0.5,0
6,28,7,7,1,1,1,0.5559268191844643,0.5559268191844643,0.0,0.056270323921778165,0.056270323921778165,-0.5,-0.5,0.5,0.5,0
6,29,610,610,1,1,1,0.5887571030316028,0.5887571030316028,0.0,0.12632428062203496,0.12632428062203496,0.0,0.0,0.0,0.0,0
6,30,791,791,1,1,1,0.6385116287543738,0.6385116287543738,0.0,0.09682833906031481,0.09682833906031481,0.0,0.0,0.0,0.0,0
6,31,928,1009,0,3,1,0.3077019634818634,0.33407659938106665,-0.35715788716237434,0.12644970055350072,0.1401216558409394,0.0,0.5,-0.5,0.5,0
6,32,760,366,0,2,1,0.31135120085925005,0.29173931134281017,0.28255591645109635,0.16679105673226416,0.11471173348461383,0.5,0.5,0.5,0.5,1
6,33,584,584,1,1,1,0.9502781788947441,0.9502781788947441,0.0,0.08577923863320477,0.08577923863320477,0.5,0.5,-0.5,-0.5,0
6,34,932,932,1,1,1,0.41823714922736804,0.41823714922736804,0.0,0.05387244147213919,0.05387244147213919,0.5,0.5,-0.5,-0.5,0
8,0,803,803,1,1,1,0.45160664211873164,0.45160664211873164,0.0,0.06453226835671898,0.06453226835671898,-0.5,-0.5,-0.5,-0.5,0
8,1,711,711,1,1,1,0.472249423698154,0.472249423698154,0.0,0.06093756355808447,0.06093756355808447,0.5,0.5,-0.5,-0.5,0
8,2,922,922,1,1,1,0.8599852267534499,0.8599852267534499,0.0,0.07535634170694741,0.07535634170694741,0.0,0.0,0.0,0.0,0
8,3,691,691,1,1,1,0.9332011009011526,0.9332011009011526,0.0,0.06520740289894243,0.06520740289894243,-0.5,-0.5,0.5,0.5,0
8,4,86,86,1,1,1,0.5039797341227582,0.5039797341227582,0.0,0.05255171007417283,0.05255171007417283,0.0,0.0,0.0,0.0,0
8,5,468,468,1,1,1,0.43960416876551117,0.43960416876551117,0.0,0.05019676697373008,0.05019676697373008,0.5,0.5,0.5,0.5,0
8,6,89,89,1,1,1,0.8593129179691559,0.8593129179691559,0.0,0.07178894190748336,0.07178894190748336,-0.5,-0.5,0.5,0.5,0
8,7,713,713,1,1,1,0.5922623520469111,0.5922623520469111,0.0,0.07723850707932138,0.07723850707932138,-0.5,-0.5,0.5,0.5,0
8,8,865,865,1,1,1,0.7067770441980644,0.7067770441980644,0.0,0.10025938427711441,0.10025938427711441,0.0,0.0,0.0,0.0,0
8,9,492,492,1,1,1,0.4703249821331405,0.4703249821331405,0.0,0.0679453751199696,0.0679453751199696,-0.5,-0.5,-0.5,-0.5,0
8,10,765,765,1,1,1,0.6797307670631024,0.6797307670631024,0.0,0.09143740907204949,0.09143740907204949,0.5,0.5,0.5,0.5,0
8,11,1023,1023,1,1,1,0.7100545217949615,0.7100545217949615,0.0,0.10275252229941412,0.10275252229941412,-0.5,-0.5,-0.5,-0.5,0
8,12,597,490,0,7,1,0.2509506323644329,0.3696901643439441,-1.682496018766574,0.1777697166021221,0.09254701280158141,-0.5,0.0,-0.5,0.0,0
8,13,562,562,1,1,1,0.9057622977265849,0.9057622977265849,0.0,0.08084952610465068,0.08084952610465068,-0.5,-0.5,0.5,0.5,0
8,14,478,478,1,1,1,0.8513573286373102,0.8513573286373102,0.0,0.10325409974041176,0.10325409974041176,0.0,0.0,0.5,0.5,0
8,15,267,267,1,1,1,0.5535211021992714,0.5535211021992714,0.0,0.056983227611817934,0.056983227611817934,-0.5,-0.5,-0.5,-0.5,0
8,16,917,917,1,1,1,1.0382545646637136,1.0382545646637136,0.0,0.0782475518462882,0.0782475518462882,0.0,0.0,0.0,0.0,0
8,17,656,656,1,1,1,0.7710651913482507,0.7710651913482507,0.0,0.07727193088537904,0.07727193088537904,0.5,0.5,0.5,0.5,0
8,18,889,889,1,1,1,1.2083471804508448,1.2083471804508448,0.0,0.13319405814550841,0.13319405814550841,0.0,0.0,0.0,0.0,0
8,19,510,510,1,1,1,0.5483114374708976,0.5483114374708976,0.0,0.07971920807973434,0.07971920807973434,0.5,0.5,-0.5,-0.5,0
8,20,860,860,1,1,1,0.4929723420383768,0.4929723420383768,0.0,0.12945542375264085,0.12945542375264085,0.0,0.0,0.0,0.0,0
8,21,553,809,0,2,1,0.393642306717828,0.44871450618045294,-0.5686834168629171,0.17053272600040237,0.15277273291865823,0.0,0.0,0.0,0.5,0
8,22,629,629,1,1,1,0.7385859100374106,0.7385859100374106,0.0,0.0634395988304048,0.0634395988304048,0.5,0.5,-0.5,-0.5,0
8,23,759,759,1,1,1,0.868173944918411,0.868173944918411,0.0,0.11600168691410911,0.11600168691410911,0.5,0.5,0.5,0.5,0
8,24,874,874,1,1,1,0.6745556774827597,0.6745556774827597,0.0,0.06804614936566399,0.06804614936566399,0.5,0.5,-0.5,-0.5,0
8,25,720,720,1,1,1,0.5674142342121765,0.5674142342121765,0.0,0.04942885049438617,0.04942885049438617,0.5,0.5,-0.5,-0.5,0
8,26,314,314,1,1,1,0.5816006855872673,0.5816006855872673,0.0,0.14268783480782515,0.14268783480782515,0.5,0.5,-0.5,-0.5,0
8,27,602,602,1,1,1,0.6428505212078481,0.6428505212078481,0.0,0.11657588899260794,0.11657588899260794,0.0,0.0,0.0,0.0,0
8,28,7,7,1,1,1,0.6180773431612623,0.6180773431612623,0.0,0.1811953050831866,0.1811953050831866,0.0,0.0,0.0,0.0,0
8,29,610,610,1,1,1,0.43698872557053275,0.43698872557053275,0.0,0.17084778225917227,0.17084778225917227,0.5,0.5,0.5,0.5,0
8,30,775,775,1,1,1,0.6630261421384767,0.6630261421384767,0.0,0.09217331821463692,0.09217331821463692,0.0,0.0,0.5,0.5,0
8,31,920,920,1,1,1,0.44691693915860803,0.44691693915860803,0.0,0.08048512498504946,0.08048512498504946,-0.5,-0.5,-0.5,-0.5,0
8,32,753,583,0,2,1,0.2991149647131715,0.5490588704190419,-2.63780770944191,0.07209201729529403,0.09501951391360194,-0.5,-0.5,-0.5,0.5,0
8,33,586,586,1,1,1,0.42661522691041204,0.42661522691041204,0.0,0.12713714388454372,0.12713714388454372,0.5,0.5,-0.5,-0.5,0
8,34,91,91,1,1,1,0.7419392759286546,0.7419392759286546,0.0,0.08838459606257812,0.08838459606257812,0.5,0.5,0.5,0.5,0
9,0,222,222,1,1,1,0.6332662425353256,0.6332662425353256,0.0,0.10868967505336465,0.10868967505336465,0.5,0.5,-0.5,-0.5,0
9,1,826,826,1,1,1,1.11292721695376,1.11292721695376,0.0,0.0718188136989071,0.0718188136989071,0.5,0.5,-0.5,-0.5,0
9,2,922,922,1,1,1,0.6816328406812672,0.6816328406812672,0.0,0.14280496428373934,0.14280496428373934,-0.5,-0.5,-0.5,-0.5,0
9,3,691,827,0,4,1,0.3961590562274063,0.3441495302634969,0.6112240726931717,0.1564980190565197,0.040885110941648345,0.0,0.5,0.0,-0.5,1
9,4,86,86,1,1,1,0.7618790147727946,0.7618790147727946,0.0,0.07369646519062001,0.07369646519062001,0.0,0.0,0.0,0.0,0
9,5,468,468,1,1,1,0.3894182535209203,0.3894182535209203,0.0,0.07407156292199443,0.07407156292199443,-0.5,-0.5,0.5,0.5,0
9,6,89,89,1,1,1,0.9305933709338824,0.9305933709338824,0.0,0.09063796288318184,0.09063796288318184,-0.5,-0.5,-0.5,-0.5,0
9,7,713,713,1,1,1,1.2208661075019667,1.2208661075019667,0.0,0.060175091646852474,0.060175091646852474,0.5,0.5,0.5,0.5,0
9,8,865,865,1,1,1,0.6915431797959517,0.6915431797959517,0.0,0.11763536673892268,0.11763536673892268,0.0,0.0,0.0,0.0,0
9,9,492,492,1,1,1,0.6638340219736402,0.6638340219736402,0.0,0.09217178942923403,0.09217178942923403,0.0,0.0,0.5,0.5,0
9,10,765,765,1,1,1,0.6162438928218823,0.6162438928218823,0.0,0.1731112583118148,0.1731112583118148,0.0,0.0,0.5,0.5,0
9,11,1023,1023,1,1,1,0.6719877825451193,0.6719877825451193,0.0,0.12425971724851399,0.12425971724851399,0.0,0.0,0.0,0.0,0
9,12,597,597,1,1,1,0.46278885929916475,0.46278885929916475,0.0,0.060083443882460036,0.060083443882460036,-0.5,-0.5,0.5,0.5,0
9,13,562,562,1,1,1,0.7564192284756257,0.7564192284756257,0.0,0.04888238557344578,0.04888238557344578,-0.5,-0.5,-0.5,-0.5,0
9,14,478,478,1,1,1,0.9202719617412061,0.9202719617412061,0.0,0.11218300118806446,0.11218300118806446,0.0,0.0,0.0,0.0,0
9,15,267,267,1,1,1,0.46098777039150146,0.46098777039150146,0.0,0.10765343980690525,0.10765343980690525,0.5,0.5,0.5,0.5,0
9,16,917,917,1,1,1,0.8198060775863691,0.8198060775863691,0.0,0.10871454916652679,0.10871454916652679,-0.5,-0.5,-0.5,-0.5,0
9,17,656,656,1,1,1,0.4693611241446092,0.4693611241446092,0.0,0.05348777395912591,0.05348777395912591,0.5,0.5,0.0,0.0,0
9,18,889,889,1,1,1,0.6180695315121225,0.6180695315121225,0.0,0.19817654741938323,0.19817654741938323,0.0,0.0,0.5,0.5,0
9,19,510,662,0,4,1,0.3110477877324319,0.39752233648427243,-1.0653441950816307,0.14376833582957443,0.10195402040079309,0.0,-0.5,0.0,-0.5,0
9,20,860,646,0,2,1,0.4339615598024598,0.5504400222978454,-1.0325874224396099,0.14102988693455076,0.09897538901443911,0.5,0.0,0.5,0.5,0
9,21,553,553,1,1,1,0.9338424742807222,0.9338424742807222,0.0,0.10508480134406346,0.10508480134406346,-0.5,-0.5,0.5,0.5,0
9,22,629,629,1,1,1,0.45765832308417226,0.45765832308417226,0.0,0.12945600162594698,0.12945600162594698,0.5,0.5,-0.5,-0.5,0
9,23,759,759,1,1,1,1.067818252907726,1.067818252907726,0.0,0.16148494440072578,0.16148494440072578,0.0,0.0,0.0,0.0,0
9,24,874,874,1,1,1,0.5118242134361899,0.5118242134361899,0.0,0.18991813397962223,0.18991813397962223,0.0,0.0,0.0,0.0,0
9,25,720,720,1,1,1,0.680211825082046,0.680211825082046,0.0,0.129373954170728,0.129373954170728,0.5,0.5,0.5,0.5,0
9,26,314,314,1,1,1,0.57788559434214,0.57788559434214,0.0,0.14543215970993725,0.14543215970993725,-0.5,-0.5,-0.5,-0.5,0
9,27,602,602,1,1,1,0.7957680910650569,0.7957680910650569,0.0,0.07772905176307358,0.07772905176307358,-0.5,-0.5,0.5,0.5,0
9,28,7,7,1,1,1,0.4416215470924806,0.4416215470924806,0.0,0.1344571067938885,0.1344571067938885,0.0,0.0,0.0,0.0,0
9,29,610,610,1,1,1,0.4551657794379024,0.4551657794379024,0.0,0.23051307799647525,0.23051307799647525,0.0,0.0,0.0,0.0,0
9,30,794,794,1,1,1,0.5183337375453374,0.5183337375453374,0.0,0.05735282016274474,0.05735282016274474,-0.5,-0.5,-0.5,-0.5,0
9,31,905,905,1,1,1,0.6744710187981755,0.6744710187981755,0.0,0.11043484094461967,0.11043484094461967,0.0,0.0,-0.5,-0.5,0
9,32,741,984,0,12,0,0.2453067127875267,0.4455989612790601,-2.5923473701421162,0.15311285057927654,0.12146037240026204,0.0,0.5,0.5,-0.5,0
9,33,580,747,0,4,1,0.3292410315194052,0.37392011067486686,-0.5526486992021338,0.2852505767022856,0.11505876489984694,0.0,0.0,-0.5,0.5,0
9,34,89,89,1,1,1,0.3958318196850898,0.3958318196850898,0.0,0.06403978938104245,0.06403978938104245,-0.5,-0.5,0.5,0.5,0
10,0,803,803,1,1,1,0.6203055900057247,0.6203055900057247,0.0,0.07354054992815942,0.07354054992815942,0.5,0.5,0.5,0.5,0
10,1,826,826,1,1,1,0.5030441781459211,0.5030441781459211,0.0,0.04728201488051703,0.04728201488051703,0.0,0.0,0.5,0.5,0
10,2,922,922,1,1,1,0.6957490643125858,0.6957490643125858,0.0,0.0746873109217734,0.0746873109217734,0.0,0.0,0.0,0.0,0
10,3,691,451,0,2,1,0.4129442261345799,0.4496788918039943,-0.37011103901115444,0.10314552966006447,0.12032117249766594,0.5,0.5,-0.5,-0.5,0
10,4,107,107,1,1,1,0.5558854346439418,0.5558854346439418,0.0,0.1004903205270487,0.1004903205270487,0.0,0.0,0.0,0.0,0
10,5,468,468,1,1,1,0.3667011019215633,0.3667011019215633,0.0,0.12668190620777936,0.12668190620777936,0.0,0.0,0.0,0.0,0
10,6,89,89,1,1,1,0.5932496818349895,0.5932496818349895,0.0,0.08412236047208234,0.08412236047208234,-0.5,-0.5,-0.5,-0.5,0
10,7,713,713,1,1,1,0.42736110206035,0.42736110206035,0.0,0.06983977436635772,0.06983977436635772,-0.5,-0.5,0.5,0.5,0
10,8,865,981,0,2,1,0.2874584122159193,0.30336452756380944,-0.23389774922767287,0.09789005822183923,0.10104632006495287,0.5,0.0,0.5,0.5,0
10,9,492,896,0,2,1,0.4277404064087528,0.3709899475821219,0.6181813568854019,0.19750808302189132,0.06613410627038081,0.0,0.5,0.0,0.5,1
10,10,765,765,1,1,1,0.5891689046394817,0.5891689046394817,0.0,0.11046093709609142,0.11046093709609142,0.5,0.5,0.5,0.5,0
10,11,1023,1023,1,1,1,0.48706967705455945,0.48706967705455945,0.0,0.05930371934539349,0.05930371934539349,-0.5,-0.5,0.5,0.5,0
10,12,597,600,0,4,1,0.3383494852253211,0.42320723220353146,-0.9718756069266038,0.14888917500665685,0.19524651877774482,0.0,0.0,0.5,0.0,0
10,13,562,562,1,1,1,0.45562612874430547,0.45562612874430547,0.0,0.05884152293412458,0.05884152293412458,-0.5,-0.5,0.5,0.5,0
10,14,478,478,1,1,1,0.6998460710199182,0.6998460710199182,0.0,0.060697530837080606,0.060697530837080606,0.5,0.5,-0.5,-0.5,0
10,15,267,267,1,1,1,0.40321089982486863,0.40321089982486863,0.0,0.06078258522986196,0.06078258522986196,0.5,0.5,-0.5,-0.5,0
10,16,917,917,1,1,1,0.3386164821923469,0.3386164821923469,0.0,0.1258596456186499,0.1258596456186499,0.5,0.5,0.5,0.5,0
10,17,656,656,1,1,1,1.3866513310442594,1.3866513310442594,0.0,0.13498139474585272,0.13498139474585272,0.0,0.0,0.5,0.5,0
10,18,889,889,1,1,1,0.6259892070665724,0.6259892070665724,0.0,0.07123084394713827,0.07123084394713827,-0.5,-0.5,-0.5,-0.5,0
10,19,510,510,1,1,1,0.27923959911298263,0.27923959911298263,0.0,0.10148810001819233,0.10148810001819233,-0.5,-0.5,0.5,0.5,0
10,20,860,860,1,1,1,0.5250174512566061,0.5250174512566061,0.0,0.03752753500465998,0.03752753500465998,-0.5,-0.5,0.5,0.5,0
10,21,553,553,1,1,1,0.6347675782662096,0.6347675782662096,0.0,0.0673426202153262,0.0673426202153262,-0.5,-0.5,-0.5,-0.5,0
10,22,629,629,1,1,1,0.7682671956345423,0.7682671956345423,0.0,0.0873564848548079,0.0873564848548079,0.5,0.5,-0.5,-0.5,0
10,23,759,460,0,2,1,0.34823149339609255,0.4332112063983706,-0.9483163719226655,0.11077348796051023,0.05781977689198125,0.5,0.5,-0.5,0.5,0
10,24,874,874,1,1,1,0.6755227912897207,0.6755227912897207,0.0,0.054442132579746616,0.054442132579746616,0.5,0.5,-0.5,-0.5,0
10,25,720,720,1,1,1,0.6687502680037943,0.6687502680037943,0.0,0.10670282054541302,0.10670282054541302,0.0,0.0,0.0,0.0,0
10,26,314,314,1,1,1,0.5531712490433272,0.5531712490433272,0.0,0.1720178810729566,0.1720178810729566,0.0,0.0,0.0,0.0,0
10,27,602,602,1,1,1,0.707781518757433,0.707781518757433,0.0,0.08515716413166524,0.08515716413166524,0.5,0.5,-0.5,-0.5,0
10,28,7,7,1,1,1,0.6081558641822158,0.6081558641822158,0.0,0.20901515052167322,0.20901515052167322,0.0,0.0,0.0,0.0,0
10,29,610,610,1,1,1,0.8049443790907657,0.8049443790907657,0.0,0.09873299996022525,0.09873299996022525,0.5,0.5,0.5,0.5,0
10,30,826,826,1,1,1,0.694698067894314,0.694698067894314,0.0,0.13627627303946988,0.13627627303946988,0.0,0.0,0.0,0.0,0
10,31,904,904,1,1,1,0.6490854960479887,0.6490854960479887,0.0,0.10667028360785752,0.10667028360785752,-0.5,-0.5,0.5,0.5,0
10,32,760,760,1,1,1,0.5515569234588811,0.5515569234588811,0.0,0.07013658874291533,0.07013658874291533,0.0,0.0,0.0,0.0,0
10,33,577,577,1,1,1,0.5947461374866693,0.5947461374866693,0.0,0.06767730830342132,0.06767730830342132,-0.5,-0.5,-0.5,-0.5,0
10,34,930,930,1,1,1,0.41982492375106967,0.41982492375106967,0.0,0.055498010652881034,0.055498010652881034,-0.5,-0.5,0.5,0.5,0
11,0,222,222,1,1,1,0.5334766035152342,0.5334766035152342,0.0,0.049648895933111885,0.049648895933111885,-0.5,-0.5,-0.5,-0.5,0
11,1,711,711,1,1,1,0.7415603629112809,0.7415603629112809,0.0,0.052874220835621155,0.052874220835621155,0.5,0.5,-0.5,-0.5,0
11,2,871,871,1,1,1,0.8700718978296835,0.8700718978296835,0.0,0.20026634402976304,0.20026634402976304,0.0,0.0,0.0,0.0,0
11,3,691,691,1,1,1,0.4947587438969149,0.4947587438969149,0.0,0.0714342069501906,0.0714342069501906,-0.5,-0.5,0.5,0.5,0
11,4,86,86,1,1,1,0.9867320238175081,0.9867320238175081,0.0,0.05336817546766176,0.05336817546766176,0.5,0.5,0.5,0.5,0
11,5,468,468,1,1,1,0.40478485546414755,0.40478485546414755,0.0,0.045097686634579505,0.045097686634579505,0.5,0.5,0.5,0.5,0
11,6,89,89,1,1,1,0.6632771588967756,0.6632771588967756,0.0,0.05967812641109469,0.05967812641109469,0.0,0.0,-0.5,-0.5,0
11,7,713,713,1,1,1,0.7180662810519717,0.7180662810519717,0.0,0.17000496862009976,0.17000496862009976,0.0,0.0,0.0,0.0,0
11,8,865,865,1,1,1,0.6000457864778925,0.6000457864778925,0.0,0.09675180588471155,0.09675180588471155,-0.5,-0.5,-0.5,-0.5,0
11,9,492,492,1,1,1,0.6306517000360011,0.6306517000360011,0.0,0.08609282462527493,0.08609282462527493,0.0,0.0,0.0,0.0,0
11,10,765,765,1,1,1,0.4886135526131767,0.4886135526131767,0.0,0.10877678451588449,0.10877678451588449,-0.5,-0.5,0.5,0.5,0
11,11,1023,1023,1,1,1,0.6777889744389403,0.6777889744389403,0.0,0.09369150894322038,0.09369150894322038,0.5,0.5,-0.5,-0.5,0
11,12,597,597,1,1,1,0.46869549136092864,0.46869549136092864,0.0,0.08473663512931406,0.08473663512931406,0.0,0.0,0.0,0.0,0
11,13,562,562,1,1,1,0.9970289988046005,0.9970289988046005,0.0,0.060020942230141996,0.060020942230141996,0.5,0.5,0.5,0.5,0
11,14,478,478,1,1,1,0.6857740906746961,0.6857740906746961,0.0,0.0899088486731729,0.0899088486731729,0.0,0.0,-0.5,-0.5,0
11,15,267,267,1,1,1,0.6442349684910825,0.6442349684910825,0.0,0.05925664692483609,0.05925664692483609,-0.5,-0.5,-0.5,-0.5,0
11,16,917,917,1,1,1,0.9317646465024852,0.9317646465024852,0.0,0.0788314344282114,0.0788314344282114,0.5,0.5,0.5,0.5,0
11,17,656,656,1,1,1,0.5919983906704595,0.5919983906704595,0.0,0.11758141459806207,0.11758141459806207,0.0,0.0,0.0,0.0,0
11,18,889,889,1,1,1,0.7895917054786127,0.7895917054786127,0.0,0.10166754840695556,0.10166754840695556,0.5,0.5,-0.5,-0.5,0
11,19,510,510,1,1,1,1.0999389268422768,1.0999389268422768,0.0,0.12917637708405394,0.12917637708405394,0.0,0.0,0.0,0.0,0
11,20,860,47,0,2,1,0.47169317187412546,0.4677406899118461,0.03654437644545215,0.10421227777669882,0.07866292457683813,0.0,-0.5,0.0,-0.5,1
11,21,553,553,1,1,1,1.3732943452679602,1.3732943452679602,0.0,0.09218722778979802,0.09218722778979802,0.0,0.0,0.0,0.0,0
11,22,629,629,1,1,1,0.9531361800158429,0.9531361800158429,0.0,0.10158076215811113,0.10158076215811113,0.0,0.0,0.0,0.0,0
11,23,759,759,1,1,1,0.5878516850867112,0.5878516850867112,0.0,0.06419495710358455,0.06419495710358455,-0.5,-0.5,0.5,0.5,0
11,24,874,874,1,1,1,0.9644023917367662,0.9644023917367662,0.0,0.10649409955629448,0.10649409955629448,0.5,0.5,-0.5,-0.5,0
11,25,720,720,1,1,1,0.5854155224327295,0.5854155224327295,0.0,0.1166631576904872,0.1166631576904872,0.0,0.0,0.0,0.0,0
11,26,314,314,1,1,1,0.5089347593491008,0.5089347593491008,0.0,0.12597237877739115,0.12597237877739115,0.0,0.0,0.0,0.0,0
11,27,602,602,1,1,1,0.45917164103049396,0.45917164103049396,0.0,0.06945268646651613,0.06945268646651613,0.5,0.5,-0.5,-0.5,0
11,28,7,7,1,1,1,0.5646180453116809,0.5646180453116809,0.0,0.060210841491205785,0.060210841491205785,-0.5,-0.5,-0.5,-0.5,0
11,29,610,610,1,1,1,1.5515760008941397,1.5515760008941397,0.0,0.0930095362721716,0.0930095362721716,0.0,0.0,0.0,0.0,0
11,30,823,823,1,1,1,0.843441547473084,0.843441547473084,0.0,0.08363877574619935,0.08363877574619935,0.0,0.0,0.0,0.0,0
11,31,905,905,1,1,1,0.4484579105841244,0.4484579105841244,0.0,0.07737625878037838,0.07737625878037838,-0.5,-0.5,0.5,0.5,0
11,32,748,748,1,1,1,0.7242325980365223,0.7242325980365223,0.0,0.07502278360138141,0.07502278360138141,0.0,0.0,0.0,0.0,0
11,33,586,586,1,1,1,0.6385041431665369,0.6385041431665369,0.0,0.12393087049604497,0.12393087049604497,0.0,0.0,0.0,0.0,0
11,34,93,93,1,1,1,0.43477964159983945,0.43477964159983945,0.0,0.07015264400683316,0.07015264400683316,0.0,0.0,-0.5,-0.5,0
12,0,803,803,1,1,1,0.639696332770812,0.639696332770812,0.0,0.07084854997564469,0.07084854997564469,0.0,0.0,-0.5,-0.5,0
12,1,711,711,1,1,1,0.5220402417055127,0.5220402417055127,0.0,0.04423697245114077,0.04423697245114077,0.0,0.0,0.0,0.0,0
12,2,871,871,1,1,1,0.6470641804806603,0.6470641804806603,0.0,0.05714927198234413,0.05714927198234413,-0.5,-0.5,0.5,0.5,0
12,3,691,691,1,1,1,0.9592920454410259,0.9592920454410259,0.0,0.08350203262047903,0.08350203262047903,-0.5,-0.5,-0.5,-0.5,0
12,4,107,107,1,1,1,0.7133153025310142,0.7133153025310142,0.0,0.09874402854240101,0.09874402854240101,0.5,0.5,-0.5,-0.5,0
12,5,468,468,1,1,1,0.5410375218938009,0.5410375218938009,0.0,0.08337265220290281,0.08337265220290281,-0.5,-0.5,0.5,0.5,0
12,6,89,739,0,2,1,0.3907103190225795,0.5049303631839558,-1.1137660559128162,0.18423261135582134,0.29303043692426783,0.0,0.0,0.0,0.0,0
12,7,713,713,1,1,1,0.5189791244179047,0.5189791244179047,0.0,0.07790294071874136,0.07790294071874136,-0.5,-0.5,0.5,0.5,0
12,8,865,865,1,1,1,0.7392230855140499,0.7392230855140499,0.0,0.065161653782308,0.065161653782308,-0.5,-0.5,-0.5,-0.5,0
12,9,492,492,1,1,1,0.7534202189048069,0.7534202189048069,0.0,0.07262465065131193,0.07262465065131193,0.5,0.5,0.5,0.5,0
12,10,765,765,1,1,1,0.7303107492944668,0.7303107492944668,0.0,0.07561464115530446,0.07561464115530446,-0.5,-0.5,-0.5,-0.5,0
12,11,1023,1023,1,1,1,1.1978678643679577,1.1978678643679577,0.0,0.14655438271472956,0.14655438271472956,0.0,0.0,0.0,0.0,0
12,12,597,597,1,1,1,0.6400591952378684,0.6400591952378684,0.0,0.1378899816993049,0.1378899816993049,-0.5,-0.5,0.5,0.5,0
12,13,562,562,1,1,1,0.653566785304158,0.653566785304158,0.0,0.06426139667393324,0.06426139667393324,-0.5,-0.5,0.5,0.5,0
12,14,478,478,1,1,1,0.6251665283124599,0.6251665283124599,0.0,0.06340967495786622,0.06340967495786622,-0.5,-0.5,-0.5,-0.5,0
12,15,267,267,1,1,1,0.9276295289552134,0.9276295289552134,0.0,0.08592690879133431,0.08592690879133431,-0.5,-0.5,-0.5,-0.5,0
12,16,917,917,1,1,1,0.5551627137433695,0.5551627137433695,0.0,0.06998586034928216,0.06998586034928216,0.0,0.0,0.0,0.0,0
12,17,656,656,1,1,1,0.8260057330416359,0.8260057330416359,0.0,0.06187798313715428,0.06187798313715428,-0.5,-0.5,-0.5,-0.5,0
12,18,889,889,1,1,1,0.6469787919879384,0.6469787919879384,0.0,0.05780585094397213,0.05780585094397213,0.5,0.5,0.5,0.5,0
12,19,510,510,1,1,1,0.479520365938613,0.479520365938613,0.0,0.06211633234912708,0.06211633234912708,0.5,0.5,0.5,0.5,0
12,20,860,860,1,1,1,0.5493618559894096,0.5493618559894096,0.0,0.08813962689930785,0.08813962689930785,0.5,0.5,0.5,0.5,0
12,21,553,553,1,1,1,0.7548029866446468,0.7548029866446468,0.0,0.07966933035833107,0.07966933035833107,0.0,0.0,0.0,0.0,0
12,22,629,629,1,1,1,0.3434847288107128,0.3434847288107128,0.0,0.03909855907668361,0.03909855907668361,0.0,0.0,-0.5,-0.5,0
12,23,759,759,1,1,1,0.8265676594013504,0.8265676594013504,0.0,0.11706204894259396,0.11706204894259396,0.5,0.5,-0.5,-0.5,0
12,24,874,598,0,2,1,0.4300994294047657,0.43577129696284306,-0.05689754694972931,0.06386908678840986,0.06735922333352831,0.5,-0.5,-0.5,0.5,0
12,25,720,720,1,1,1,0.8729749367426601,0.8729749367426601,0.0,0.08460447756450673,0.08460447756450673,0.5,0.5,0.5,0.5,0
12,26,314,314,1,1,1,0.5726169050893012,0.5726169050893012,0.0,0.08879812872312065,0.08879812872312065,-0.5,-0.5,-0.5,-0.5,0
12,27,602,602,1,1,1,1.350332639153356,1.350332639153356,0.0,0.0737623197610235,0.0737623197610235,-0.5,-0.5,-0.5,-0.5,0
12,28,7,7,1,1,1,0.5484359411474596,0.5484359411474596,0.0,0.05001140574687084,0.05001140574687084,0.5,0.5,0.5,0.5,0
12,29,610,610,1,1,1,0.9029324679282215,0.9029324679282215,0.0,0.059937157856749364,0.059937157856749364,0.5,0.5,0.5,0.5,0
12,30,791,791,1,1,1,0.6230816925192185,0.6230816925192185,0.0,0.06886610146506272,0.06886610146506272,-0.5,-0.5,0.5,0.5,0
12,31,904,904,1,1,1,0.8135853395374282,0.8135853395374282,0.0,0.11701732870064571,0.11701732870064571,0.5,0.5,-0.5,-0.5,0
12,32,761,761,1,1,1,0.7510808629640537,0.7510808629640537,0.0,0.09771537337410038,0.09771537337410038,0.0,0.0,0.0,0.0,0
12,33,587,587,1,1,1,0.8598717746050657,0.8598717746050657,0.0,0.05616938265261429,0.05616938265261429,-0.5,-0.5,0.5,0.5,0
12,34,934,934,1,1,1,0.74433674328164,0.74433674328164,0.0,0.10774418226956238,0.10774418226956238,0.0,0.0,0.0,0.0,0
13,0,222,222,1,1,1,0.6135075890790523,0.6135075890790523,0.0,0.06304667508706566,0.06304667508706566,-0.5,-0.5,-0.5,-0.5,0
13,1,826,826,1,1,1,0.4393124423409811,0.4393124423409811,0.0,0.03602142497054982,0.03602142497054982,0.5,0.5,0.5,0.5,0
13,2,871,871,1,1,1,0.8184536278789528,0.8184536278789528,0.0,0.05920228806857694,0.05920228806857694,0.5,0.5,-0.5,-0.5,0
13,3,691,691,1,1,1,0.5977663507869438,0.5977663507869438,0.0,0.11695865018381235,0.11695865018381235,-0.5,-0.5,-0.5,-0.5,0
13,4,107,107,1,1,1,0.5666501608963174,0.5666501608963174,0.0,0.043034670667176714,0.043034670667176714,-0.5,-0.5,-0.5,-0.5,0
13,5,468,468,1,1,1,0.40626220529242163,0.40626220529242163,0.0,0.054120038286277365,0.054120038286277365,-0.5,-0.5,0.5,0.5,0
13,6,89,89,1,1,1,0.5110622221471018,0.5110622221471018,0.0,0.07865551888906358,0.07865551888906358,-0.5,-0.5,0.5,0.5,0
13,7,713,713,1,1,1,0.42114240085576093,0.42114240085576093,0.0,0.06012264369640499,0.06012264369640499,0.5,0.5,-0.5,-0.5,0
13,8,865,865,1,1,1,0.551777183266036,0.551777183266036,0.0,0.08783411311737724,0.08783411311737724,-0.5,-0.5,0.5,0.5,0
13,9,492,492,1,1,1,0.5096549400899274,0.5096549400899274,0.0,0.11074814638911125,0.11074814638911125,0.5,0.5,-0.5,-0.5,0
13,10,765,765,1,1,1,0.5130702245093434,0.5130702245093434,0.0,0.09141201622855533,0.09141201622855533,-0.5,-0.5,0.5,0.5,0
13,11,1023,1023,1,1,1,0.9667649146226097,0.9667649146226097,0.0,0.11517292966775576,0.11517292966775576,-0.5,-0.5,0.5,0.5,0
13,12,597,597,1,1,1,0.5602804624061937,0.5602804624061937,0.0,0.07902420879048344,0.07902420879048344,0.0,0.0,0.0,0.0,0
13,13,562,562,1,1,1,0.919817411936607,0.919817411936607,0.0,0.16186569317844715,0.16186569317844715,0.0,0.0,0.0,0.0,0
13,14,478,478,1,1,1,0.4076747900881677,0.4076747900881677,0.0,0.08256451830728358,0.08256451830728358,-0.5,-0.5,-0.5,-0.5,0
13,15,267,267,1,1,1,0.6641431942165522,0.6641431942165522,0.0,0.08012496416395648,0.08012496416395648,0.0,0.0,0.0,0.0,0
13,16,917,917,1,1,1,0.5867307864374084,0.5867307864374084,0.0,0.05887612454516004,0.05887612454516004,0.5,0.5,0.5,0.5,0
13,17,656,656,1,1,1,0.874277792243438,0.874277792243438,0.0,0.10038814467398838,0.10038814467398838,0.0,0.0,-0.5,-0.5,0
13,18,889,889,1,1,1,1.0839304136515915,1.0839304136515915,0.0,0.08637563997511519,0.08637563997511519,0.5,0.5,0.5,0.5,0
13,19,510,510,1,1,1,0.7180753453738443,0.7180753453738443,0.0,0.1210480390911522,0.1210480390911522,0.0,0.0,0.0,0.0,0
13,20,860,763,0,2,1,0.31983198455113665,0.36740016398363473,-0.6021745294376726,0.07960132795649436,0.15581531101052776,-0.5,-0.5,-0.5,-0.5,0
13,21,553,553,1,1,1,0.5006095869992827,0.5006095869992827,0.0,0.05980580502796653,0.05980580502796653,0.5,0.5,-0.5,-0.5,0
13,22,629,629,1,1,1,0.7746370078127892,0.7746370078127892,0.0,0.06600829965202752,0.06600829965202752,-0.5,-0.5,0.5,0.5,0
13,23,759,759,1,1,1,0.768669466330292,0.768669466330292,0.0,0.0665168185459383,0.0665168185459383,0.0,0.0,0.0,0.0,0
13,24,874,1007,0,12,0,0.2391086497622105,0.3464283208619653,-1.6101810179001552,0.18225175073158298,0.12824472050161162,0.5,0.5,0.5,-0.5,0
13,25,720,720,1,1,1,0.5581758604940183,0.5581758604940183,0.0,0.0739686212775635,0.0739686212775635,-0.5,-0.5,0.5,0.5,0
13,26,314,314,1,1,1,0.3674233825554591,0.3674233825554591,0.0,0.09636195123642445,0.09636195123642445,-0.5,-0.5,0.5,0.5,0
13,27,602,602,1,1,1,0.6390879734596963,0.6390879734596963,0.0,0.058718939325263515,0.058718939325263515,0.5,0.5,-0.5,-0.5,0
13,28,7,7,1,1,1,0.7733190415079084,0.7733190415079084,0.0,0.08006679155654498,0.08006679155654498,0.0,0.0,-0.5,-0.5,0
13,29,610,610,1,1,1,0.4971318931364392,0.4971318931364392,0.0,0.07420030612769474,0.07420030612769474,0.5,0.5,-0.5,-0.5,0
13,30,778,778,1,1,1,0.9482380985663087,0.9482380985663087,0.0,0.1259253474978724,0.1259253474978724,-0.5,-0.5,0.5,0.5,0
13,31,921,921,1,1,1,0.9630969770789521,0.9630969770789521,0.0,0.06367263992029429,0.06367263992029429,0.5,0.5,-0.5,-0.5,0
13,32,749,749,1,1,1,0.8249966291246635,0.8249966291246635,0.0,0.07034008218791851,0.07034008218791851,-0.5,-0.5,0.5,0.5,0
13,33,577,577,1,1,1,0.7093687290068468,0.7093687290068468,0.0,0.07023456028491087,0.07023456028491087,-0.5,-0.5,0.5,0.5,0
13,34,936,936,1,1,1,0.9467848361200674,0.9467848361200674,0.0,0.10661578483515594,0.10661578483515594,0.5,0.5,-0.5,-0.5,0
