packet_index,event_index,symbol_index,selected_bin,signed_bin,symbol_value,phase_at_bin,phase_predicted,phase_residual_rad,phase_score,margin,confidence,amplitude,energy_ratio,argmax_bin,argmax_is_selected,rank_by_amp,gt_bin,is_correct
1,1,0,152,152,151,-0.961346,-2.509045,1.547699,1.000000,0.087314,0.4981,16.573717,0.007180,152,1,0,222,0
1,1,1,1007,-17,1006,-1.867942,-1.392223,-0.475719,0.888964,0.004876,0.3712,16.492825,0.007187,1007,1,0,826,0
1,1,2,637,-387,636,-0.237862,-2.774538,2.536677,1.000000,0.100450,0.5134,18.456944,0.008610,637,1,0,922,0
1,1,3,841,-183,840,0.436700,1.392219,-0.955519,0.577185,-0.375196,0.2410,15.672729,0.006730,841,1,0,718,0
1,1,4,989,-35,988,-1.434058,1.111261,-2.545319,1.000000,0.263142,0.6748,17.402681,0.007783,989,1,0,107,0
1,1,5,880,-144,879,1.031120,-0.759496,1.790616,1.000000,0.088275,0.4995,16.819744,0.007468,880,1,0,468,0
1,1,6,921,-103,920,1.335787,1.705681,-0.369894,0.932366,0.030463,0.4143,16.452791,0.007275,921,1,0,89,0
1,1,7,909,-115,908,1.037548,1.640454,-0.602906,0.823691,-0.169969,0.3391,15.982185,0.006432,909,1,0,713,0
1,1,8,434,434,433,-0.297844,1.342215,-1.640059,1.000000,0.010319,0.4207,15.799819,0.006899,434,1,0,865,0
1,1,9,615,-409,614,-2.657752,-0.596083,-2.061668,1.000000,0.128373,0.5376,15.066130,0.006173,615,1,0,492,0
1,1,10,858,-166,857,-1.961487,-3.993144,2.031657,1.000000,0.056454,0.4678,16.745728,0.007561,858,1,0,765,0
1,1,11,975,-49,974,2.336667,-3.296879,-0.649639,0.796302,0.015415,0.3446,16.025042,0.007141,975,1,0,1023,0
1,1,12,607,-417,606,0.314019,0.351635,-0.037616,0.999293,0.101844,0.5127,16.656504,0.007432,607,1,0,597,0
1,1,13,34,34,33,2.831083,-1.671012,-1.781090,1.000000,0.067025,0.4766,15.785247,0.006404,34,1,0,562,0
1,1,14,288,288,287,-1.747644,0.846051,-2.593695,1.000000,0.059262,0.4690,15.524845,0.006462,288,1,0,478,0
1,1,15,615,-409,614,-2.835259,-0.043185,-2.792074,1.000000,0.072729,0.4838,16.572746,0.007384,615,1,0,267,0
1,1,16,950,-74,949,0.075720,-1.130801,1.206521,0.356272,-0.566376,0.1525,16.244822,0.006640,950,1,0,917,0
1,1,17,784,-240,783,2.941637,1.780179,1.161458,0.398002,-0.386860,0.1715,17.543436,0.008179,784,1,0,656,0
1,1,18,811,-213,810,-2.810966,5.807554,-2.335335,1.000000,0.301231,0.7115,17.141367,0.007640,811,1,0,889,0
1,1,19,34,34,33,-0.238209,0.054951,-0.293160,0.957336,0.093425,0.4873,16.601080,0.007308,34,1,0,510,0
1,1,20,544,-480,543,2.333728,2.334548,-0.000820,1.000000,0.081817,0.4927,16.730558,0.007249,544,1,0,860,0
1,1,21,594,-430,593,2.718839,4.905665,-2.186826,1.000000,0.005248,0.4140,14.818336,0.005828,594,1,0,553,0
1,1,22,751,-273,750,-0.090786,5.290776,0.901624,0.620337,-0.191874,0.2592,16.882204,0.007358,751,1,0,629,0
1,1,23,949,-75,948,0.977046,0.294325,0.682721,0.775859,-0.115248,0.3217,16.972382,0.007541,949,1,0,759,0
1,1,24,125,125,124,1.710128,1.362157,0.347971,0.940067,0.047402,0.4363,18.372391,0.008580,125,1,0,874,0
1,1,25,196,196,195,1.965766,2.443210,-0.477444,0.888172,-0.099157,0.3652,16.312885,0.006594,196,1,0,720,0
1,1,26,404,404,403,2.133808,2.698847,-0.565040,0.844567,-0.016045,0.3477,16.149075,0.006611,404,1,0,314,0
1,1,27,879,-145,878,1.483400,2.389445,-0.906045,0.616864,-0.257001,0.2580,16.722982,0.007514,879,1,0,602,0
1,1,28,13,13,12,1.711928,1.651442,0.060486,0.998171,0.100045,0.5108,17.270905,0.007689,13,1,0,7,0
1,1,29,547,-477,546,1.985485,1.879970,0.105515,0.994438,0.165145,0.5757,18.176979,0.008549,547,1,0,610,0
1,1,30,600,-424,599,-1.400836,2.214012,2.668337,1.000000,0.025657,0.4349,15.588815,0.006137,600,1,0,807,0
1,1,31,668,-356,667,-1.755645,-1.127280,-0.628365,0.808990,-0.107582,0.3356,17.759790,0.007989,668,1,0,897,0
1,1,32,568,-456,567,-1.587891,-1.482088,-0.105803,0.994408,0.065447,0.4714,14.672194,0.005433,568,1,0,749,0
1,1,33,429,429,428,-1.661932,-1.420138,-0.241794,0.970910,0.165090,0.5654,17.264091,0.007937,429,1,0,584,0
1,1,34,790,-234,789,-1.040855,-1.735973,0.695117,0.767979,-0.057024,0.3183,16.360357,0.007416,790,1,0,934,0
1,1,35,665,-359,664,2.923939,-0.873102,-2.486144,1.000000,0.044737,0.4557,16.739124,0.007320,665,1,0,-1,0
1,1,36,763,-261,762,3.055387,2.849899,0.205488,0.978962,0.005705,0.4051,14.202962,0.005191,763,1,0,-1,0
1,1,37,969,-55,968,1.488298,3.186834,-1.698536,1.000000,0.051907,0.4615,16.472868,0.006422,969,1,0,-1,0
1,1,38,388,388,387,-0.105150,-0.078791,-0.026359,0.999653,0.156319,0.5671,16.714603,0.007248,388,1,0,-1,0
1,1,39,836,-188,835,2.192097,-1.672239,-2.418849,1.000000,0.204140,0.6182,18.759109,0.009372,836,1,0,-1,0
1,1,40,740,-284,739,1.444583,0.625008,0.819575,0.682532,-0.179515,0.2833,16.196259,0.006891,740,1,0,-1,0
1,1,41,233,233,232,-0.216384,0.697069,-0.913453,0.611016,-0.311616,0.2536,15.430608,0.006148,233,1,0,-1,0
1,1,42,20,20,19,2.644035,-0.963898,-2.675252,1.000000,0.073610,0.4843,16.401264,0.007124,20,1,0,-1,0
1,1,43,887,-137,886,0.837595,1.896521,-1.058926,0.489809,-0.463576,0.2065,16.621614,0.007047,887,1,0,-1,0
1,1,44,991,-33,990,1.527782,-0.823372,2.351155,1.000000,0.045682,0.4541,14.593339,0.005620,991,1,0,-1,0
1,1,45,2,2,1,1.241146,2.217970,-0.976824,0.559657,-0.408530,0.2344,16.218601,0.007047,2,1,0,-1,0
1,1,46,278,278,277,1.604418,0.954510,0.649908,0.796140,-0.154862,0.3280,15.749059,0.006350,278,1,0,-1,0
1,1,47,56,56,55,2.547948,1.967689,0.580259,0.836321,-0.077469,0.3471,17.399206,0.008377,56,1,0,-1,0
3,3,0,258,258,257,-2.961344,10.703739,-1.098712,0.454744,-0.456116,0.1938,17.447695,0.007951,258,1,0,222,0
3,3,1,306,306,305,-2.912858,-1.759036,-1.153821,0.404996,-0.509185,0.1720,15.979788,0.006660,306,1,0,711,0
3,3,2,560,-464,559,-3.112384,-2.864372,-0.248013,0.934299,0.003479,0.3836,12.984138,0.004255,65,0,12,871,0
3,3,3,797,-227,796,-3.019529,-3.063898,0.044370,0.960287,0.009294,0.4006,13.625419,0.004811,395,0,8,718,0
3,3,4,295,295,294,3.106521,-2.971043,-0.205622,0.942231,0.013818,0.3989,14.480916,0.005453,834,0,3,107,0
3,3,5,877,-147,876,-2.839970,2.949385,0.493831,0.880523,-0.062461,0.3617,16.221876,0.006310,877,1,0,468,0
3,3,6,550,-474,549,-2.760045,-2.747114,-0.012931,0.973822,0.005834,0.4030,13.906438,0.005121,360,0,6,89,0
3,3,7,407,407,406,-3.118893,-2.680121,-0.438772,0.905274,-0.008091,0.3730,16.837662,0.007230,407,1,0,713,0
3,3,8,769,-255,768,-2.148459,-3.038969,0.890510,0.629016,-0.315645,0.2613,15.464344,0.006456,769,1,0,865,0
3,3,9,927,-97,926,-1.567662,-2.068534,0.500872,0.877164,-0.065750,0.3605,15.889620,0.006439,927,1,0,492,0
3,3,10,137,137,136,-0.906333,-0.986866,0.080533,0.966726,0.017680,0.4110,13.115417,0.004416,76,0,16,765,0
3,3,11,984,-40,983,-0.167747,-0.245004,0.077257,0.941348,0.011956,0.3962,13.960898,0.005157,796,0,2,1023,0
3,3,12,765,-259,764,0.464488,0.493582,-0.029094,0.977982,0.058926,0.4608,16.357626,0.007092,815,0,1,597,0
3,3,13,375,375,374,1.340863,1.125817,0.215046,0.938701,0.001140,0.3848,14.577198,0.005467,264,0,4,562,0
3,3,14,304,304,303,2.253650,2.079449,0.174201,0.931771,0.002232,0.3807,11.960336,0.003871,574,0,13,478,0
3,3,15,566,-458,565,-3.135374,3.130025,0.017786,0.999842,0.089383,0.5005,16.776859,0.007463,566,1,0,267,0
3,3,16,442,442,441,-2.143230,-2.241213,0.097983,0.958417,0.000603,0.3921,14.646262,0.005392,654,0,7,917,0
3,3,17,820,-204,819,-1.315085,-1.230443,-0.084642,0.942485,0.013042,0.3957,11.885877,0.003796,33,0,24,656,0
3,3,18,544,-480,543,-0.421141,-0.420924,-0.000217,0.925723,0.016028,0.3921,12.148461,0.003834,923,0,16,889,0
3,3,19,673,-351,672,0.522669,0.472803,0.049866,0.933388,0.008329,0.3876,12.379471,0.003975,510,0,21,510,0
3,3,20,398,398,397,2.150415,1.416614,0.733802,0.742634,-0.215080,0.3061,14.927987,0.006023,398,1,0,860,0
3,3,21,283,283,282,2.973394,3.094226,-0.120831,0.943216,0.017122,0.4014,12.841325,0.004684,212,0,6,553,0
3,3,22,89,89,88,-2.296951,3.917204,0.069030,0.946073,0.025247,0.4096,12.858262,0.003937,823,0,11,629,0
3,3,23,80,80,79,-1.382025,-1.284111,-0.097914,0.995210,0.056646,0.4653,16.794750,0.007064,80,1,0,759,0
3,3,24,324,324,323,-1.397244,-0.467099,-0.930145,0.597718,-0.316363,0.2515,17.786234,0.008250,324,1,0,874,0
3,3,25,1016,-8,1015,-0.497570,-0.482318,-0.015252,0.973828,0.048498,0.4460,14.422057,0.005347,524,0,1,720,0
3,3,26,76,76,75,0.449494,0.402104,0.047390,0.943671,0.013608,0.3974,12.599209,0.004194,541,0,13,314,0
3,3,27,911,-113,910,1.559595,1.349168,0.210428,0.977942,0.033250,0.4365,17.603909,0.008073,911,1,0,602,0
3,3,28,469,469,468,2.524620,2.506659,0.017960,0.936588,0.026871,0.4078,12.959270,0.004202,650,0,11,7,0
3,3,29,72,72,71,-2.809708,3.489644,-0.016167,0.990531,0.076805,0.4812,14.610074,0.005471,45,0,2,610,0
3,3,30,168,168,167,-1.776499,-1.844683,0.068184,0.936101,0.003865,0.3854,13.779442,0.004736,454,0,12,778,0
3,3,31,431,431,430,-1.310604,-0.811475,-0.499130,0.878000,-0.030492,0.3659,19.453838,0.009783,431,1,0,897,0
3,3,32,137,137,136,-0.524334,-0.361747,-0.162588,0.946164,0.018401,0.4045,13.888544,0.005118,343,0,6,740,0
3,3,33,499,499,498,0.300162,0.261936,0.038226,0.954833,0.017307,0.4056,12.828893,0.004235,601,0,14,590,0
3,3,34,843,-181,842,1.083293,1.086432,-0.003139,0.927919,0.001074,0.3781,12.129755,0.003874,774,0,25,930,0
3,3,35,965,-59,964,1.982238,1.869563,0.112675,0.993659,0.041907,0.4498,16.750780,0.006945,965,1,0,-1,0
3,3,36,858,-166,857,-2.982174,2.806735,0.494277,0.880312,-0.017953,0.3666,19.261532,0.009655,858,1,0,-1,0
3,3,37,357,357,356,-1.940257,-2.083228,0.142971,0.940683,0.008958,0.3915,12.629931,0.004201,889,0,9,-1,0
3,3,38,488,488,487,0.206111,-0.898341,1.104452,0.449624,-0.471318,0.1915,17.183941,0.007777,488,1,0,-1,0
3,3,39,620,-404,619,2.122504,1.524885,0.597620,0.826677,-0.068116,0.3438,18.040194,0.008744,620,1,0,-1,0
3,3,40,783,-241,782,-1.671070,4.038898,0.573218,0.840160,-0.075374,0.3478,17.298403,0.007791,783,1,0,-1,0
3,3,41,868,-156,867,-0.776559,0.475299,-1.251858,0.313558,-0.603939,0.1365,16.435377,0.007366,868,1,0,-1,0
3,3,42,72,72,71,1.133352,1.139834,-0.006482,0.999979,0.079414,0.4911,17.331732,0.007824,72,1,0,-1,0
3,3,43,573,-451,572,3.116946,3.043263,0.073682,0.946518,0.001555,0.3863,12.322946,0.004115,607,0,15,-1,0
3,3,44,250,250,249,-1.230755,5.026857,0.025573,0.909257,0.022810,0.3925,12.373641,0.003984,843,0,12,-1,0
3,3,45,586,-438,585,1.336162,0.704729,0.631433,0.807182,-0.093838,0.3361,18.129135,0.008810,586,1,0,-1,0
3,3,46,30,30,29,3.095107,3.319756,-0.224649,0.903564,0.009522,0.3784,14.131845,0.004975,799,0,9,-1,0
3,3,47,560,-464,559,-1.209332,5.030592,0.043262,0.946024,0.000878,0.3860,12.935739,0.004481,369,0,9,-1,0
3,3,48,901,-123,900,0.844998,0.769414,0.075583,0.910345,0.002454,0.3717,11.080462,0.003377,954,0,30,-1,0
3,3,49,411,411,410,-2.336868,2.823744,1.122573,0.433365,-0.536761,0.1817,14.428193,0.005559,411,1,0,-1,0
3,3,50,482,482,481,-0.174513,-0.282538,0.108026,0.923022,0.001671,0.3766,11.752748,0.003818,222,0,19,-1,0
3,3,51,849,-175,848,1.971654,1.987843,-0.016189,0.917974,0.002066,0.3743,11.375147,0.003355,32,0,29,-1,0
3,3,52,86,86,85,-1.311066,4.134009,0.838110,0.668869,-0.255565,0.2804,17.899021,0.008552,86,1,0,-1,0
3,3,53,452,452,451,0.704401,0.851289,-0.146888,0.939451,0.029998,0.4123,12.875319,0.004345,729,0,10,-1,0
3,3,54,43,43,42,2.634888,2.850568,-0.215679,0.926804,0.005417,0.3836,13.751191,0.004947,760,0,7,-1,0
3,3,55,1017,-7,1016,-1.544828,4.650356,0.088002,0.951797,0.049562,0.4399,15.445184,0.006432,469,0,2,-1,0
3,3,56,540,-484,539,-0.110560,0.470639,-0.581199,0.835805,-0.068687,0.3510,21.126188,0.011137,540,1,0,-1,0
3,3,57,967,-57,966,1.711000,1.819927,-0.108927,0.916342,0.016395,0.3870,9.903341,0.002691,636,0,51,-1,0
3,3,58,322,322,321,-2.762048,3.532560,-0.011423,0.909886,0.006551,0.3754,10.945767,0.003277,305,0,35,-1,0
3,3,59,1013,-11,1012,-1.067517,-0.951912,-0.115605,0.962007,0.013168,0.4060,13.794876,0.005382,292,0,7,-1,0
3,3,60,397,397,396,0.852887,0.742620,0.110267,0.926196,0.007100,0.3835,12.067639,0.003925,545,0,15,-1,0
3,3,61,942,-82,941,2.475840,2.663024,-0.187184,0.908470,0.012147,0.3805,11.104470,0.003308,862,0,34,-1,0
3,3,62,456,456,455,-2.074507,4.170371,0.038307,0.980699,0.037830,0.4380,14.103783,0.005284,437,0,3,-1,0
3,3,63,568,-456,567,-0.508214,-0.341668,-0.166546,0.917466,0.009208,0.3834,13.487848,0.004771,649,0,3,-1,0
3,3,64,635,-389,634,-0.132266,1.114739,-1.247005,0.318164,-0.592425,0.1370,15.550375,0.006487,635,1,0,-1,0
3,3,65,505,505,504,1.211730,1.434027,-0.222297,0.897431,0.001938,0.3667,11.991495,0.003864,455,0,21,-1,0
3,3,66,325,325,324,2.906161,2.555726,0.350435,0.939223,0.007343,0.3954,17.370550,0.008230,325,1,0,-1,0
3,3,67,971,-53,970,-2.114203,4.250157,-0.081175,0.943851,0.008338,0.3929,13.537953,0.004655,994,0,6,-1,0
3,3,68,1023,-1,1022,-1.038687,-0.770207,-0.268479,0.929798,0.000055,0.3800,14.614972,0.005376,955,0,4,-1,0
3,3,69,332,332,331,0.155943,0.224134,-0.068192,0.914051,0.006012,0.3769,11.756774,0.003486,258,0,26,-1,0
3,3,70,428,428,427,1.388495,1.350572,0.037922,0.956169,0.034202,0.4233,13.077612,0.004392,252,0,9,-1,0
3,3,71,683,-341,682,2.815977,2.583124,0.232852,0.930466,0.002563,0.3843,15.403119,0.006392,170,0,1,-1,0
3,3,72,401,401,400,-2.183380,4.048529,0.051277,0.935781,0.010202,0.3910,13.119985,0.004331,330,0,14,-1,0
3,3,73,391,391,390,-0.745872,-0.899552,0.153680,0.915714,0.008166,0.3795,11.432249,0.003397,441,0,33,-1,0
3,3,74,900,-124,899,-0.519698,0.681610,-1.201308,0.361138,-0.537683,0.1561,17.325949,0.007759,900,1,0,-1,0
3,3,75,119,119,118,0.808937,0.764130,0.044807,0.943429,0.001106,0.3860,13.838679,0.004989,407,0,3,-1,0
3,3,76,650,-374,649,2.253434,2.137573,0.115861,0.923640,0.017467,0.3940,13.612883,0.004704,257,0,10,-1,0
3,3,77,757,-267,756,3.040147,3.582070,-0.541923,0.856718,-0.065200,0.3531,16.460747,0.006931,757,1,0,-1,0
3,3,78,226,226,225,-1.825401,4.368782,0.089002,0.942562,0.045952,0.4322,15.134734,0.006142,300,0,2,-1,0
3,3,79,492,492,491,0.742311,-0.407763,1.150074,0.408420,-0.531731,0.1743,16.960587,0.007263,492,1,0,-1,0
3,3,80,720,-304,719,1.974695,2.159949,-0.185255,0.930673,0.007095,0.3884,14.961861,0.005999,1021,0,2,-1,0
3,3,81,779,-245,778,-2.804290,3.392333,0.086563,0.980460,0.042416,0.4428,14.706026,0.005488,209,0,3,-1,0
3,3,82,716,-308,715,-1.203839,-1.300089,0.096250,0.967582,0.025576,0.4200,13.617125,0.004922,1018,0,4,-1,0
3,3,83,554,-470,553,0.336881,0.300362,0.036519,0.927283,0.014323,0.3910,12.093255,0.003852,389,0,22,-1,0
3,3,84,19,19,18,1.963307,1.877601,0.085706,0.914818,0.000488,0.3711,10.817801,0.003152,587,0,42,-1,0
3,3,85,755,-269,754,-2.823678,3.563758,-0.104251,0.929177,0.013192,0.3917,13.086183,0.004552,424,0,9,-1,0
3,3,86,473,473,472,-1.339943,-1.282958,-0.056985,0.930836,0.015410,0.3955,14.287231,0.005163,783,0,5,-1,0
3,3,87,508,508,507,0.653127,0.156258,0.496869,0.879079,-0.043878,0.3624,16.571646,0.007212,508,1,0,-1,0
3,3,88,949,-75,948,1.982102,2.149327,-0.167225,0.946422,0.002610,0.3883,13.269067,0.004764,135,0,6,-1,0
3,3,89,387,387,386,-2.944244,3.465837,-0.126896,0.965260,0.050548,0.4456,15.318326,0.005997,653,0,2,-1,0
3,3,90,695,-329,694,-1.491230,-1.587405,0.096175,0.995379,0.050434,0.4571,14.786224,0.005704,695,1,0,-1,0
3,3,91,561,-463,560,-0.198413,-0.134391,-0.064022,0.967357,0.033211,0.4298,15.579902,0.006406,881,0,1,-1,0
3,3,92,955,-69,954,1.080847,1.158426,-0.077579,0.932588,0.006791,0.3863,13.009760,0.004348,969,0,14,-1,0
3,3,93,512,512,511,2.561945,2.373664,0.188281,0.905970,0.008154,0.3759,11.514762,0.003556,789,0,29,-1,0
3,3,94,841,-183,840,-2.348588,3.854762,0.079836,0.943314,0.008955,0.3917,11.919413,0.003582,134,0,17,-1,0
3,3,95,788,-236,787,-2.063582,-0.975934,-1.087648,0.464570,-0.444401,0.2005,19.489897,0.009771,788,1,0,-1,0
3,3,96,644,-380,643,-0.528612,-0.690929,0.162317,0.954365,0.013100,0.4026,13.993070,0.005152,556,0,7,-1,0
3,3,97,898,-126,897,0.845286,0.844042,0.001245,0.918940,0.000272,0.3729,11.277641,0.003380,571,0,29,-1,0
3,3,98,230,230,229,2.232542,2.219184,0.013358,0.941975,0.006143,0.3892,13.049026,0.004185,500,0,17,-1,0
3,3,99,502,502,501,-2.843382,3.619798,-0.179995,0.978672,0.042971,0.4425,14.468510,0.005352,901,0,1,-1,0
3,3,100,52,52,51,-1.448084,-1.469485,0.021400,0.999771,0.086082,0.5043,21.196833,0.012193,52,1,0,-1,0
3,3,101,864,-160,863,-1.149938,-0.060828,-1.089110,0.463275,-0.481100,0.1945,15.174245,0.006111,864,1,0,-1,0
3,3,102,857,-167,856,-0.862944,0.057323,-0.920267,0.605608,-0.313269,0.2543,17.570509,0.008009,857,1,0,-1,0
3,3,103,97,97,96,-0.627595,-0.564797,-0.062797,0.947366,0.024248,0.4099,13.051525,0.004453,588,0,15,-1,0
3,3,104,1004,-20,1003,-0.297842,-0.340601,0.042759,0.941345,0.010979,0.3929,11.878067,0.003558,128,0,24,-1,0
3,3,105,892,-132,891,0.529468,-0.010848,0.540316,0.857546,-0.040840,0.3545,17.601183,0.007671,892,1,0,-1,0
3,3,106,748,-276,747,0.719741,0.859220,-0.139479,0.909402,0.002462,0.3722,12.051436,0.003957,146,0,24,-1,0
3,3,107,951,-73,950,1.876122,1.049494,0.826628,0.677360,-0.260560,0.2794,15.197801,0.005625,951,1,0,-1,0
3,3,108,132,132,131,2.732442,2.703432,0.029010,0.999579,0.070037,0.4821,17.594700,0.008130,132,1,0,-1,0
3,3,109,1,1,0,-3.016407,3.588761,-0.321983,0.948610,0.014564,0.4055,16.991928,0.007661,1,1,0,-1,0
3,3,110,653,-371,652,-0.949135,-2.160087,1.210952,0.352128,-0.565689,0.1511,15.900539,0.006838,653,1,0,-1,0
3,3,111,741,-283,740,-0.149755,-0.092816,-0.056940,0.988750,0.058191,0.4623,14.744488,0.005737,940,0,1,-1,0
3,3,112,805,-219,804,0.584681,0.649625,-0.064943,0.915414,0.001946,0.3739,12.186243,0.003836,115,0,21,-1,0
3,3,113,198,198,197,1.543040,1.384061,0.158979,0.908037,0.018151,0.3863,11.350738,0.003283,79,0,35,-1,0
3,3,114,977,-47,976,2.572863,2.342420,0.230444,0.934685,0.026317,0.4089,14.959671,0.005818,394,0,4,-1,0
3,3,115,0,0,1023,-2.688235,3.531222,0.063728,0.940663,0.024156,0.4073,13.133556,0.004614,527,0,10,-1,0
3,3,116,537,-487,536,-2.159564,-1.666149,-0.493415,0.880720,-0.040542,0.3635,16.648466,0.007501,537,1,0,-1,0
3,3,117,841,-183,840,-0.967463,-1.137477,0.170014,0.985582,0.033784,0.4390,16.673367,0.007343,841,1,0,-1,0
3,3,118,870,-154,869,0.123242,0.054623,0.068619,0.937285,0.005996,0.3864,11.510648,0.003642,678,0,25,-1,0
3,3,119,918,-106,917,1.220744,1.213948,0.006796,0.928544,0.019535,0.3968,12.243047,0.003891,321,0,19,-1,0
3,3,120,724,-300,723,2.440436,2.318245,0.122191,0.944930,0.016784,0.4029,14.350985,0.005449,89,0,5,-1,0
3,3,121,312,312,311,-3.011946,3.537938,-0.266699,0.964646,0.028030,0.4249,16.347952,0.007345,312,1,0,-1,0
3,3,122,570,-454,569,-1.682969,-1.914445,0.231476,0.973329,0.001283,0.4036,17.794203,0.008661,570,1,0,-1,0
3,3,123,693,-331,692,-0.560956,-0.463276,-0.097679,0.941135,0.020428,0.4027,12.176852,0.003911,445,0,17,-1,0
3,3,124,216,216,215,1.640997,0.561057,1.079940,0.471381,-0.436933,0.2022,18.915316,0.009101,216,1,0,-1,0
3,3,125,903,-121,902,2.009343,2.969975,-0.960632,0.573003,-0.368280,0.2382,14.991836,0.006031,903,1,0,-1,0
3,3,126,820,-204,819,2.622395,3.131356,-0.508961,0.873251,-0.017963,0.3665,21.229788,0.011444,820,1,0,-1,0
3,3,127,541,-483,540,1.972122,3.235446,-1.263324,0.302650,-0.616864,0.1303,15.141679,0.006144,541,1,0,-1,0
3,3,128,10,10,9,2.750594,2.340468,0.410126,0.917071,-0.056599,0.3767,16.183334,0.006592,10,1,0,-1,0
3,3,129,585,-439,584,-3.001088,3.363645,-0.081547,0.942420,0.015137,0.3999,14.121451,0.005166,446,0,5,-1,0
3,3,130,349,349,348,-3.062156,-2.469584,-0.592572,0.829507,-0.078820,0.3427,16.125216,0.007236,349,1,0,-1,0
3,3,131,557,-467,556,-2.477046,-2.530651,0.053606,0.938442,0.025477,0.4072,12.639121,0.004243,366,0,18,-1,0
3,3,132,286,286,285,-1.734072,-1.945542,0.211470,0.915672,0.014531,0.3854,10.816206,0.003036,168,0,44,-1,0
3,3,133,881,-143,880,-0.804583,-1.148962,0.344379,0.941285,0.010702,0.3973,15.823961,0.006705,881,1,0,-1,0
3,3,134,540,-484,539,-0.101960,-0.061609,-0.040351,0.946000,0.045021,0.4318,14.369567,0.005605,691,0,5,-1,0
3,3,135,512,512,511,1.857460,0.641015,1.216445,0.346982,-0.557961,0.1527,18.879112,0.009262,512,1,0,-1,0
3,3,136,541,-483,540,-2.385035,2.786949,1.111201,0.443585,-0.487773,0.1893,17.258211,0.007909,541,1,0,-1,0
3,3,137,399,399,398,0.525747,-0.425616,0.951363,0.580574,-0.377487,0.2413,15.544850,0.006030,399,1,0,-1,0
3,3,138,421,421,420,2.363459,2.566437,-0.202978,0.955027,0.004277,0.3937,13.525236,0.004933,843,0,6,-1,0
3,3,139,329,329,328,-1.775441,4.404150,0.103594,0.993266,0.060280,0.4652,14.202748,0.005048,528,0,3,-1,0
3,3,140,988,-36,987,0.250434,0.368843,-0.118409,0.983606,0.035215,0.4385,16.101194,0.006530,751,0,1,-1,0
3,3,141,768,-256,767,2.425282,2.276309,0.148973,0.965827,0.007798,0.4012,13.438752,0.004682,197,0,5,-1,0
3,3,142,372,372,371,-2.307096,4.569566,-0.593477,0.829001,-0.121636,0.3412,15.693185,0.006415,372,1,0,-1,0
3,3,143,248,248,247,-0.277733,-0.281221,0.003488,0.919758,0.049596,0.4225,11.271149,0.003331,1003,0,27,-1,0
3,3,144,425,425,424,2.340430,1.751630,0.588800,0.831608,-0.073680,0.3445,17.116779,0.007887,425,1,0,-1,0
3,3,145,978,-46,977,-2.462904,4.369793,-0.549511,0.852780,-0.069769,0.3502,15.376236,0.006049,978,1,0,-1,0
3,3,146,207,207,206,-0.365110,-0.433541,0.068431,0.920445,0.023044,0.3981,13.077384,0.004566,904,0,7,-1,0
3,3,147,686,-338,685,1.767658,1.732684,0.034973,0.906981,0.023436,0.3908,11.110355,0.003044,140,0,43,-1,0
3,3,148,787,-237,786,-2.605006,3.865452,-0.187273,0.928478,0.018971,0.3971,13.256254,0.004516,60,0,14,-1,0
3,3,149,299,299,298,-0.683523,-0.507212,-0.176311,0.943842,0.038972,0.4244,14.452881,0.005259,582,0,2,-1,0
3,3,150,54,54,53,1.200500,1.237961,-0.037461,0.997981,0.032473,0.4397,14.151774,0.005367,350,0,1,-1,0
3,3,151,165,165,164,2.993129,3.111022,-0.117893,0.922026,0.026604,0.4013,11.941801,0.003924,709,0,10,-1,0
3,3,152,609,-415,608,-2.543603,4.877152,-1.137569,0.419802,-0.485278,0.1802,17.671577,0.008217,609,1,0,-1,0
3,3,153,624,-400,623,-0.446132,-0.750974,0.304841,0.953895,0.054741,0.4492,18.038368,0.008601,624,1,0,-1,0
3,3,154,99,99,98,2.580459,1.346497,1.233962,0.330501,-0.580641,0.1439,17.236107,0.007778,99,1,0,-1,0
3,3,155,394,394,393,-1.463634,4.677929,0.141622,0.933705,0.000184,0.3795,12.401468,0.003885,23,0,25,-1,0
3,3,156,258,258,257,0.623080,0.775458,-0.152378,0.935105,0.014455,0.3942,12.188892,0.003780,897,0,18,-1,0
3,3,157,848,-176,847,-2.522120,2.862173,0.898892,0.622477,-0.292959,0.2592,16.085188,0.006807,848,1,0,-1,0
3,3,158,104,104,103,-0.160240,-0.283028,0.122788,0.941477,0.000425,0.3844,13.711452,0.004907,908,0,3,-1,0
3,3,159,397,397,396,2.203096,2.201640,0.001456,0.923394,0.003161,0.3777,11.925457,0.003477,475,0,24,-1,0
3,3,160,247,247,246,-2.608773,4.566432,-0.892020,0.627841,-0.295888,0.2610,15.800670,0.006566,247,1,0,-1,0
3,3,161,767,-257,766,-0.257935,-0.246894,-0.011041,0.933431,0.008827,0.3889,12.776686,0.004437,102,0,9,-1,0
3,3,162,611,-413,610,1.263574,2.092904,-0.829330,0.675370,-0.245064,0.2837,18.672987,0.009013,611,1,0,-1,0
3,3,163,47,47,46,2.898462,2.785082,0.113380,0.898844,0.004570,0.3693,11.372230,0.003464,881,0,30,-1,0
3,3,164,941,-83,940,-1.770874,4.533351,-0.021039,0.999779,0.036816,0.4465,15.545512,0.006521,941,1,0,-1,0
3,3,165,708,-316,707,-0.211388,-0.157024,-0.054364,0.941943,0.015052,0.3982,12.524432,0.004248,322,0,15,-1,0
3,3,166,868,-156,867,1.309059,1.402462,-0.093403,0.945577,0.052638,0.4415,16.508820,0.007065,724,0,1,-1,0
3,3,167,476,476,475,2.971628,2.868545,0.103083,0.960924,0.046281,0.4400,15.526063,0.006246,497,0,2,-1,0
3,3,168,66,66,65,-0.553291,4.531114,1.198781,0.363494,-0.550598,0.1569,17.431313,0.007695,66,1,0,-1,0
3,3,169,940,-84,939,1.241287,1.109278,0.132008,0.900924,0.001446,0.3669,11.040296,0.003416,860,0,30,-1,0
3,3,170,1015,-9,1014,2.805188,3.035864,-0.230676,0.939517,0.032917,0.4154,13.048016,0.004458,2,0,15,-1,0
3,3,171,499,499,498,-1.816183,4.599766,-0.132764,0.934968,0.012931,0.3934,12.852553,0.004289,384,0,13,-1,0
3,3,172,63,63,62,-0.294229,-0.154369,-0.139860,0.946241,0.008841,0.3958,14.352696,0.005663,780,0,6,-1,0
3,3,173,1006,-18,1005,1.388910,1.269673,0.119237,0.956340,0.003227,0.3946,14.334867,0.005903,713,0,5,-1,0
3,3,174,528,-496,527,2.829742,3.050724,-0.220982,0.942337,0.012890,0.3975,14.503296,0.005095,441,0,8,-1,0
3,3,175,187,187,186,-1.751256,4.351696,0.180233,0.912833,0.015503,0.3889,14.168595,0.005476,291,0,5,-1,0
3,3,176,103,103,102,-0.149395,-0.068117,-0.081278,0.903356,0.001866,0.3684,11.522941,0.003455,837,0,27,-1,0
3,3,177,854,-170,853,1.334447,1.452466,-0.118019,0.915976,0.007308,0.3802,13.067898,0.004346,485,0,16,-1,0
3,3,178,723,-301,722,2.956674,2.936308,0.020365,0.923014,0.000013,0.3752,12.142792,0.004010,704,0,18,-1,0
3,3,179,131,131,130,-1.785821,4.558535,-0.061171,0.902659,0.004201,0.3706,11.731727,0.003581,493,0,26,-1,0
5,5,0,667,-357,666,2.081315,-4.173304,-0.028566,0.888932,0.007374,0.3682,11.784575,0.003488,936,0,26,222,0
5,5,1,904,-120,903,1.556024,1.305543,0.250480,0.968774,0.025872,0.4230,15.320858,0.006414,184,0,1,826,0
5,5,2,341,341,340,1.078249,1.030732,0.047517,0.942062,0.010556,0.3926,11.423712,0.003512,166,0,26,871,0
5,5,3,916,-108,915,0.757618,0.600474,0.157144,0.987678,0.005430,0.4103,15.687418,0.006559,916,1,0,718,0
5,5,4,810,-214,809,0.298034,0.279843,0.018191,0.922260,0.007027,0.3821,12.332387,0.004094,233,0,15,86,0
5,5,5,679,-345,678,-0.248021,-0.161550,-0.086472,0.935059,0.001248,0.3812,12.365458,0.003979,30,0,21,468,0
5,5,6,778,-246,777,-0.759649,-0.707606,-0.052044,0.953446,0.028915,0.4179,13.785530,0.005098,677,0,8,89,0
5,5,7,758,-266,757,-1.137955,-1.271277,0.133322,0.982570,0.034521,0.4375,16.236183,0.006656,977,0,1,713,0
5,5,8,63,63,62,-0.793844,-1.649582,0.855738,0.655661,-0.257138,0.2742,17.660862,0.007953,63,1,0,865,0
5,5,9,586,-438,585,-1.277123,-1.172150,-0.104974,0.966005,0.036790,0.4305,13.322310,0.004844,900,0,5,492,0
5,5,10,324,324,323,-1.589524,-1.655429,0.065905,0.957539,0.024614,0.4144,13.287580,0.004507,727,0,12,765,0
5,5,11,50,50,49,-1.983562,-1.901924,-0.081638,0.996669,0.131591,0.5431,18.612347,0.008585,50,1,0,1023,0
5,5,12,938,-86,937,-2.247342,-2.377600,0.130258,0.961682,0.003128,0.3956,13.705744,0.005196,1003,0,5,597,0
5,5,13,505,505,504,-2.618716,-2.559742,-0.058974,0.998262,0.061334,0.4708,16.101862,0.006780,505,1,0,562,0
5,5,14,764,-260,763,3.138180,-2.990091,-0.154914,0.926479,0.003024,0.3811,14.095414,0.004998,87,0,4,478,0
5,5,15,737,-287,736,2.515355,2.766806,-0.251450,0.902472,0.008194,0.3760,13.364465,0.004574,362,0,10,267,0
5,5,16,22,22,21,1.997414,1.989067,0.008348,0.999965,0.039186,0.4494,16.375612,0.006790,22,1,0,917,0
5,5,17,803,-221,802,1.243134,1.471125,-0.227992,0.944862,0.004221,0.3895,13.640857,0.004896,1,0,6,656,0
5,5,18,537,-487,536,1.541004,0.620309,0.920695,0.605267,-0.337657,0.2518,15.460947,0.006438,537,1,0,889,0
5,5,19,232,232,231,0.930727,1.023062,-0.092335,0.927230,0.000770,0.3773,12.011436,0.003747,863,0,31,510,0
5,5,20,468,468,467,-0.089526,0.320451,-0.409976,0.926788,0.009569,0.3890,15.067932,0.005802,827,0,1,860,0
5,5,21,484,484,483,-0.962307,-0.699802,-0.262505,0.965743,0.023447,0.4218,18.051725,0.008008,484,1,0,553,0
5,5,22,964,-60,963,-1.742293,-1.835088,0.092795,0.919800,0.018208,0.3931,13.046367,0.004630,759,0,14,629,0
5,5,23,145,145,144,-2.627821,-2.615074,-0.012748,0.942699,0.030983,0.4161,14.681882,0.005327,169,0,2,759,0
6,6,0,803,-221,802,-2.198586,3.934971,0.149628,0.988827,0.028153,0.4326,15.549552,0.005918,803,1,0,803,1
6,6,1,571,-453,570,-1.301931,-1.304461,0.002530,0.932265,0.010963,0.3898,11.903777,0.003947,1016,0,18,826,0
6,6,2,212,212,211,-0.278826,-0.405276,0.126450,0.975971,0.043299,0.4418,14.737255,0.005379,739,0,3,871,0
6,6,3,470,470,469,0.908036,0.617830,0.290206,0.912963,0.023093,0.3962,14.510133,0.005255,617,0,5,718,0
6,6,4,402,402,401,1.671786,1.931141,-0.259355,0.966556,0.055878,0.4553,17.988152,0.008515,402,1,0,107,0
6,6,5,164,164,163,2.449815,2.694891,-0.245076,0.894115,0.000994,0.3655,13.243039,0.004547,318,0,6,468,0
6,6,6,83,83,82,-2.679258,3.227845,0.376083,0.930111,-0.010483,0.3830,16.555260,0.007292,83,1,0,89,0
6,6,7,169,169,168,-1.751312,-1.901229,0.149917,0.942804,0.001135,0.3843,12.754254,0.004026,611,0,18,713,0
6,6,8,32,32,31,-0.893743,-0.823365,-0.070378,0.997525,0.076258,0.4852,16.152977,0.006637,32,1,0,865,0
6,6,9,678,-346,677,-0.638287,0.034204,-0.672491,0.782272,-0.157418,0.3232,16.406822,0.006842,678,1,0,492,0
6,6,10,855,-169,854,0.294433,0.219282,0.075151,0.939355,0.004571,0.3857,11.701344,0.003563,619,0,22,765,0
6,6,11,166,166,165,0.674055,1.152002,-0.477947,0.887941,-0.027907,0.3662,16.861780,0.007374,166,1,0,1023,0
6,6,12,720,-304,719,0.068995,1.053677,-0.984682,0.553128,-0.431466,0.2322,16.599228,0.007318,720,1,0,597,0
6,6,13,335,335,334,0.553057,0.448618,0.104440,0.960090,0.019363,0.4106,13.558585,0.004794,347,0,6,562,0
6,6,14,720,-304,719,0.850420,0.932679,-0.082259,0.939600,0.003398,0.3854,12.666084,0.004123,987,0,12,478,0
6,6,15,842,-182,841,1.140923,1.147784,-0.006860,0.927600,0.022457,0.4017,14.089791,0.005458,832,0,4,267,0
6,6,16,793,-231,792,1.329490,1.438286,-0.108797,0.989535,0.054388,0.4601,16.191660,0.006598,631,0,1,917,0
6,6,17,177,177,176,2.471856,1.619993,0.851864,0.658582,-0.239821,0.2770,18.866257,0.009050,177,1,0,656,0
6,6,18,982,-42,981,-2.533701,2.762359,0.987125,0.551091,-0.356840,0.2342,18.652958,0.009203,982,1,0,889,0
6,6,19,510,510,509,-1.524034,-1.391334,-0.132699,0.949859,0.015028,0.4026,14.080088,0.005110,278,0,4,510,1
6,6,20,820,-204,819,-0.334816,-0.381667,0.046851,0.967457,0.030688,0.4256,14.021103,0.005284,496,0,3,860,0
6,6,21,690,-334,689,0.348605,0.854401,-0.505797,0.874789,-0.027692,0.3624,17.510481,0.008323,690,1,0,553,0
6,6,22,686,-338,685,0.633204,1.358272,-0.725068,0.748454,-0.177817,0.3107,17.242718,0.007547,686,1,0,629,0
6,6,23,738,-286,737,1.331328,1.316625,0.014703,0.968243,0.036171,0.4312,14.192825,0.005167,372,0,4,759,0
6,6,24,396,396,395,2.139711,2.014749,0.124963,0.945391,0.020404,0.4064,14.220378,0.005244,347,0,5,874,0
6,6,25,643,-381,642,2.713876,2.837835,-0.123959,0.903894,0.003564,0.3721,13.251498,0.004641,828,0,7,720,0
6,6,26,876,-148,875,-1.982104,3.412000,0.889081,0.630126,-0.291744,0.2638,17.026548,0.007835,876,1,0,314,0
6,6,27,937,-87,936,-1.734433,-1.173721,-0.560712,0.846877,-0.062084,0.3483,15.729328,0.006358,937,1,0,602,0
6,6,28,341,341,340,-1.129849,-1.160268,0.030419,0.967637,0.012398,0.4077,14.627243,0.005523,508,0,3,7,0
6,6,29,534,-490,533,-1.522660,-0.525265,-0.997396,0.542492,-0.337980,0.2290,17.456341,0.008003,534,1,0,610,0
6,6,30,473,473,472,-0.932240,-1.274989,0.342749,0.941834,0.023623,0.4145,18.575634,0.009406,473,1,0,791,0
6,6,31,717,-307,716,-0.427899,-0.341820,-0.086079,0.945862,0.039717,0.4242,12.582947,0.004089,291,0,10,928,0
6,6,32,831,-193,830,0.539813,0.076442,0.463371,0.894551,-0.061348,0.3652,13.856146,0.004927,831,1,0,760,0
6,6,33,293,293,292,0.904989,1.130233,-0.225244,0.953737,0.032419,0.4216,13.977821,0.005109,648,0,5,584,0
6,6,34,980,-44,979,1.554279,1.409330,0.144948,0.944275,0.010828,0.3957,13.455640,0.004770,658,0,10,932,0
6,6,35,107,107,106,2.105417,2.203568,-0.098151,0.990865,0.027264,0.4323,14.802423,0.005784,54,0,1,-1,0
6,6,36,615,-409,614,-2.402243,2.656556,1.224387,0.339523,-0.557286,0.1477,17.843409,0.007911,615,1,0,-1,0
6,6,37,974,-50,973,-1.755900,-1.752953,-0.002946,0.941040,0.005039,0.3875,12.197607,0.004011,273,0,17,-1,0
6,6,38,279,279,278,-1.257534,-1.109557,-0.147977,0.932344,0.006579,0.3858,12.462866,0.004204,789,0,17,-1,0
6,6,39,88,88,87,-0.373507,-0.611191,0.237684,0.971886,0.044345,0.4434,16.014267,0.006837,88,1,0,-1,0
6,6,40,638,-386,637,0.851823,0.272836,0.578988,0.837017,-0.106078,0.3458,16.668139,0.007321,638,1,0,-1,0
6,6,41,439,439,438,1.727244,1.735850,-0.008606,0.958701,0.054979,0.4480,15.320374,0.006364,479,0,2,-1,0
6,6,42,279,279,278,2.392421,2.611271,-0.218850,0.976148,0.014379,0.4146,15.882921,0.006505,279,1,0,-1,0
6,6,43,591,-433,590,2.786749,3.267842,-0.481093,0.886490,-0.017027,0.3671,17.657295,0.008303,591,1,0,-1,0
6,6,44,331,331,330,2.790718,3.451926,-0.661208,0.789251,-0.110515,0.3288,18.709717,0.008734,331,1,0,-1,0
6,6,45,451,451,450,-2.983011,3.185046,0.115129,0.952307,0.021542,0.4096,13.382420,0.004769,53,0,6,-1,0
6,6,46,149,149,148,-2.853631,-2.588682,-0.264949,0.952842,0.029407,0.4196,15.168381,0.006054,232,0,1,-1,0
6,6,47,523,-501,522,-2.892087,-2.724252,-0.167835,0.917133,0.004357,0.3772,12.326270,0.004011,228,0,22,-1,0
6,6,48,183,183,182,-2.542804,-2.762707,0.219903,0.951243,0.000322,0.3880,13.228562,0.004756,46,0,4,-1,0
6,6,49,101,101,100,-1.754152,-2.413424,0.659272,0.790438,-0.116280,0.3290,18.572390,0.008561,101,1,0,-1,0
6,6,50,381,381,380,-1.441468,-1.404869,-0.036598,0.925155,0.007491,0.3835,12.287623,0.003967,466,0,19,-1,0
6,6,51,591,-433,590,-0.761967,-1.092185,0.330218,0.919905,0.008450,0.3846,14.626230,0.005466,836,0,2,-1,0
6,6,52,483,483,482,-0.222650,-0.082466,-0.140184,0.908883,0.000583,0.3693,11.633629,0.003458,329,0,27,-1,0
6,6,53,791,-233,790,0.208206,0.316668,-0.108462,0.906590,0.015971,0.3846,12.130517,0.003964,40,0,18,-1,0
6,6,54,848,-176,847,1.993203,0.747523,1.245679,0.319420,-0.599637,0.1387,16.974594,0.007298,848,1,0,-1,0
6,6,55,143,143,142,2.540886,2.532520,0.008367,0.902941,0.001417,0.3669,10.314993,0.002859,192,0,46,-1,0
6,6,56,871,-153,870,-3.050070,3.088570,0.144545,0.954933,0.035564,0.4235,12.547927,0.003952,903,0,15,-1,0
6,6,57,79,79,78,-2.297903,-2.357841,0.059938,0.949515,0.025585,0.4116,12.702995,0.004138,387,0,10,-1,0
6,6,58,148,148,147,-1.332763,-1.605674,0.272911,0.936714,0.000451,0.3845,15.307153,0.006244,6,0,5,-1,0
6,6,59,692,-332,691,-0.603524,-0.580596,-0.022928,0.906382,0.003299,0.3705,11.190194,0.003067,820,0,46,-1,0
6,6,60,711,-313,710,0.025041,0.148643,-0.123602,0.992371,0.083451,0.4938,18.867153,0.008916,711,1,0,-1,0
6,6,61,60,60,59,0.538185,0.754280,-0.216095,0.951201,0.023860,0.4125,14.983448,0.005466,622,0,2,-1,0
6,6,62,946,-78,945,1.353429,1.166750,0.186679,0.965596,0.011872,0.4068,14.771031,0.005792,113,0,1,-1,0
6,6,63,758,-266,757,1.380779,1.981995,-0.601216,0.824649,-0.083962,0.3420,17.743134,0.008103,758,1,0,-1,0
6,6,64,723,-301,722,1.746108,1.893922,-0.147815,0.892758,0.004980,0.3678,12.128608,0.003835,629,0,14,-1,0
6,6,65,877,-147,876,2.164684,2.111436,0.053248,0.951257,0.038385,0.4272,14.572091,0.005547,1005,0,2,-1,0
6,6,66,44,44,43,3.000905,2.530013,0.470892,0.891164,-0.016325,0.3701,18.766830,0.009090,44,1,0,-1,0
6,6,67,465,465,464,-2.840442,3.419481,0.023261,0.955928,0.004663,0.3931,12.139804,0.004015,198,0,18,-1,0
6,6,68,852,-172,851,-2.393107,-2.398604,0.005498,0.953706,0.009457,0.3981,13.722716,0.004766,43,0,9,-1,0
6,6,69,537,-487,536,-0.967417,-1.945771,0.978354,0.558389,-0.362468,0.2326,15.405478,0.006174,537,1,0,-1,0
6,6,70,847,-177,846,-0.992155,-0.520081,-0.472074,0.890627,-0.050702,0.3668,15.969978,0.007015,847,1,0,-1,0
6,6,71,200,200,199,-0.807935,-0.544820,-0.263115,0.965584,0.029038,0.4272,17.323511,0.007940,200,1,0,-1,0
6,6,72,76,76,75,-0.812169,-0.623714,-0.188455,0.973253,0.053362,0.4539,17.041397,0.007503,728,0,1,-1,0
6,6,73,700,-324,699,-0.892008,-0.816404,-0.075604,0.984575,0.067043,0.4725,17.627447,0.007725,767,0,1,-1,0
6,6,74,868,-156,867,-1.730887,-0.896243,-0.834645,0.671441,-0.236562,0.2770,14.837373,0.005645,868,1,0,-1,0
6,6,75,327,327,326,-2.852768,-1.810726,-1.042042,0.504458,-0.446393,0.2122,16.450287,0.006977,327,1,0,-1,0
6,6,76,710,-314,709,3.059317,-3.691647,0.467779,0.892572,-0.019754,0.3693,17.269854,0.008196,710,1,0,-1,0
6,6,77,81,81,80,2.595990,2.220438,0.375553,0.930305,-0.010454,0.3811,14.943500,0.005990,81,1,0,-1,0
6,6,78,843,-181,842,1.820552,2.132663,-0.312111,0.951687,0.001592,0.3922,16.319862,0.006652,843,1,0,-1,0
6,6,79,698,-326,697,1.524675,1.357226,0.167450,0.952793,0.029922,0.4207,15.476224,0.006456,661,0,2,-1,0
