packet_index,event_index,anchor_symbol_index,absolute_symbol_index,anchor_bin_mode,anchor_bin,anchor_signed_bin,argmax_bin,argmax_signed_bin,is_anchor_bin_argmax,anchor_real,anchor_imag,anchor_amp,anchor_power,anchor_phase,anchor_energy_ratio,peak_margin_db,total_fft_energy,anchor_phase_unwrap,phase_line_fit,phase_line_residual,file_name,sf,bw,samp_rate,cfo_int,cfo_frac,sfo_hat,anchor_line_slope_pi_per_symbol,anchor_line_r2
1,1,0,0.0,modal_argmax,1,1,127,127,0,0.9277804493904114,4.640145301818848,4.731989537632411,22.3917236328125,1.3734522850463153,0.0014811660888246793,0.04760373899789448,15117.631845447235,1.3734522850463153,1.2693694068837469,0.10408287816256845,D:\Desktop\proj\gr-lora_sdr\weakPacket_decoding\data\low_snr_gt_bin\0_0_0_10_14_16_extreme_snr\0_0_0_10_14_16_snr_m23dB.bin,10,125000.0,500000.0,-24,-0.42916033761813344,-0.006261318519996445,-0.5137073291296633,0.9116429856429544
1,1,1,1.0,modal_argmax,1,1,1,1,1,3.13812255859375,-11.68309497833252,12.097211309450353,146.342529296875,-1.3083863735073937,0.009673368632381808,1.76097247754867,15128.393722843379,-1.3083863735073937,-0.3444897644052374,-0.9638966091021565,D:\Desktop\proj\gr-lora_sdr\weakPacket_decoding\data\low_snr_gt_bin\0_0_0_10_14_16_extreme_snr\0_0_0_10_14_16_snr_m23dB.bin,10,125000.0,500000.0,-24,-0.42916033761813344,-0.006261318519996445,-0.5137073291296633,0.9116429856429544
1,1,2,2.0,modal_argmax,1,1,896,-128,0,-7.8167524337768555,2.519315242767334,8.212707708386816,67.44856262207031,2.8298075361528756,0.004314193918017258,1.5276210839901083,15634.105444446206,-3.4533777710267106,-1.9583489356942216,-1.495028835332489,D:\Desktop\proj\gr-lora_sdr\weakPacket_decoding\data\low_snr_gt_bin\0_0_0_10_14_16_extreme_snr\0_0_0_10_14_16_snr_m23dB.bin,10,125000.0,500000.0,-24,-0.42916033761813344,-0.006261318519996445,-0.5137073291296633,0.9116429856429544
1,1,3,3.0,modal_argmax,1,1,641,-383,0,3.094743251800537,-2.265404224395752,3.8352955680723073,14.709494590759277,-0.6318922064765716,0.0009117601660776977,0.568758724825552,16133.07439612993,-0.6318922064765716,-3.5722081069832057,2.940315900506634,D:\Desktop\proj\gr-lora_sdr\weakPacket_decoding\data\low_snr_gt_bin\0_0_0_10_14_16_extreme_snr\0_0_0_10_14_16_snr_m23dB.bin,10,125000.0,500000.0,-24,-0.42916033761813344,-0.006261318519996445,-0.5137073291296633,0.9116429856429544
1,1,4,4.0,modal_argmax,1,1,1,1,1,-12.223764419555664,2.155646324157715,12.412382030039588,154.06719970703125,2.967038556217568,0.00986393240469547,2.1107718988197686,15619.247312936932,-3.316146750962018,-5.186067278272191,1.8699205273101724,D:\Desktop\proj\gr-lora_sdr\weakPacket_decoding\data\low_snr_gt_bin\0_0_0_10_14_16_extreme_snr\0_0_0_10_14_16_snr_m23dB.bin,10,125000.0,500000.0,-24,-0.42916033761813344,-0.006261318519996445,-0.5137073291296633,0.9116429856429544
1,1,5,5.0,modal_argmax,1,1,661,-363,0,8.450501441955566,-0.2762387692928314,8.455015226370294,71.4872817993164,-0.032677402688941426,0.004668556884264607,0.5263598358675261,15312.500965826213,-6.315862709868528,-6.799926449561173,0.4840637396926457,D:\Desktop\proj\gr-lora_sdr\weakPacket_decoding\data\low_snr_gt_bin\0_0_0_10_14_16_extreme_snr\0_0_0_10_14_16_snr_m23dB.bin,10,125000.0,500000.0,-24,-0.42916033761813344,-0.006261318519996445,-0.5137073291296633,0.9116429856429544
1,1,6,6.0,modal_argmax,1,1,578,-446,0,-3.9972972869873047,-3.1004159450531006,5.058751291860036,25.590967178344727,-2.4818903195418143,0.0017011268445322985,0.4986149021112455,15043.53849955299,-8.765075626721401,-8.413785620850158,-0.35129000587124365,D:\Desktop\proj\gr-lora_sdr\weakPacket_decoding\data\low_snr_gt_bin\0_0_0_10_14_16_extreme_snr\0_0_0_10_14_16_snr_m23dB.bin,10,125000.0,500000.0,-24,-0.42916033761813344,-0.006261318519996445,-0.5137073291296633,0.9116429856429544
1,1,7,7.0,modal_argmax,1,1,47,47,0,1.9195362329483032,3.614353656768799,4.092453018154192,16.748170852661133,1.0825895085757957,0.0010567195960155666,0.21257505821447253,15849.210060844198,-11.483781105783377,-10.027644792139142,-1.456136313644235,D:\Desktop\proj\gr-lora_sdr\weakPacket_decoding\data\low_snr_gt_bin\0_0_0_10_14_16_extreme_snr\0_0_0_10_14_16_snr_m23dB.bin,10,125000.0,500000.0,-24,-0.42916033761813344,-0.006261318519996445,-0.5137073291296633,0.9116429856429544
1,1,8,8.0,modal_argmax,1,1,1,1,1,3.3514480590820312,-9.500418663024902,10.074232420659978,101.49017333984375,-1.231657305655263,0.007171675084730189,0.12544330479447147,14151.529752921313,-13.798027920014436,-11.641503963428127,-2.156523956586309,D:\Desktop\proj\gr-lora_sdr\weakPacket_decoding\data\low_snr_gt_bin\0_0_0_10_14_16_extreme_snr\0_0_0_10_14_16_snr_m23dB.bin,10,125000.0,500000.0,-24,-0.42916033761813344,-0.006261318519996445,-0.5137073291296633,0.9116429856429544
1,1,9,9.0,modal_argmax,1,1,1,1,1,-10.879762649536133,2.008755683898926,11.063649249132844,122.40433502197266,2.959016435316631,0.007810495773210885,0.13829776772504654,15671.775336183608,-15.890539486222128,-13.255363134717111,-2.6351763515050166,D:\Desktop\proj\gr-lora_sdr\weakPacket_decoding\data\low_snr_gt_bin\0_0_0_10_14_16_extreme_snr\0_0_0_10_14_16_snr_m23dB.bin,10,125000.0,500000.0,-24,-0.42916033761813344,-0.006261318519996445,-0.5137073291296633,0.9116429856429544
1,1,10,10.0,modal_argmax,1,1,142,142,0,6.208933353424072,-3.7979462146759033,7.278409773902052,52.975250244140625,-0.5489712190992887,0.0034298422847496013,1.1132276345818604,15445.389567820355,-13.11534183345846,-14.869222306006094,1.7538804725476336,D:\Desktop\proj\gr-lora_sdr\weakPacket_decoding\data\low_snr_gt_bin\0_0_0_10_14_16_extreme_snr\0_0_0_10_14_16_snr_m23dB.bin,10,125000.0,500000.0,-24,-0.42916033761813344,-0.006261318519996445,-0.5137073291296633,0.9116429856429544
1,1,11,11.0,modal_argmax,1,1,410,410,0,-4.174693584442139,-8.864702224731445,9.798520911706062,96.01099395751953,-2.0109223091141297,0.006091145495094827,0.7925047468996022,15762.387228286825,-14.577292923473301,-16.48308147729508,1.905788553821779,D:\Desktop\proj\gr-lora_sdr\weakPacket_decoding\data\low_snr_gt_bin\0_0_0_10_14_16_extreme_snr\0_0_0_10_14_16_snr_m23dB.bin,10,125000.0,500000.0,-24,-0.42916033761813344,-0.006261318519996445,-0.5137073291296633,0.9116429856429544
2,2,0,0.0,modal_argmax,1,1,443,443,0,4.138857841491699,-0.10804983973503113,4.140267986488809,17.141817092895508,-0.026100269053648397,0.0011047803523716714,0.5791468238458216,15516.040863775823,-0.026100269053648397,2.5701719087863895,-2.5962721778400377,D:\Desktop\proj\gr-lora_sdr\weakPacket_decoding\data\low_snr_gt_bin\0_0_0_10_14_16_extreme_snr\0_0_0_10_14_16_snr_m23dB.bin,10,125000.0,500000.0,-24,-0.27825675980667963,-0.006222641162550411,-0.37534749591164324,0.8665941805579085
2,2,1,1.0,modal_argmax,1,1,78,78,0,3.545375108718872,-5.835430145263672,6.828025310569327,46.62192916870117,-1.0248363919604588,0.002996008731526146,0.06187539967309548,15561.346226435155,-1.0248363919604588,1.3909829730870462,-2.415819365047505,D:\Desktop\proj\gr-lora_sdr\weakPacket_decoding\data\low_snr_gt_bin\0_0_0_10_14_16_extreme_snr\0_0_0_10_14_16_snr_m23dB.bin,10,125000.0,500000.0,-24,-0.27825675980667963,-0.006222641162550411,-0.37534749591164324,0.8665941805579085
2,2,2,2.0,modal_argmax,1,1,834,-190,0,-0.37229061126708984,3.2722084522247314,3.293318759860423,10.845948219299316,1.6840826952522956,0.0007147301877469782,0.5260930827757595,15174.88474005647,1.6840826952522956,0.21179403738770297,1.4722886578645926,D:\Desktop\proj\gr-lora_sdr\weakPacket_decoding\data\low_snr_gt_bin\0_0_0_10_14_16_extreme_snr\0_0_0_10_14_16_snr_m23dB.bin,10,125000.0,500000.0,-24,-0.27825675980667963,-0.006222641162550411,-0.37534749591164324,0.8665941805579085
2,2,3,3.0,modal_argmax,1,1,787,-237,0,0.5181437730789185,5.195549964904785,5.221322859908452,27.262208938598633,1.4713966137722947,0.0017687044934183277,0.5749489630868464,15413.659568371251,1.4713966137722947,-0.9673948983116403,2.438791512083935,D:\Desktop\proj\gr-lora_sdr\weakPacket_decoding\data\low_snr_gt_bin\0_0_0_10_14_16_extreme_snr\0_0_0_10_14_16_snr_m23dB.bin,10,125000.0,500000.0,-24,-0.27825675980667963,-0.006222641162550411,-0.37534749591164324,0.8665941805579085
2,2,4,4.0,modal_argmax,1,1,1,1,1,12.050498962402344,-3.3236799240112305,12.500454930926924,156.26136779785156,-0.26912155814055083,0.009959910534494165,1.6621152691234056,15689.033275617432,-0.26912155814055083,-2.1465838340109835,1.8774622758704327,D:\Desktop\proj\gr-lora_sdr\weakPacket_decoding\data\low_snr_gt_bin\0_0_0_10_14_16_extreme_snr\0_0_0_10_14_16_snr_m23dB.bin,10,125000.0,500000.0,-24,-0.27825675980667963,-0.006222641162550411,-0.37534749591164324,0.8665941805579085
2,2,5,5.0,modal_argmax,1,1,904,-120,0,-3.10249400138855,-7.024159908294678,7.678820967176291,58.96428680419922,-1.986717347286797,0.003776837037047815,0.9404768521957574,15612.081280130893,-1.986717347286797,-3.325772769710327,1.3390554224235303,D:\Desktop\proj\gr-lora_sdr\weakPacket_decoding\data\low_snr_gt_bin\0_0_0_10_14_16_extreme_snr\0_0_0_10_14_16_snr_m23dB.bin,10,125000.0,500000.0,-24,-0.27825675980667963,-0.006222641162550411,-0.37534749591164324,0.8665941805579085
2,2,6,6.0,modal_argmax,1,1,777,-247,0,-5.441043376922607,2.6875247955322266,6.068586536925539,36.8277473449707,2.6828083573910035,0.002372110411258501,0.1469872922338482,15525.309096144512,-3.6003769497885827,-4.50496170540967,0.9045847556210874,D:\Desktop\proj\gr-lora_sdr\weakPacket_decoding\data\low_snr_gt_bin\0_0_0_10_14_16_extreme_snr\0_0_0_10_14_16_snr_m23dB.bin,10,125000.0,500000.0,-24,-0.27825675980667963,-0.006222641162550411,-0.37534749591164324,0.8665941805579085
2,2,7,7.0,modal_argmax,1,1,424,424,0,4.445034503936768,1.965023398399353,4.8600050100226575,23.619651794433594,0.4162411162871646,0.0014928556472735331,0.3505682522308786,15821.792172318324,-5.866944190892422,-5.684150641109013,-0.18279354978340925,D:\Desktop\proj\gr-lora_sdr\weakPacket_decoding\data\low_snr_gt_bin\0_0_0_10_14_16_extreme_snr\0_0_0_10_14_16_snr_m23dB.bin,10,125000.0,500000.0,-24,-0.27825675980667963,-0.006222641162550411,-0.37534749591164324,0.8665941805579085
2,2,8,8.0,modal_argmax,1,1,551,-473,0,5.818713665008545,-8.145809173583984,10.010576197592332,100.21163940429688,-0.9505241989434543,0.006310947968491275,0.12473337720996984,15879.01530873403,-7.2337095061230405,-6.8633395768083565,-0.37036992931468404,D:\Desktop\proj\gr-lora_sdr\weakPacket_decoding\data\low_snr_gt_bin\0_0_0_10_14_16_extreme_snr\0_0_0_10_14_16_snr_m23dB.bin,10,125000.0,500000.0,-24,-0.27825675980667963,-0.006222641162550411,-0.37534749591164324,0.8665941805579085
2,2,9,9.0,modal_argmax,1,1,1010,-14,0,-9.135002136230469,-1.3510793447494507,9.23437488001997,85.273681640625,-2.9947557835670646,0.005361314756171966,1.874534789039137,15905.367529943585,-9.277941090746651,-8.042528512507701,-1.2354125782389502,D:\Desktop\proj\gr-lora_sdr\weakPacket_decoding\data\low_snr_gt_bin\0_0_0_10_14_16_extreme_snr\0_0_0_10_14_16_snr_m23dB.bin,10,125000.0,500000.0,-24,-0.27825675980667963,-0.006222641162550411,-0.37534749591164324,0.8665941805579085
2,2,10,10.0,modal_argmax,1,1,952,-72,0,-2.5428361892700195,7.104071617126465,7.545452234738691,56.93385314941406,1.914527655230738,0.003516292160548108,0.24465970226528994,16191.44557673484,-10.651842959128434,-9.221717448207045,-1.430125510921389,D:\Desktop\proj\gr-lora_sdr\weakPacket_decoding\data\low_snr_gt_bin\0_0_0_10_14_16_extreme_snr\0_0_0_10_14_16_snr_m23dB.bin,10,125000.0,500000.0,-24,-0.27825675980667963,-0.006222641162550411,-0.37534749591164324,0.8665941805579085
2,2,11,11.0,modal_argmax,1,1,1,1,1,-7.975740432739258,7.851019382476807,11.191556674317399,125.25092315673828,2.364074717735183,0.008523526905174343,0.816205672798106,14694.729605499655,-10.20229589662399,-10.400906383906385,0.1986104872823944,D:\Desktop\proj\gr-lora_sdr\weakPacket_decoding\data\low_snr_gt_bin\0_0_0_10_14_16_extreme_snr\0_0_0_10_14_16_snr_m23dB.bin,10,125000.0,500000.0,-24,-0.27825675980667963,-0.006222641162550411,-0.37534749591164324,0.8665941805579085
3,3,0,0.0,modal_argmax,485,485,507,507,0,1.4849491119384766,-4.2731614112854,4.52382385951813,20.464984893798828,-1.2363450836724068,0.0013812475090847155,0.09954520059579564,14816.305375536904,-1.2363450836724068,0.09027810418609734,-1.3266231878585042,D:\Desktop\proj\gr-lora_sdr\weakPacket_decoding\data\low_snr_gt_bin\0_0_0_10_14_16_extreme_snr\0_0_0_10_14_16_snr_m23dB.bin,10,125000.0,500000.0,-24,-0.22814255140766385,-0.006209796635074755,0.19123351678180653,0.6411793674888822
3,3,1,1.0,modal_argmax,485,485,485,485,1,0.4397529363632202,-10.022021293640137,10.031664540604236,100.6343002319336,-1.5269457875870163,0.0066738826441992295,0.6278053610219246,15078.823766762274,-1.5269457875870163,0.6910559156279612,-2.2180017032149775,D:\Desktop\proj\gr-lora_sdr\weakPacket_decoding\data\low_snr_gt_bin\0_0_0_10_14_16_extreme_snr\0_0_0_10_14_16_snr_m23dB.bin,10,125000.0,500000.0,-24,-0.22814255140766385,-0.006209796635074755,0.19123351678180653,0.6411793674888822
3,3,2,2.0,modal_argmax,485,485,275,275,0,0.6015974283218384,0.8873944878578186,1.0720953515634184,1.1493885517120361,0.9750318163333054,6.914140360180207e-05,0.6907808064740663,16623.73761359509,0.9750318163333054,1.291833727069825,-0.31680191073651964,D:\Desktop\proj\gr-lora_sdr\weakPacket_decoding\data\low_snr_gt_bin\0_0_0_10_14_16_extreme_snr\0_0_0_10_14_16_snr_m23dB.bin,10,125000.0,500000.0,-24,-0.22814255140766385,-0.006209796635074755,0.19123351678180653,0.6411793674888822
3,3,3,3.0,modal_argmax,485,485,604,-420,0,-4.212963104248047,0.7831788063049316,4.285140273129989,18.362424850463867,2.957793342569345,0.0011821563449525658,0.8343023245309353,15532.991832142696,2.957793342569345,1.8926115385116888,1.0651818040576562,D:\Desktop\proj\gr-lora_sdr\weakPacket_decoding\data\low_snr_gt_bin\0_0_0_10_14_16_extreme_snr\0_0_0_10_14_16_snr_m23dB.bin,10,125000.0,500000.0,-24,-0.22814255140766385,-0.006209796635074755,0.19123351678180653,0.6411793674888822
3,3,4,4.0,modal_argmax,485,485,877,-147,0,-2.8619983196258545,-0.13498139381408691,2.8651796380361927,8.209254264831543,-3.0944642388289636,0.000522820120950348,1.360790806195379,15701.871324135922,3.1887210683506226,2.4933893499535524,0.6953317183970702,D:\Desktop\proj\gr-lora_sdr\weakPacket_decoding\data\low_snr_gt_bin\0_0_0_10_14_16_extreme_snr\0_0_0_10_14_16_snr_m23dB.bin,10,125000.0,500000.0,-24,-0.22814255140766385,-0.006209796635074755,0.19123351678180653,0.6411793674888822
3,3,5,5.0,modal_argmax,485,485,962,-62,0,3.3504624366760254,-0.28077438473701477,3.3622065365919296,11.304431915283203,-0.08360633163384827,0.0007526061240194267,0.3454946502589226,15020.382580611855,6.199578975545738,3.0941671613954163,3.105411814150322,D:\Desktop\proj\gr-lora_sdr\weakPacket_decoding\data\low_snr_gt_bin\0_0_0_10_14_16_extreme_snr\0_0_0_10_14_16_snr_m23dB.bin,10,125000.0,500000.0,-24,-0.22814255140766385,-0.006209796635074755,0.19123351678180653,0.6411793674888822
3,3,6,6.0,modal_argmax,485,485,485,485,1,9.081096649169922,-6.1558613777160645,10.97091361980494,120.36095428466797,-0.595723110916511,0.007630773013131753,0.7870857348142897,15773.101110141724,5.687462196263075,3.69494497283728,1.992517223425795,D:\Desktop\proj\gr-lora_sdr\weakPacket_decoding\data\low_snr_gt_bin\0_0_0_10_14_16_extreme_snr\0_0_0_10_14_16_snr_m23dB.bin,10,125000.0,500000.0,-24,-0.22814255140766385,-0.006209796635074755,0.19123351678180653,0.6411793674888822
3,3,7,7.0,modal_argmax,485,485,1,1,0,-2.522582530975342,-4.02424430847168,4.749522594940324,22.557960510253906,-2.1307221948388753,0.0014264725080119054,2.6832822757691472,15813.806703988463,4.152463112340711,4.295722784279144,-0.14325967193843336,D:\Desktop\proj\gr-lora_sdr\weakPacket_decoding\data\low_snr_gt_bin\0_0_0_10_14_16_extreme_snr\0_0_0_10_14_16_snr_m23dB.bin,10,125000.0,500000.0,-24,-0.22814255140766385,-0.006209796635074755,0.19123351678180653,0.6411793674888822
3,3,8,8.0,modal_argmax,485,485,842,-182,0,-2.3237051963806152,-5.9102783203125,6.350668914629562,40.33100128173828,-1.9453952364882816,0.0026042260215355427,0.30760015513232153,15486.751513971016,4.337790070691304,4.896500595721008,-0.5587105250297038,D:\Desktop\proj\gr-lora_sdr\weakPacket_decoding\data\low_snr_gt_bin\0_0_0_10_14_16_extreme_snr\0_0_0_10_14_16_snr_m23dB.bin,10,125000.0,500000.0,-24,-0.22814255140766385,-0.006209796635074755,0.19123351678180653,0.6411793674888822
3,3,9,9.0,modal_argmax,485,485,810,-214,0,5.492848873138428,0.9629257917404175,5.5766132036870735,31.098617553710938,0.17354192717936864,0.0021455881685450867,0.9526881119024198,14494.215623307973,6.456727234358955,5.497278407162872,0.9594488271960833,D:\Desktop\proj\gr-lora_sdr\weakPacket_decoding\data\low_snr_gt_bin\0_0_0_10_14_16_extreme_snr\0_0_0_10_14_16_snr_m23dB.bin,10,125000.0,500000.0,-24,-0.22814255140766385,-0.006209796635074755,0.19123351678180653,0.6411793674888822
3,3,10,10.0,modal_argmax,485,485,217,217,0,-3.420313596725464,-4.5575385093688965,5.698219227471469,32.469696044921875,-2.2146006481738216,0.002092709135086076,0.19962307095082543,15515.627805383643,4.068584659005765,6.098056218604736,-2.0294715595989707,D:\Desktop\proj\gr-lora_sdr\weakPacket_decoding\data\low_snr_gt_bin\0_0_0_10_14_16_extreme_snr\0_0_0_10_14_16_snr_m23dB.bin,10,125000.0,500000.0,-24,-0.22814255140766385,-0.006209796635074755,0.19123351678180653,0.6411793674888822
3,3,11,11.0,modal_argmax,485,485,766,-258,0,0.9316559433937073,-0.9774370193481445,1.3503206743781284,1.8233659267425537,-0.8093741059828061,0.00011836657592567092,0.5205969864468878,15404.398686733562,5.47381120119678,6.6988340300466,-1.22502282884982,D:\Desktop\proj\gr-lora_sdr\weakPacket_decoding\data\low_snr_gt_bin\0_0_0_10_14_16_extreme_snr\0_0_0_10_14_16_snr_m23dB.bin,10,125000.0,500000.0,-24,-0.22814255140766385,-0.006209796635074755,0.19123351678180653,0.6411793674888822
5,5,0,0.0,modal_argmax,1,1,829,-195,0,-1.092292308807373,-1.8629658222198486,2.1595703606595036,4.663743495941162,-2.101095548562371,0.0002929591516765212,0.9643929822725283,15919.432689683512,-2.101095548562371,-2.4131946927174677,0.31209914415509665,D:\Desktop\proj\gr-lora_sdr\weakPacket_decoding\data\low_snr_gt_bin\0_0_0_10_14_16_extreme_snr\0_0_0_10_14_16_snr_m23dB.bin,10,125000.0,500000.0,-24,-0.2470649666885119,-0.006214646546721477,-0.5012889364644896,0.9979881162999474
5,5,1,1.0,modal_argmax,1,1,97,97,0,-3.126615047454834,8.821364402770996,9.359070016911204,87.5921859741211,1.9114181578389136,0.005672697824843359,0.10146432412760877,15441.010376141407,-4.3717671493406725,-3.9880403328401486,-0.38372681650052387,D:\Desktop\proj\gr-lora_sdr\weakPacket_decoding\data\low_snr_gt_bin\0_0_0_10_14_16_extreme_snr\0_0_0_10_14_16_snr_m23dB.bin,10,125000.0,500000.0,-24,-0.2470649666885119,-0.006214646546721477,-0.5012889364644896,0.9979881162999474
5,5,2,2.0,modal_argmax,1,1,85,85,0,4.993875980377197,5.5665435791015625,7.478315634247136,55.925209045410156,0.8395728338367784,0.0036400774361583605,0.09065807720165353,15363.741575902328,-5.4436124733428075,-5.56288597296283,0.11927349962002243,D:\Desktop\proj\gr-lora_sdr\weakPacket_decoding\data\low_snr_gt_bin\0_0_0_10_14_16_extreme_snr\0_0_0_10_14_16_snr_m23dB.bin,10,125000.0,500000.0,-24,-0.2470649666885119,-0.006214646546721477,-0.5012889364644896,0.9979881162999474
5,5,3,3.0,modal_argmax,1,1,1,1,1,6.291354179382324,-8.207104682922363,10.341068836772997,106.93769073486328,-0.9167718819740406,0.007050368959583628,0.42141496001142087,15167.67297539825,-7.1999571891536265,-7.13773161308551,-0.062225576068116524,D:\Desktop\proj\gr-lora_sdr\weakPacket_decoding\data\low_snr_gt_bin\0_0_0_10_14_16_extreme_snr\0_0_0_10_14_16_snr_m23dB.bin,10,125000.0,500000.0,-24,-0.2470649666885119,-0.006214646546721477,-0.5012889364644896,0.9979881162999474
5,5,4,4.0,modal_argmax,1,1,104,104,0,-4.937995910644531,-1.8320327997207642,5.266891663286308,27.74014663696289,-2.7863269712761563,0.0018178704845848027,0.26695383021191743,15259.693620746955,-9.069512278455743,-8.712577253208192,-0.3569350252475516,D:\Desktop\proj\gr-lora_sdr\weakPacket_decoding\data\low_snr_gt_bin\0_0_0_10_14_16_extreme_snr\0_0_0_10_14_16_snr_m23dB.bin,10,125000.0,500000.0,-24,-0.2470649666885119,-0.006214646546721477,-0.5012889364644896,0.9979881162999474
5,5,5,5.0,modal_argmax,1,1,742,-282,0,-6.083425045013428,5.595896244049072,8.265719270121576,68.3221206665039,2.3979131754189615,0.004708384184686916,1.0355826627659617,14510.73616479896,-10.16845743894021,-10.287422893330872,0.11896545439066131,D:\Desktop\proj\gr-lora_sdr\weakPacket_decoding\data\low_snr_gt_bin\0_0_0_10_14_16_extreme_snr\0_0_0_10_14_16_snr_m23dB.bin,10,125000.0,500000.0,-24,-0.2470649666885119,-0.006214646546721477,-0.5012889364644896,0.9979881162999474
5,5,6,6.0,modal_argmax,1,1,1,1,1,5.390934944152832,10.87759780883789,12.140194136129907,147.38433837890625,1.1106750960199183,0.00990340315499065,0.5045523786333013,14882.191108683124,-11.455695518339255,-11.862268533453554,0.406573015114299,D:\Desktop\proj\gr-lora_sdr\weakPacket_decoding\data\low_snr_gt_bin\0_0_0_10_14_16_extreme_snr\0_0_0_10_14_16_snr_m23dB.bin,10,125000.0,500000.0,-24,-0.2470649666885119,-0.006214646546721477,-0.5012889364644896,0.9979881162999474
5,5,7,7.0,modal_argmax,1,1,869,-155,0,4.085398197174072,-8.034346580505371,9.013390228163402,81.2412109375,-1.1003784929974105,0.0053905027261572525,0.34439813363976196,15071.175188035704,-13.666749107356583,-13.437114173576234,-0.22963493378034983,D:\Desktop\proj\gr-lora_sdr\weakPacket_decoding\data\low_snr_gt_bin\0_0_0_10_14_16_extreme_snr\0_0_0_10_14_16_snr_m23dB.bin,10,125000.0,500000.0,-24,-0.2470649666885119,-0.006214646546721477,-0.5012889364644896,0.9979881162999474
5,5,8,8.0,modal_argmax,1,1,175,175,0,-3.716097116470337,-3.373171329498291,5.018731174030785,25.18766212463379,-2.4045293351339443,0.0016507628673635007,0.15025487221298256,15258.195239672437,-14.970899949493116,-15.011959813698915,0.0410598642057991,D:\Desktop\proj\gr-lora_sdr\weakPacket_decoding\data\low_snr_gt_bin\0_0_0_10_14_16_extreme_snr\0_0_0_10_14_16_snr_m23dB.bin,10,125000.0,500000.0,-24,-0.2470649666885119,-0.006214646546721477,-0.5012889364644896,0.9979881162999474
5,5,9,9.0,modal_argmax,1,1,571,-453,0,-4.377556800842285,4.245861530303955,6.098388613323653,37.190345764160156,2.3714651205334194,0.0025056026633661905,0.19360799765437306,14842.874454082921,-16.47809080100534,-16.586805453821597,0.10871465281625703,D:\Desktop\proj\gr-lora_sdr\weakPacket_decoding\data\low_snr_gt_bin\0_0_0_10_14_16_extreme_snr\0_0_0_10_14_16_snr_m23dB.bin,10,125000.0,500000.0,-24,-0.2470649666885119,-0.006214646546721477,-0.5012889364644896,0.9979881162999474
5,5,10,10.0,modal_argmax,1,1,902,-122,0,3.645432233810425,4.118411540985107,5.500044526385526,30.25048828125,0.8462437305472422,0.0021002712965296436,2.230527426156514,14403.133695743978,-18.003312190991515,-18.161651093944275,0.1583389029527602,D:\Desktop\proj\gr-lora_sdr\weakPacket_decoding\data\low_snr_gt_bin\0_0_0_10_14_16_extreme_snr\0_0_0_10_14_16_snr_m23dB.bin,10,125000.0,500000.0,-24,-0.2470649666885119,-0.006214646546721477,-0.5012889364644896,0.9979881162999474
5,5,11,11.0,modal_argmax,1,1,431,431,0,3.547863006591797,-7.319327354431152,8.133872683713873,66.15987396240234,-1.1194429941865618,0.004376312044142963,2.1153792344471616,15117.723163947463,-19.968998915725322,-19.736496734066957,-0.232502181658365,D:\Desktop\proj\gr-lora_sdr\weakPacket_decoding\data\low_snr_gt_bin\0_0_0_10_14_16_extreme_snr\0_0_0_10_14_16_snr_m23dB.bin,10,125000.0,500000.0,-24,-0.2470649666885119,-0.006214646546721477,-0.5012889364644896,0.9979881162999474
6,6,0,0.0,modal_argmax,1,1,47,47,0,5.179165840148926,-0.852125346660614,5.248797615281713,27.549875259399414,-0.16306851285276266,0.0018125539262677463,0.4723015601169886,15199.478956263512,-0.16306851285276266,-0.2799848737548572,0.11691636090209453,D:\Desktop\proj\gr-lora_sdr\weakPacket_decoding\data\low_snr_gt_bin\0_0_0_10_14_16_extreme_snr\0_0_0_10_14_16_snr_m23dB.bin,10,125000.0,500000.0,-24,-0.2696020429472565,-0.006220422914431837,-0.4925066966185472,0.9956305520257178
6,6,1,1.0,modal_argmax,1,1,702,-322,0,-1.5609095096588135,-5.719980716705322,5.929132980193988,35.15461730957031,-1.8371972233052196,0.0023200897544164833,1.1040502594267376,15152.266089124605,-1.8371972233052196,-1.827240293695462,-0.009956929609757692,D:\Desktop\proj\gr-lora_sdr\weakPacket_decoding\data\low_snr_gt_bin\0_0_0_10_14_16_extreme_snr\0_0_0_10_14_16_snr_m23dB.bin,10,125000.0,500000.0,-24,-0.2696020429472565,-0.006220422914431837,-0.4925066966185472,0.9956305520257178
6,6,2,2.0,modal_argmax,1,1,45,45,0,-5.636589050292969,1.4074318408966064,5.809647193130767,33.75199890136719,2.896900445636817,0.0022104869749842992,0.8393996913344083,15269.03315121634,-3.3862848615427694,-3.3744957136360667,-0.011789147906702711,D:\Desktop\proj\gr-lora_sdr\weakPacket_decoding\data\low_snr_gt_bin\0_0_0_10_14_16_extreme_snr\0_0_0_10_14_16_snr_m23dB.bin,10,125000.0,500000.0,-24,-0.2696020429472565,-0.006220422914431837,-0.4925066966185472,0.9956305520257178
6,6,3,3.0,modal_argmax,1,1,164,164,0,1.4561340808868408,7.581352233886719,7.719924102980502,59.597225189208984,1.3810393306098872,0.0038702474082879783,1.9583973820248524,15398.815347459167,-4.902145976569699,-4.921751133576672,0.019605157006973073,D:\Desktop\proj\gr-lora_sdr\weakPacket_decoding\data\low_snr_gt_bin\0_0_0_10_14_16_extreme_snr\0_0_0_10_14_16_snr_m23dB.bin,10,125000.0,500000.0,-24,-0.2696020429472565,-0.006220422914431837,-0.4925066966185472,0.9956305520257178
6,6,4,4.0,modal_argmax,1,1,893,-131,0,5.938187599182129,-1.9237053394317627,6.242012031071287,38.96271514892578,-0.3132864080014152,0.0026360375251801103,1.7655678743605212,14780.789262953913,-6.596471715181002,-6.469006553517277,-0.127465161663725,D:\Desktop\proj\gr-lora_sdr\weakPacket_decoding\data\low_snr_gt_bin\0_0_0_10_14_16_extreme_snr\0_0_0_10_14_16_snr_m23dB.bin,10,125000.0,500000.0,-24,-0.2696020429472565,-0.006220422914431837,-0.4925066966185472,0.9956305520257178
6,6,5,5.0,modal_argmax,1,1,272,272,0,-1.0122026205062866,-3.6714625358581543,3.8084368574481817,14.504191398620605,-1.8398082440663164,0.0009621604298083371,2.0951019628668113,15074.608089536428,-8.122993551245903,-8.016261973457881,-0.1067315777880218,D:\Desktop\proj\gr-lora_sdr\weakPacket_decoding\data\low_snr_gt_bin\0_0_0_10_14_16_extreme_snr\0_0_0_10_14_16_snr_m23dB.bin,10,125000.0,500000.0,-24,-0.2696020429472565,-0.006220422914431837,-0.4925066966185472,0.9956305520257178
6,6,6,6.0,modal_argmax,1,1,1,1,1,-14.783411979675293,5.150312900543213,15.654871214235804,245.07501220703125,2.806357677739225,0.015518046134908817,2.3605347046999303,15792.90395687893,-9.760012936619948,-9.563517393398486,-0.19649554322146123,D:\Desktop\proj\gr-lora_sdr\weakPacket_decoding\data\low_snr_gt_bin\0_0_0_10_14_16_extreme_snr\0_0_0_10_14_16_snr_m23dB.bin,10,125000.0,500000.0,-24,-0.2696020429472565,-0.006220422914431837,-0.4925066966185472,0.9956305520257178
6,6,7,7.0,modal_argmax,1,1,994,-30,0,-1.4614888429641724,3.2254912853240967,3.541150049039217,12.53974437713623,1.996230043377358,0.0008328291737796682,0.14171759133714132,15056.802489550784,-10.570140570981815,-11.110772813339091,0.540632242357276,D:\Desktop\proj\gr-lora_sdr\weakPacket_decoding\data\low_snr_gt_bin\0_0_0_10_14_16_extreme_snr\0_0_0_10_14_16_snr_m23dB.bin,10,125000.0,500000.0,-24,-0.2696020429472565,-0.006220422914431837,-0.4925066966185472,0.9956305520257178
6,6,8,8.0,modal_argmax,1,1,356,356,0,9.703205108642578,-2.0833849906921387,9.924347958421688,98.49268341064453,-0.21149992409368978,0.006405157568343856,0.5763278747272076,15377.08984669228,-12.777870538452863,-12.658028233279696,-0.11984230517316696,D:\Desktop\proj\gr-lora_sdr\weakPacket_decoding\data\low_snr_gt_bin\0_0_0_10_14_16_extreme_snr\0_0_0_10_14_16_snr_m23dB.bin,10,125000.0,500000.0,-24,-0.2696020429472565,-0.006220422914431837,-0.4925066966185472,0.9956305520257178
6,6,9,9.0,modal_argmax,1,1,738,-286,0,0.8756456971168518,-8.747961044311523,8.79167662165023,77.2935791015625,-1.4710315178643563,0.0051535092028329845,1.0281563491744152,14998.242180119269,-14.037402132223528,-14.2052836532203,0.16788152099677234,D:\Desktop\proj\gr-lora_sdr\weakPacket_decoding\data\low_snr_gt_bin\0_0_0_10_14_16_extreme_snr\0_0_0_10_14_16_snr_m23dB.bin,10,125000.0,500000.0,-24,-0.2696020429472565,-0.006220422914431837,-0.4925066966185472,0.9956305520257178
6,6,10,10.0,modal_argmax,1,1,862,-162,0,-6.032319068908691,7.687621116638184,9.771816196700629,95.48839569091797,2.236125468235238,0.006193694393649821,0.22604276975327978,15417.033780165017,-16.613430453303522,-15.752539073160905,-0.8608913801426166,D:\Desktop\proj\gr-lora_sdr\weakPacket_decoding\data\low_snr_gt_bin\0_0_0_10_14_16_extreme_snr\0_0_0_10_14_16_snr_m23dB.bin,10,125000.0,500000.0,-24,-0.2696020429472565,-0.006220422914431837,-0.4925066966185472,0.9956305520257178
6,6,11,11.0,modal_argmax,1,1,552,-472,0,-3.876121997833252,6.086040496826172,7.215553386338084,52.064208984375,2.13789819267957,0.0034159676691894194,0.2358373624128068,15241.423229491338,-16.711657728859187,-17.29979449310151,0.5881367642423214,D:\Desktop\proj\gr-lora_sdr\weakPacket_decoding\data\low_snr_gt_bin\0_0_0_10_14_16_extreme_snr\0_0_0_10_14_16_snr_m23dB.bin,10,125000.0,500000.0,-24,-0.2696020429472565,-0.006220422914431837,-0.4925066966185472,0.9956305520257178
8,8,0,0.0,modal_argmax,1,1,420,420,0,-8.323412895202637,-4.36700439453125,9.399464325475192,88.34993743896484,-2.6584082134112936,0.005601533955248721,0.12229390332381164,15772.45414288342,-2.6584082134112936,-2.8737337561602483,0.21532554274895466,D:\Desktop\proj\gr-lora_sdr\weakPacket_decoding\data\low_snr_gt_bin\0_0_0_10_14_16_extreme_snr\0_0_0_10_14_16_snr_m23dB.bin,10,125000.0,500000.0,-24,-0.3483401354552673,-0.006240603889546665,-0.6868700930315543,0.9973824669429046
8,8,1,1.0,modal_argmax,1,1,11,11,0,5.827237606048584,8.494935989379883,10.301487056780124,106.12063598632812,0.9695513543283673,0.007000975552394473,0.6670048251285523,15157.978369176388,-5.313633952851219,-5.031599794398717,-0.28203415845250124,D:\Desktop\proj\gr-lora_sdr\weakPacket_decoding\data\low_snr_gt_bin\0_0_0_10_14_16_extreme_snr\0_0_0_10_14_16_snr_m23dB.bin,10,125000.0,500000.0,-24,-0.3483401354552673,-0.006240603889546665,-0.6868700930315543,0.9973824669429046
8,8,2,2.0,modal_argmax,1,1,563,-461,0,7.5674848556518555,-2.784606695175171,8.063551419029618,65.0208511352539,-0.3525931010854928,0.004168489590999067,0.1757246229398153,15598.180039996281,-6.635778408265079,-7.189465832637186,0.5536874243721073,D:\Desktop\proj\gr-lora_sdr\weakPacket_decoding\data\low_snr_gt_bin\0_0_0_10_14_16_extreme_snr\0_0_0_10_14_16_snr_m23dB.bin,10,125000.0,500000.0,-24,-0.3483401354552673,-0.006240603889546665,-0.6868700930315543,0.9973824669429046
8,8,3,3.0,modal_argmax,1,1,274,274,0,-7.109940528869629,0.6300646066665649,7.137803284809468,50.948238372802734,3.0532061160477086,0.0033205696669141357,0.590541282729874,15343.222242992371,-9.513164498311465,-9.347331870875655,-0.16583262743580993,D:\Desktop\proj\gr-lora_sdr\weakPacket_decoding\data\low_snr_gt_bin\0_0_0_10_14_16_extreme_snr\0_0_0_10_14_16_snr_m23dB.bin,10,125000.0,500000.0,-24,-0.3483401354552673,-0.006240603889546665,-0.6868700930315543,0.9973824669429046
8,8,4,4.0,modal_argmax,1,1,1,1,1,9.438308715820312,10.271551132202148,13.949424148565162,194.58645629882812,0.8276484158734736,0.012171977215794265,1.052702824292507,15986.429554463364,-11.738722198485698,-11.505197909114123,-0.23352428937157477,D:\Desktop\proj\gr-lora_sdr\weakPacket_decoding\data\low_snr_gt_bin\0_0_0_10_14_16_extreme_snr\0_0_0_10_14_16_snr_m23dB.bin,10,125000.0,500000.0,-24,-0.3483401354552673,-0.006240603889546665,-0.6868700930315543,0.9973824669429046
8,8,5,5.0,modal_argmax,1,1,953,-71,0,1.5170738697052002,-4.102383613586426,4.3739072280016105,19.13106346130371,-1.2165896750664216,0.001240200677713855,0.39659215113722623,15425.7805249464,-13.782960289425594,-13.663063947352592,-0.1198963420730017,D:\Desktop\proj\gr-lora_sdr\weakPacket_decoding\data\low_snr_gt_bin\0_0_0_10_14_16_extreme_snr\0_0_0_10_14_16_snr_m23dB.bin,10,125000.0,500000.0,-24,-0.3483401354552673,-0.006240603889546665,-0.6868700930315543,0.9973824669429046
8,8,6,6.0,modal_argmax,1,1,370,370,0,-2.449444532394409,2.296536445617676,3.3576566476230316,11.273857116699219,2.3884017857556583,0.0007351420332663717,0.640334787453909,15335.617617465556,-16.4611541357831,-15.82092998559106,-0.64022415019204,D:\Desktop\proj\gr-lora_sdr\weakPacket_decoding\data\low_snr_gt_bin\0_0_0_10_14_16_extreme_snr\0_0_0_10_14_16_snr_m23dB.bin,10,125000.0,500000.0,-24,-0.3483401354552673,-0.006240603889546665,-0.6868700930315543,0.9973824669429046
8,8,7,7.0,modal_argmax,1,1,956,-68,0,-0.5078337788581848,5.46304178237915,5.486594632645075,30.102720260620117,1.6634880124730032,0.002040830003941878,0.4217470692499077,14750.234072645195,-17.186067909065756,-17.978796023829528,0.7927281147637721,D:\Desktop\proj\gr-lora_sdr\weakPacket_decoding\data\low_snr_gt_bin\0_0_0_10_14_16_extreme_snr\0_0_0_10_14_16_snr_m23dB.bin,10,125000.0,500000.0,-24,-0.3483401354552673,-0.006240603889546665,-0.6868700930315543,0.9973824669429046
8,8,8,8.0,modal_argmax,1,1,117,117,0,1.0062552690505981,-8.581894874572754,8.640686853758224,74.66146850585938,-1.4540760091225435,0.004795409549903709,0.2092719173484066,15569.362267996185,-20.303631930661304,-20.136662062067998,-0.16696986859330565,D:\Desktop\proj\gr-lora_sdr\weakPacket_decoding\data\low_snr_gt_bin\0_0_0_10_14_16_extreme_snr\0_0_0_10_14_16_snr_m23dB.bin,10,125000.0,500000.0,-24,-0.3483401354552673,-0.006240603889546665,-0.6868700930315543,0.9973824669429046
8,8,9,9.0,modal_argmax,1,1,1,1,1,-10.376578330993652,3.8140127658843994,11.055318685482394,122.22005462646484,2.7893608246103425,0.00804844595985549,0.312939925004077,15185.547028094763,-22.343380404108004,-22.294528100306465,-0.04885230380153871,D:\Desktop\proj\gr-lora_sdr\weakPacket_decoding\data\low_snr_gt_bin\0_0_0_10_14_16_extreme_snr\0_0_0_10_14_16_snr_m23dB.bin,10,125000.0,500000.0,-24,-0.3483401354552673,-0.006240603889546665,-0.6868700930315543,0.9973824669429046
8,8,10,10.0,modal_argmax,1,1,639,-385,0,6.965233325958252,3.437501907348633,7.767296482564892,60.33089065551758,0.4584524879244197,0.0040115780334381065,1.4217876419079813,15039.191598078236,-24.674288740793926,-24.452394138544935,-0.2218946022489909,D:\Desktop\proj\gr-lora_sdr\weakPacket_decoding\data\low_snr_gt_bin\0_0_0_10_14_16_extreme_snr\0_0_0_10_14_16_snr_m23dB.bin,10,125000.0,500000.0,-24,-0.3483401354552673,-0.006240603889546665,-0.6868700930315543,0.9973824669429046
8,8,11,11.0,modal_argmax,1,1,550,-474,0,3.7071516513824463,-8.51161003112793,9.283882737752842,86.19046783447266,-1.160031687781167,0.005775692290654336,1.2442925202171244,14922.967411878519,-26.292772916499512,-26.610260176783406,0.31748726028389385,D:\Desktop\proj\gr-lora_sdr\weakPacket_decoding\data\low_snr_gt_bin\0_0_0_10_14_16_extreme_snr\0_0_0_10_14_16_snr_m23dB.bin,10,125000.0,500000.0,-24,-0.3483401354552673,-0.006240603889546665,-0.6868700930315543,0.9973824669429046
9,9,0,0.0,modal_argmax,1,1,666,-358,0,-7.352462291717529,-5.027924060821533,8.90722864377671,79.3387222290039,-2.541793355465237,0.005225299911324363,0.11279532593015125,15183.57291933801,-2.541793355465237,-6.5115055259230035,-2.31347313672182,D:\Desktop\proj\gr-lora_sdr\weakPacket_decoding\data\low_snr_gt_bin\0_0_0_10_14_16_extreme_snr\0_0_0_10_14_16_snr_m23dB.bin,10,125000.0,500000.0,-24,-0.3905926756700688,-0.006251433431328191,-0.35070539716811777,0.5809614783833612
9,9,1,1.0,modal_argmax,1,1,940,-84,0,5.405294895172119,7.268072605133057,9.057708998265477,82.04210662841797,0.9313368301367991,0.005145172631809403,0.29632106999410346,15945.452660072595,-5.351848477042787,-7.613279025240653,2.2614305481978656,D:\Desktop\proj\gr-lora_sdr\weakPacket_decoding\data\low_snr_gt_bin\0_0_0_10_14_16_extreme_snr\0_0_0_10_14_16_snr_m23dB.bin,10,125000.0,500000.0,-24,-0.3905926756700688,-0.006251433431328191,-0.35070539716811777,0.5809614783833612
9,9,2,2.0,modal_argmax,1,1,1,1,1,-2.565643787384033,-12.613112449645996,12.871407604110637,165.67315673828125,-1.7714693781011408,0.010799324990014032,2.7537568625716484,15341.065936202183,-8.054654685280727,-8.715052524558303,0.6603978392775751,D:\Desktop\proj\gr-lora_sdr\weakPacket_decoding\data\low_snr_gt_bin\0_0_0_10_14_16_extreme_snr\0_0_0_10_14_16_snr_m23dB.bin,10,125000.0,500000.0,-24,-0.3905926756700688,-0.006251433431328191,-0.35070539716811777,0.5809614783833612
9,9,3,3.0,modal_argmax,1,1,469,469,0,-7.798975467681885,3.002768039703369,8.357070913051288,69.84063720703125,2.774065666919903,0.0049553783733568765,0.13122662403811355,14093.906044094823,-9.79230494743927,-9.81682602387595,0.024521076436681,D:\Desktop\proj\gr-lora_sdr\weakPacket_decoding\data\low_snr_gt_bin\0_0_0_10_14_16_extreme_snr\0_0_0_10_14_16_snr_m23dB.bin,10,125000.0,500000.0,-24,-0.3905926756700688,-0.006251433431328191,-0.35070539716811777,0.5809614783833612
9,9,4,4.0,modal_argmax,1,1,286,286,0,7.014889717102051,2.2522027492523193,7.367570492831663,54.28109359741211,0.31066447857765567,0.0036645579098286917,0.2913046478246608,14812.453489089385,-12.255706135781518,-10.9185995231936,-1.3371066125879167,D:\Desktop\proj\gr-lora_sdr\weakPacket_decoding\data\low_snr_gt_bin\0_0_0_10_14_16_extreme_snr\0_0_0_10_14_16_snr_m23dB.bin,10,125000.0,500000.0,-24,-0.3905926756700688,-0.006251433431328191,-0.35070539716811777,0.5809614783833612
9,9,5,5.0,modal_argmax,1,1,866,-158,0,-4.06654167175293,-2.0441648960113525,4.551414207714808,20.715373992919922,-2.6758041822979344,0.0013656529159038007,1.3111540498983492,15168.842501398176,-15.242174796657107,-12.02037302251125,3.0613835330337307,D:\Desktop\proj\gr-lora_sdr\weakPacket_decoding\data\low_snr_gt_bin\0_0_0_10_14_16_extreme_snr\0_0_0_10_14_16_snr_m23dB.bin,10,125000.0,500000.0,-24,-0.3905926756700688,-0.006251433431328191,-0.35070539716811777,0.5809614783833612
9,9,6,6.0,modal_argmax,1,1,839,-185,0,6.738226413726807,6.205399990081787,9.160277519789052,83.91068267822266,0.7442562343835217,0.005737098478941191,2.021325289148594,14625.97914019227,-18.105299687155238,-13.122146521828899,1.3000321418532474,D:\Desktop\proj\gr-lora_sdr\weakPacket_decoding\data\low_snr_gt_bin\0_0_0_10_14_16_extreme_snr\0_0_0_10_14_16_snr_m23dB.bin,10,125000.0,500000.0,-24,-0.3905926756700688,-0.006251433431328191,-0.35070539716811777,0.5809614783833612
9,9,7,7.0,modal_argmax,1,1,191,191,0,5.448985576629639,2.390557050704956,5.950311489913197,35.40620803833008,0.4134306120798622,0.002298727325273771,0.020767570342091857,15402.526280107326,-18.436125309458898,-14.223920021146549,2.0709800188672376,D:\Desktop\proj\gr-lora_sdr\weakPacket_decoding\data\low_snr_gt_bin\0_0_0_10_14_16_extreme_snr\0_0_0_10_14_16_snr_m23dB.bin,10,125000.0,500000.0,-24,-0.3905926756700688,-0.006251433431328191,-0.35070539716811777,0.5809614783833612
9,9,8,8.0,modal_argmax,1,1,630,-394,0,-8.022377014160156,0.5526760816574097,8.041391907410148,64.66399383544922,3.0728095219180327,0.004296190433774373,0.016666199784048683,15051.472887955606,-15.776746399620727,-15.325693520464199,-0.4510528791565278,D:\Desktop\proj\gr-lora_sdr\weakPacket_decoding\data\low_snr_gt_bin\0_0_0_10_14_16_extreme_snr\0_0_0_10_14_16_snr_m23dB.bin,10,125000.0,500000.0,-24,-0.3905926756700688,-0.006251433431328191,-0.35070539716811777,0.5809614783833612
9,9,9,9.0,modal_argmax,1,1,609,-415,0,5.900598526000977,6.610962390899658,8.861257625130568,78.52188873291016,0.8421138711463172,0.005109141185229423,0.22912332087006507,15368.901716773398,-18.00744205039244,-16.427467019781847,-1.5799750306105942,D:\Desktop\proj\gr-lora_sdr\weakPacket_decoding\data\low_snr_gt_bin\0_0_0_10_14_16_extreme_snr\0_0_0_10_14_16_snr_m23dB.bin,10,125000.0,500000.0,-24,-0.3905926756700688,-0.006251433431328191,-0.35070539716811777,0.5809614783833612
9,9,10,10.0,modal_argmax,1,1,856,-168,0,-7.011449813842773,-6.225430965423584,9.376375589602343,87.91641235351562,-2.415505815183613,0.005795419895222417,0.18315538330180528,15169.981458287686,-14.981876429542785,-17.529240519099496,2.5473640895567105,D:\Desktop\proj\gr-lora_sdr\weakPacket_decoding\data\low_snr_gt_bin\0_0_0_10_14_16_extreme_snr\0_0_0_10_14_16_snr_m23dB.bin,10,125000.0,500000.0,-24,-0.3905926756700688,-0.006251433431328191,-0.35070539716811777,0.5809614783833612
9,9,11,11.0,modal_argmax,1,1,440,440,0,5.975893497467041,1.5719767808914185,6.17919202588256,38.18241882324219,0.2572256221550057,0.00246357792752166,0.6585110761527768,15498.766406652052,-12.309144992204168,-18.631014018417147,0.038683719033393266,D:\Desktop\proj\gr-lora_sdr\weakPacket_decoding\data\low_snr_gt_bin\0_0_0_10_14_16_extreme_snr\0_0_0_10_14_16_snr_m23dB.bin,10,125000.0,500000.0,-24,-0.3905926756700688,-0.006251433431328191,-0.35070539716811777,0.5809614783833612
10,10,0,0.0,modal_argmax,0,0,390,390,0,1.0836552381515503,-1.8574069738388062,2.1504114354323742,4.624269008636475,-1.0426544615768716,0.00030150289603397243,1.9721451315541754,15337.39499508962,-1.0426544615768716,-0.7119724778646375,-0.3306819837122342,D:\Desktop\proj\gr-lora_sdr\weakPacket_decoding\data\low_snr_gt_bin\0_0_0_10_14_16_extreme_snr\0_0_0_10_14_16_snr_m23dB.bin,10,125000.0,500000.0,-24,-0.439221980632291,-0.006263897370471676,0.21390473942743093,0.792282199823367
10,10,1,1.0,modal_argmax,0,0,0,0,1,4.749225616455078,9.675626754760742,10.778353169823069,116.17288970947266,1.1145001206108887,0.007377752933966679,0.5451910967825371,15746.378436531872,1.1145001206108887,-0.039970919911381464,1.15447104052227,D:\Desktop\proj\gr-lora_sdr\weakPacket_decoding\data\low_snr_gt_bin\0_0_0_10_14_16_extreme_snr\0_0_0_10_14_16_snr_m23dB.bin,10,125000.0,500000.0,-24,-0.439221980632291,-0.006263897370471676,0.21390473942743093,0.792282199823367
10,10,2,2.0,modal_argmax,0,0,646,-378,0,-0.8951385021209717,-3.4709672927856445,3.5845344028990827,12.848886489868164,-1.8231898793198194,0.0008440422231429534,0.6341647740175115,15223.037589307874,-1.8231898793198194,0.6320306380418745,-2.4552205173616937,D:\Desktop\proj\gr-lora_sdr\weakPacket_decoding\data\low_snr_gt_bin\0_0_0_10_14_16_extreme_snr\0_0_0_10_14_16_snr_m23dB.bin,10,125000.0,500000.0,-24,-0.439221980632291,-0.006263897370471676,0.21390473942743093,0.792282199823367
10,10,3,3.0,modal_argmax,0,0,441,441,0,5.087788105010986,1.8173550367355347,5.402625947725726,29.18836784362793,0.3430741172078978,0.0018535361895629246,0.5712736828923912,15747.39571203664,0.3430741172078978,1.3040321959951306,-0.9609580787872328,D:\Desktop\proj\gr-lora_sdr\weakPacket_decoding\data\low_snr_gt_bin\0_0_0_10_14_16_extreme_snr\0_0_0_10_14_16_snr_m23dB.bin,10,125000.0,500000.0,-24,-0.439221980632291,-0.006263897370471676,0.21390473942743093,0.792282199823367
10,10,4,4.0,modal_argmax,0,0,494,494,0,-3.952108383178711,1.0936833620071411,4.100646774439697,16.815305709838867,2.8716149312591903,0.001099456600519885,0.015485149494577435,15294.196880429517,2.8716149312591903,1.9760337539483865,0.8955811773108038,D:\Desktop\proj\gr-lora_sdr\weakPacket_decoding\data\low_snr_gt_bin\0_0_0_10_14_16_extreme_snr\0_0_0_10_14_16_snr_m23dB.bin,10,125000.0,500000.0,-24,-0.439221980632291,-0.006263897370471676,0.21390473942743093,0.792282199823367
10,10,5,5.0,modal_argmax,0,0,908,-116,0,-0.8219416737556458,-3.95430064201355,4.038821818610597,16.31208038330078,-1.7757382091580707,0.0010672193944367193,0.441157186210281,15284.655121836811,4.507447098021515,2.6480353119016424,1.859411786119873,D:\Desktop\proj\gr-lora_sdr\weakPacket_decoding\data\low_snr_gt_bin\0_0_0_10_14_16_extreme_snr\0_0_0_10_14_16_snr_m23dB.bin,10,125000.0,500000.0,-24,-0.439221980632291,-0.006263897370471676,0.21390473942743093,0.792282199823367
10,10,6,6.0,modal_argmax,0,0,491,491,0,0.1411808282136917,-2.9069535732269287,2.9103798898343,8.470311164855957,-1.5222678657227624,0.0005479025635901715,0.06726139435549286,15459.5209581675,4.760917441456824,3.3200368698548988,1.4408805716019253,D:\Desktop\proj\gr-lora_sdr\weakPacket_decoding\data\low_snr_gt_bin\0_0_0_10_14_16_extreme_snr\0_0_0_10_14_16_snr_m23dB.bin,10,125000.0,500000.0,-24,-0.439221980632291,-0.006263897370471676,0.21390473942743093,0.792282199823367
10,10,7,7.0,modal_argmax,0,0,949,-75,0,-0.7932661771774292,-0.8941956758499146,1.1953481227501794,1.4288568496704102,-2.2964542353923965,9.666448131674233e-05,0.7548485609554019,14781.61192411976,3.9867310717871898,3.9920384278081547,-0.005307356020964882,D:\Desktop\proj\gr-lora_sdr\weakPacket_decoding\data\low_snr_gt_bin\0_0_0_10_14_16_extreme_snr\0_0_0_10_14_16_snr_m23dB.bin,10,125000.0,500000.0,-24,-0.439221980632291,-0.006263897370471676,0.21390473942743093,0.792282199823367
10,10,8,8.0,modal_argmax,0,0,507,507,0,-2.06594181060791,-2.274461507797241,3.0726683379872273,9.441290855407715,-2.308189850254077,0.0006194513454172391,2.292218314040329,15241.375977718504,3.9749954569255093,4.664039985761411,-0.6890445288359017,D:\Desktop\proj\gr-lora_sdr\weakPacket_decoding\data\low_snr_gt_bin\0_0_0_10_14_16_extreme_snr\0_0_0_10_14_16_snr_m23dB.bin,10,125000.0,500000.0,-24,-0.439221980632291,-0.006263897370471676,0.21390473942743093,0.792282199823367
10,10,9,9.0,modal_argmax,0,0,232,232,0,2.349187135696411,-1.7529326677322388,2.9311180692910295,8.591452598571777,-0.6410562552590016,0.000576504454033068,0.7047207594725179,14902.664738265797,5.642129051920585,5.336041543714666,0.30608750820591896,D:\Desktop\proj\gr-lora_sdr\weakPacket_decoding\data\low_snr_gt_bin\0_0_0_10_14_16_extreme_snr\0_0_0_10_14_16_snr_m23dB.bin,10,125000.0,500000.0,-24,-0.439221980632291,-0.006263897370471676,0.21390473942743093,0.792282199823367
10,10,10,10.0,modal_argmax,0,0,1,1,0,0.06507150828838348,-3.364013671875,3.364642965568984,11.320821762084961,-1.5514553250714718,0.0007058653068826347,1.161585967611284,16038.218129860987,4.7317299821081145,6.008043101667923,-1.2763131195598083,D:\Desktop\proj\gr-lora_sdr\weakPacket_decoding\data\low_snr_gt_bin\0_0_0_10_14_16_extreme_snr\0_0_0_10_14_16_snr_m23dB.bin,10,125000.0,500000.0,-24,-0.439221980632291,-0.006263897370471676,0.21390473942743093,0.792282199823367
10,10,11,11.0,modal_argmax,0,0,791,-233,0,3.3320882320404053,1.6423919200897217,3.7148705502719954,13.800262451171875,0.4579528529586311,0.000901648049481567,0.6688758476507497,15305.597853959538,6.741138160138218,6.680044659621178,0.06109350051703988,D:\Desktop\proj\gr-lora_sdr\weakPacket_decoding\data\low_snr_gt_bin\0_0_0_10_14_16_extreme_snr\0_0_0_10_14_16_snr_m23dB.bin,10,125000.0,500000.0,-24,-0.439221980632291,-0.006263897370471676,0.21390473942743093,0.792282199823367
11,11,0,0.0,modal_argmax,0,0,670,-354,0,-2.121849775314331,-5.896602153778076,6.266750627633249,39.272159576416016,-1.9162127279631433,0.0026302340205871426,1.0933721761764412,14931.05148402322,-1.9162127279631433,-0.771750705332194,-1.1444620226309494,D:\Desktop\proj\gr-lora_sdr\weakPacket_decoding\data\low_snr_gt_bin\0_0_0_10_14_16_extreme_snr\0_0_0_10_14_16_snr_m23dB.bin,10,125000.0,500000.0,-24,0.12328787264913654,-0.0061197232231266305,0.22049631235135358,0.8913471649780542
11,11,1,1.0,modal_argmax,0,0,0,0,1,12.814080238342285,1.212877631187439,12.871352862186209,165.67173767089844,0.0943707938231026,0.01062022964573233,1.8280496390592507,15599.637973692268,0.0943707938231026,-0.07904111030554128,0.17341190412864388,D:\Desktop\proj\gr-lora_sdr\weakPacket_decoding\data\low_snr_gt_bin\0_0_0_10_14_16_extreme_snr\0_0_0_10_14_16_snr_m23dB.bin,10,125000.0,500000.0,-24,0.12328787264913654,-0.0061197232231266305,0.22049631235135358,0.8913471649780542
11,11,2,2.0,modal_argmax,0,0,117,117,0,5.780608177185059,5.7211012840271,8.133045604214653,66.14643859863281,0.780224466181872,0.004415805078606297,0.6013974298424687,14979.4742795825,0.780224466181872,0.6136684847211115,0.16655598146076056,D:\Desktop\proj\gr-lora_sdr\weakPacket_decoding\data\low_snr_gt_bin\0_0_0_10_14_16_extreme_snr\0_0_0_10_14_16_snr_m23dB.bin,10,125000.0,500000.0,-24,0.12328787264913654,-0.0061197232231266305,0.22049631235135358,0.8913471649780542
11,11,3,3.0,modal_argmax,0,0,0,0,1,3.372343063354492,11.775150299072266,12.248545313738152,150.02684020996094,1.2918675282418264,0.009160057498447591,1.5645603518935671,16378.373196389526,1.2918675282418264,1.3063780797477644,-0.014510551505938052,D:\Desktop\proj\gr-lora_sdr\weakPacket_decoding\data\low_snr_gt_bin\0_0_0_10_14_16_extreme_snr\0_0_0_10_14_16_snr_m23dB.bin,10,125000.0,500000.0,-24,0.12328787264913654,-0.0061197232231266305,0.22049631235135358,0.8913471649780542
11,11,4,4.0,modal_argmax,0,0,0,0,1,-3.118025302886963,10.22897720336914,10.69364560926202,114.35407257080078,1.866671799213347,0.007170629650450459,0.03510762516757045,15947.563623456284,1.866671799213347,1.999087674774417,-0.13241587556107004,D:\Desktop\proj\gr-lora_sdr\weakPacket_decoding\data\low_snr_gt_bin\0_0_0_10_14_16_extreme_snr\0_0_0_10_14_16_snr_m23dB.bin,10,125000.0,500000.0,-24,0.12328787264913654,-0.0061197232231266305,0.22049631235135358,0.8913471649780542
11,11,5,5.0,modal_argmax,0,0,0,0,1,-9.957479476928711,2.511220693588257,10.26925639495686,105.45761108398438,2.89454972917557,0.0068390009896844555,0.9131868979520276,15420.031557686627,2.89454972917557,2.6917972698010697,0.20275245937450048,D:\Desktop\proj\gr-lora_sdr\weakPacket_decoding\data\low_snr_gt_bin\0_0_0_10_14_16_extreme_snr\0_0_0_10_14_16_snr_m23dB.bin,10,125000.0,500000.0,-24,0.12328787264913654,-0.0061197232231266305,0.22049631235135358,0.8913471649780542
11,11,6,6.0,modal_argmax,0,0,960,-64,0,-3.932344675064087,-5.899634838104248,7.090065293527149,50.269020080566406,-2.1587114758545547,0.00313577708986944,0.6182679365776143,16030.801501473878,4.124473831325032,3.384506864827723,0.7399669664973092,D:\Desktop\proj\gr-lora_sdr\weakPacket_decoding\data\low_snr_gt_bin\0_0_0_10_14_16_extreme_snr\0_0_0_10_14_16_snr_m23dB.bin,10,125000.0,500000.0,-24,0.12328787264913654,-0.0061197232231266305,0.22049631235135358,0.8913471649780542
11,11,7,7.0,modal_argmax,0,0,724,-300,0,-0.7962968349456787,-6.401073932647705,6.450413641043996,41.60783767700195,-1.6945610066515941,0.0028160402691510705,0.927737932026165,14775.29925008677,4.588624300527992,4.077216459854375,0.5114078406736171,D:\Desktop\proj\gr-lora_sdr\weakPacket_decoding\data\low_snr_gt_bin\0_0_0_10_14_16_extreme_snr\0_0_0_10_14_16_snr_m23dB.bin,10,125000.0,500000.0,-24,0.12328787264913654,-0.0061197232231266305,0.22049631235135358,0.8913471649780542
11,11,8,8.0,modal_argmax,0,0,618,-406,0,6.792947292327881,-6.13202428817749,9.151276128887345,83.74584197998047,-0.7343073090574558,0.0053677208240351755,0.25324456853322214,15601.750673207454,5.548877998122131,4.769926054881028,0.7789519432411032,D:\Desktop\proj\gr-lora_sdr\weakPacket_decoding\data\low_snr_gt_bin\0_0_0_10_14_16_extreme_snr\0_0_0_10_14_16_snr_m23dB.bin,10,125000.0,500000.0,-24,0.12328787264913654,-0.0061197232231266305,0.22049631235135358,0.8913471649780542
11,11,9,9.0,modal_argmax,0,0,340,340,0,4.145029544830322,-3.1761691570281982,5.222003489234135,27.269319534301758,-0.6538263712874026,0.0017086599229712335,1.8488552972210486,15959.477464001393,5.629358935892183,5.46263564990768,0.16672328598450295,D:\Desktop\proj\gr-lora_sdr\weakPacket_decoding\data\low_snr_gt_bin\0_0_0_10_14_16_extreme_snr\0_0_0_10_14_16_snr_m23dB.bin,10,125000.0,500000.0,-24,0.12328787264913654,-0.0061197232231266305,0.22049631235135358,0.8913471649780542
11,11,10,10.0,modal_argmax,0,0,912,-112,0,5.244233131408691,3.8950448036193848,6.532484608383474,42.67335891723633,0.6388315001165431,0.0026724325455697775,0.5721555225641709,15967.983546667267,6.92201680729613,6.155345244934333,0.7666715623617968,D:\Desktop\proj\gr-lora_sdr\weakPacket_decoding\data\low_snr_gt_bin\0_0_0_10_14_16_extreme_snr\0_0_0_10_14_16_snr_m23dB.bin,10,125000.0,500000.0,-24,0.12328787264913654,-0.0061197232231266305,0.22049631235135358,0.8913471649780542
11,11,11,11.0,modal_argmax,0,0,853,-171,0,-0.6271582841873169,-7.883346080780029,7.908253469810805,62.54047775268555,-1.6501839612428788,0.004145017640547377,0.29299236656552174,15088.108948174864,4.633001345936707,6.8480548399609855,-2.2150534940242785,D:\Desktop\proj\gr-lora_sdr\weakPacket_decoding\data\low_snr_gt_bin\0_0_0_10_14_16_extreme_snr\0_0_0_10_14_16_snr_m23dB.bin,10,125000.0,500000.0,-24,0.12328787264913654,-0.0061197232231266305,0.22049631235135358,0.8913471649780542
12,12,0,0.0,modal_argmax,0,0,0,0,1,1.8673399686813354,-13.220340728759766,13.351567980695716,178.26437377929688,-1.4304770844793249,0.011456654868297804,1.1190781769416343,15559.897354731336,-1.4304770844793249,-1.5772632542207814,0.14678616974145653,D:\Desktop\proj\gr-lora_sdr\weakPacket_decoding\data\low_snr_gt_bin\0_0_0_10_14_16_extreme_snr\0_0_0_10_14_16_snr_m23dB.bin,10,125000.0,500000.0,-24,-0.11851083147497382,-0.006181697465520549,-0.20624984675684332,0.9250120487907789
12,12,1,1.0,modal_argmax,0,0,253,253,0,-0.2348536252975464,-8.466053009033203,8.469309876080551,71.72920989990234,-1.5985298419962686,0.004609303925701263,0.1009158437147479,15561.831256113015,-1.5985298419962686,-2.225216257596101,0.6266864155998324,D:\Desktop\proj\gr-lora_sdr\weakPacket_decoding\data\low_snr_gt_bin\0_0_0_10_14_16_extreme_snr\0_0_0_10_14_16_snr_m23dB.bin,10,125000.0,500000.0,-24,-0.11851083147497382,-0.006181697465520549,-0.20624984675684332,0.9250120487907789
12,12,2,2.0,modal_argmax,0,0,0,0,1,-10.96284008026123,-1.130879521369934,11.021014069369295,121.46275329589844,-3.0388005246064838,0.007562677149886569,1.1937399831243598,16060.81429745024,-3.0388005246064838,-2.8731692609714203,-0.16563126363506342,D:\Desktop\proj\gr-lora_sdr\weakPacket_decoding\data\low_snr_gt_bin\0_0_0_10_14_16_extreme_snr\0_0_0_10_14_16_snr_m23dB.bin,10,125000.0,500000.0,-24,-0.11851083147497382,-0.006181697465520549,-0.20624984675684332,0.9250120487907789
12,12,3,3.0,modal_argmax,0,0,313,313,0,-8.091858863830566,4.34133243560791,9.182883380976511,84.32534790039062,2.6491683589294293,0.005268764434409968,0.32136948461132214,16004.76714230515,-3.634016948250157,-3.52112226434674,-0.11289468390341682,D:\Desktop\proj\gr-lora_sdr\weakPacket_decoding\data\low_snr_gt_bin\0_0_0_10_14_16_extreme_snr\0_0_0_10_14_16_snr_m23dB.bin,10,125000.0,500000.0,-24,-0.11851083147497382,-0.006181697465520549,-0.20624984675684332,0.9250120487907789
12,12,4,4.0,modal_argmax,0,0,242,242,0,-3.5299458503723145,5.842670440673828,6.826222643957962,46.597312927246094,2.114273811894959,0.0030720437823839705,0.08396319364383872,15168.179957085638,-4.168911495284627,-4.16907526772206,0.00016377243743281866,D:\Desktop\proj\gr-lora_sdr\weakPacket_decoding\data\low_snr_gt_bin\0_0_0_10_14_16_extreme_snr\0_0_0_10_14_16_snr_m23dB.bin,10,125000.0,500000.0,-24,-0.11851083147497382,-0.006181697465520549,-0.20624984675684332,0.9250120487907789
12,12,5,5.0,modal_argmax,0,0,939,-85,0,2.8818514347076416,8.33920955657959,8.823122107297102,77.84748077392578,1.2380659105659797,0.005000715428615462,1.0063373542047391,15567.268700886518,-5.0451193966136065,-4.81702827109738,-0.2280911255162268,D:\Desktop\proj\gr-lora_sdr\weakPacket_decoding\data\low_snr_gt_bin\0_0_0_10_14_16_extreme_snr\0_0_0_10_14_16_snr_m23dB.bin,10,125000.0,500000.0,-24,-0.11851083147497382,-0.006181697465520549,-0.20624984675684332,0.9250120487907789
12,12,6,6.0,modal_argmax,0,0,51,51,0,6.553983211517334,6.305490493774414,9.09471859399347,82.71391296386719,0.7660768598330548,0.005458571563115512,0.31688377594412,15153.032621717197,-5.517108447346532,-5.464981274472699,-0.05212717287383306,D:\Desktop\proj\gr-lora_sdr\weakPacket_decoding\data\low_snr_gt_bin\0_0_0_10_14_16_extreme_snr\0_0_0_10_14_16_snr_m23dB.bin,10,125000.0,500000.0,-24,-0.11851083147497382,-0.006181697465520549,-0.20624984675684332,0.9250120487907789
12,12,7,7.0,modal_argmax,0,0,868,-156,0,8.824003219604492,0.6435447931289673,8.847439331261551,78.27719116210938,0.07280226555041179,0.005035342704651911,0.04308885217560379,15545.553848756477,-6.210383041629174,-6.1129342778480185,-0.09744876378115562,D:\Desktop\proj\gr-lora_sdr\weakPacket_decoding\data\low_snr_gt_bin\0_0_0_10_14_16_extreme_snr\0_0_0_10_14_16_snr_m23dB.bin,10,125000.0,500000.0,-24,-0.11851083147497382,-0.006181697465520549,-0.20624984675684332,0.9250120487907789
12,12,8,8.0,modal_argmax,0,0,977,-47,0,5.030109882354736,-6.483504772186279,8.205963658189393,67.33784484863281,-0.9109667278719952,0.00479945795113132,0.696642357282138,14030.302074583247,-7.194152035051581,-6.760887281223338,-0.4332647538282428,D:\Desktop\proj\gr-lora_sdr\weakPacket_decoding\data\low_snr_gt_bin\0_0_0_10_14_16_extreme_snr\0_0_0_10_14_16_snr_m23dB.bin,10,125000.0,500000.0,-24,-0.11851083147497382,-0.006181697465520549,-0.20624984675684332,0.9250120487907789
12,12,9,9.0,modal_argmax,0,0,99,99,0,-2.245246171951294,-7.907375812530518,8.219958796323409,67.56771087646484,-1.8474578698918167,0.004459918684884645,0.015271495535861197,15149.987174757756,-8.130643177071402,-7.408840284598658,-0.721802892472744,D:\Desktop\proj\gr-lora_sdr\weakPacket_decoding\data\low_snr_gt_bin\0_0_0_10_14_16_extreme_snr\0_0_0_10_14_16_snr_m23dB.bin,10,125000.0,500000.0,-24,-0.11851083147497382,-0.006181697465520549,-0.20624984675684332,0.9250120487907789
12,12,10,10.0,modal_argmax,0,0,0,0,1,-13.966459274291992,-10.432171821594238,17.432503938784055,303.8922119140625,-2.5000498480465385,0.018733403477203512,4.3890390744074805,16221.943454314955,-8.783235155226125,-8.056793287973978,-0.7264418672521469,D:\Desktop\proj\gr-lora_sdr\weakPacket_decoding\data\low_snr_gt_bin\0_0_0_10_14_16_extreme_snr\0_0_0_10_14_16_snr_m23dB.bin,10,125000.0,500000.0,-24,-0.11851083147497382,-0.006181697465520549,-0.20624984675684332,0.9250120487907789
12,12,11,11.0,modal_argmax,0,0,0,0,1,8.444543838500977,-6.520020008087158,10.668691651098634,113.82098388671875,-0.6574948186856141,0.007568014295748968,0.8176150972926087,15039.742188469856,-6.9406801258652004,-8.704746291349297,1.7640661654840963,D:\Desktop\proj\gr-lora_sdr\weakPacket_decoding\data\low_snr_gt_bin\0_0_0_10_14_16_extreme_snr\0_0_0_10_14_16_snr_m23dB.bin,10,125000.0,500000.0,-24,-0.11851083147497382,-0.006181697465520549,-0.20624984675684332,0.9250120487907789
13,13,0,0.0,modal_argmax,1,1,1,1,1,-12.663896560668945,-3.661160469055176,13.182502496851463,173.7783966064453,-2.8601635745239484,0.011280421496962064,2.4230499497342732,15405.31057755649,-2.8601635745239484,-2.956719621461707,0.09655604693775865,D:\Desktop\proj\gr-lora_sdr\weakPacket_decoding\data\low_snr_gt_bin\0_0_0_10_14_16_extreme_snr\0_0_0_10_14_16_snr_m23dB.bin,10,125000.0,500000.0,-25,-0.25404660440359844,-0.006472741081710989,-0.5108077352945404,0.9977867278062321
13,13,1,1.0,modal_argmax,1,1,577,-447,0,-1.62589693069458,7.146422863006592,7.329044996870015,53.71491241455078,1.794500433108839,0.003517136985846507,0.2552435070370486,15272.340153570287,-4.4886848740707475,-4.5614694500598745,0.07278457598912702,D:\Desktop\proj\gr-lora_sdr\weakPacket_decoding\data\low_snr_gt_bin\0_0_0_10_14_16_extreme_snr\0_0_0_10_14_16_snr_m23dB.bin,10,125000.0,500000.0,-25,-0.25404660440359844,-0.006472741081710989,-0.5108077352945404,0.9977867278062321
13,13,2,2.0,modal_argmax,1,1,313,313,0,7.522344589233398,-2.3264758586883545,7.873890908580631,61.9981575012207,-0.29994443043235464,0.004106347398140249,0.5091809375339575,15098.127725213766,-6.583129737611941,-6.166219278658042,-0.41691045895389856,D:\Desktop\proj\gr-lora_sdr\weakPacket_decoding\data\low_snr_gt_bin\0_0_0_10_14_16_extreme_snr\0_0_0_10_14_16_snr_m23dB.bin,10,125000.0,500000.0,-25,-0.25404660440359844,-0.006472741081710989,-0.5108077352945404,0.9977867278062321
13,13,3,3.0,modal_argmax,1,1,486,486,0,0.29565170407295227,-9.147933006286621,9.152709337547511,83.77207946777344,-1.5384886097670498,0.005240579352676997,0.7042288097823741,15985.270679086447,-7.8216739169466365,-7.77096910725621,-0.05070480969042634,D:\Desktop\proj\gr-lora_sdr\weakPacket_decoding\data\low_snr_gt_bin\0_0_0_10_14_16_extreme_snr\0_0_0_10_14_16_snr_m23dB.bin,10,125000.0,500000.0,-25,-0.25404660440359844,-0.006472741081710989,-0.5108077352945404,0.9977867278062321
13,13,4,4.0,modal_argmax,1,1,1017,-7,0,-8.72504997253418,-4.342121601104736,9.745794837877465,94.98050689697266,-2.679817580738796,0.006299653042082023,0.876862581046947,15077.101272482425,-8.963002887918382,-9.375718935854378,0.41271604793599614,D:\Desktop\proj\gr-lora_sdr\weakPacket_decoding\data\low_snr_gt_bin\0_0_0_10_14_16_extreme_snr\0_0_0_10_14_16_snr_m23dB.bin,10,125000.0,500000.0,-25,-0.25404660440359844,-0.006472741081710989,-0.5108077352945404,0.9977867278062321
13,13,5,5.0,modal_argmax,1,1,91,91,0,2.062044143676758,9.459319114685059,9.681463947354127,93.73075103759766,1.3561633120472165,0.006291718715838945,0.04200762304364842,14897.479571303353,-11.210207302311956,-10.980468764452546,-0.22973853785940967,D:\Desktop\proj\gr-lora_sdr\weakPacket_decoding\data\low_snr_gt_bin\0_0_0_10_14_16_extreme_snr\0_0_0_10_14_16_snr_m23dB.bin,10,125000.0,500000.0,-25,-0.25404660440359844,-0.006472741081710989,-0.5108077352945404,0.9977867278062321
13,13,6,6.0,modal_argmax,1,1,466,466,0,7.318661689758301,1.2019295692443848,7.416700318777874,55.00743865966797,0.16277503927038306,0.003541459089485563,0.6474417752028099,15532.422447849996,-12.40359557508879,-12.585218593050714,0.1816230179619236,D:\Desktop\proj\gr-lora_sdr\weakPacket_decoding\data\low_snr_gt_bin\0_0_0_10_14_16_extreme_snr\0_0_0_10_14_16_snr_m23dB.bin,10,125000.0,500000.0,-25,-0.25404660440359844,-0.006472741081710989,-0.5108077352945404,0.9977867278062321
13,13,7,7.0,modal_argmax,1,1,299,299,0,-1.6748168468475342,-9.902571678161621,10.043203538294591,100.86593627929688,-1.7383402985561531,0.006491568684511934,0.438001133886246,15537.991074476391,-14.304710912915326,-14.189968421648882,-0.11474249126644409,D:\Desktop\proj\gr-lora_sdr\weakPacket_decoding\data\low_snr_gt_bin\0_0_0_10_14_16_extreme_snr\0_0_0_10_14_16_snr_m23dB.bin,10,125000.0,500000.0,-25,-0.25404660440359844,-0.006472741081710989,-0.5108077352945404,0.9977867278062321
13,13,8,8.0,modal_argmax,1,1,1,1,1,-11.68123722076416,-1.3765082359313965,11.762060955944454,138.34608459472656,-3.0242943456132863,0.009127291921221066,0.4796164663783087,15157.40767237544,-15.59066495997246,-15.79471825024705,0.20405329027459018,D:\Desktop\proj\gr-lora_sdr\weakPacket_decoding\data\low_snr_gt_bin\0_0_0_10_14_16_extreme_snr\0_0_0_10_14_16_snr_m23dB.bin,10,125000.0,500000.0,-25,-0.25404660440359844,-0.006472741081710989,-0.5108077352945404,0.9977867278062321
13,13,9,9.0,modal_argmax,1,1,402,402,0,-0.18775004148483276,6.484406471252441,6.48712396694391,42.08277130126953,1.5997423224904,0.002705960664337629,1.9180064632164038,15551.878434851766,-17.24981359904836,-17.399468078845217,0.1496544797968582,D:\Desktop\proj\gr-lora_sdr\weakPacket_decoding\data\low_snr_gt_bin\0_0_0_10_14_16_extreme_snr\0_0_0_10_14_16_snr_m23dB.bin,10,125000.0,500000.0,-25,-0.25404660440359844,-0.006472741081710989,-0.5108077352945404,0.9977867278062321
13,13,10,10.0,modal_argmax,1,1,818,-206,0,5.2303667068481445,-4.042466640472412,6.610466884225184,43.698272705078125,-0.6579867175597807,0.002868273861599398,0.8851084715330608,15235.041984697804,-19.50754263909854,-19.004217907443387,-0.5033247316551517,D:\Desktop\proj\gr-lora_sdr\weakPacket_decoding\data\low_snr_gt_bin\0_0_0_10_14_16_extreme_snr\0_0_0_10_14_16_snr_m23dB.bin,10,125000.0,500000.0,-25,-0.25404660440359844,-0.006472741081710989,-0.5108077352945404,0.9977867278062321
13,13,11,11.0,modal_argmax,1,1,637,-387,0,0.09744137525558472,-10.345894813537598,10.346353672400527,107.04702758789062,-1.5613782439737605,0.006758445746449384,0.3514110787463564,15839.000800461974,-20.41093416551252,-20.608967736041556,0.19803357052903792,D:\Desktop\proj\gr-lora_sdr\weakPacket_decoding\data\low_snr_gt_bin\0_0_0_10_14_16_extreme_snr\0_0_0_10_14_16_snr_m23dB.bin,10,125000.0,500000.0,-25,-0.25404660440359844,-0.006472741081710989,-0.5108077352945404,0.9977867278062321
