dataset,target_snr_db,packet_count,center_symbol_ser,center_symbol_accuracy,center_crc_valid_rate,multi_symbol_ser,multi_symbol_accuracy,multi_crc_valid_rate,selected_symbol_ser,selected_symbol_accuracy,selected_crc_valid_rate,selected_ser_gain_vs_center,selected_crc_gain_vs_center,selected_ser_gain_vs_multi,selected_crc_gain_vs_multi,mean_locked_ratio,mean_false_lock_rate,mean_uncertain_candidate_recall,mean_phase_line_r2,mean_phase_line_rmse_pi
0_0_0_10_14_8,-12.0,10,0.0,1.0,1.0,0.0,1.0,1.0,0.0,1.0,1.0,0.0,0.0,0.0,0.0,0.8457142857142858,0.0,0.5,0.8970193739689943,0.27467595285241064
0_0_0_10_14_8,-13.0,10,0.0,1.0,1.0,0.0,1.0,1.0,0.0,1.0,1.0,0.0,0.0,0.0,0.0,0.8485714285714285,0.0,0.5,0.8962319881467739,0.27381301659165963
0_0_0_10_14_8,-14.0,10,0.0,1.0,1.0,0.0,1.0,1.0,0.0,1.0,1.0,0.0,0.0,0.0,0.0,0.8542857142857143,0.0,0.6,0.8863170001935791,0.2681936909639134
0_0_0_10_14_8,-15.0,10,0.0,1.0,1.0,0.0,1.0,1.0,0.0,1.0,1.0,0.0,0.0,0.0,0.0,0.8542857142857143,0.0,0.6,0.8859178257736879,0.26832783859842313
0_0_0_10_14_8,-16.0,10,0.017142857142857144,0.9828571428571429,0.7,0.0,1.0,1.0,0.0,1.0,1.0,0.017142857142857144,0.30000000000000004,0.0,0.0,0.8428571428571429,0.0,0.6,0.8713092746664215,0.2750321991599797
0_0_0_10_14_8,-17.0,10,0.06285714285714286,0.9371428571428572,0.6,0.0,1.0,1.0,0.0,1.0,1.0,0.06285714285714286,0.4,0.0,0.0,0.8400000000000001,0.0,0.6,0.8040503032443878,0.2989458163809532
0_0_0_10_14_8,-18.0,10,0.12857142857142856,0.8714285714285716,0.4,0.002857142857142857,0.9971428571428571,0.9,0.002857142857142857,0.9971428571428571,0.9,0.1257142857142857,0.5,0.0,0.0,0.82,0.0,0.6,0.7815549583277007,0.3224200882995797
0_0_0_10_14_8,-19.0,10,0.22857142857142856,0.7714285714285715,0.0,0.011428571428571429,0.9885714285714287,0.8,0.014285714285714285,0.9857142857142858,0.7,0.21428571428571427,0.7,-0.0028571428571428567,-0.10000000000000009,0.7857142857142858,0.0,0.6,0.6873420354640214,0.3383929122927627
0_0_0_10_14_8,-20.0,10,0.3657142857142857,0.6342857142857143,0.0,0.04571428571428572,0.9542857142857143,0.6,0.05142857142857142,0.9485714285714286,0.6,0.3142857142857143,0.6,-0.0057142857142856995,0.0,0.72,0.0,0.8824110671936758,0.7734596376973176,0.3268471262887668
0_0_0_10_14_8,-21.0,10,0.5171428571428571,0.48285714285714293,0.0,0.13142857142857142,0.8685714285714285,0.5,0.12571428571428572,0.8742857142857142,0.5,0.3914285714285714,0.5,0.0057142857142856995,0.0,0.6028571428571429,0.0,0.958608695652174,0.8035268401756721,0.2934262694473334
0_0_0_10_14_8,-22.0,10,0.6628571428571428,0.33714285714285713,0.0,0.18857142857142856,0.8114285714285716,0.3,0.18857142857142856,0.8114285714285716,0.2,0.47428571428571425,0.2,0.0,-0.09999999999999998,0.4228571428571429,0.0,0.8916399835796387,0.7538227467191472,0.36277072857492654
0_0_0_10_14_8,-23.0,10,0.7942857142857143,0.20571428571428568,0.0,0.33428571428571424,0.6657142857142857,0.0,0.32857142857142857,0.6714285714285714,0.0,0.4657142857142857,0.0,0.005714285714285672,0.0,0.29999999999999993,0.004545454545454545,0.8241575711091429,0.799111998197109,0.38247276793346363
0_0_0_10_14_8,-24.0,10,0.86,0.13999999999999999,0.0,0.49428571428571433,0.5057142857142857,0.0,0.49142857142857144,0.5085714285714286,0.0,0.36857142857142855,0.0,0.0028571428571428914,0.0,0.17999999999999997,0.0375,0.7042533865038609,0.7260419299542239,0.4464543455882075
0_0_0_10_14_8,-25.0,10,0.9200000000000002,0.08000000000000002,0.0,0.6542857142857142,0.34571428571428575,0.0,0.6514285714285715,0.34857142857142864,0.0,0.2685714285714287,0.0,0.0028571428571427804,0.0,0.07428571428571427,0.125,0.5839817117058169,0.6722807574666323,0.5199989286093125
0_0_0_10_14_8,-26.0,10,0.9571428571428571,0.04285714285714287,0.0,0.7857142857142858,0.21428571428571427,0.0,0.7828571428571429,0.21714285714285714,0.0,0.17428571428571416,0.0,0.0028571428571428914,0.0,0.04571428571428572,0.07333333333333333,0.44233825788379877,0.6212188904958778,0.4883706854969102
0_0_0_10_14_16,-12.0,11,0.0,1.0,1.0,0.0,1.0,1.0,0.0,1.0,1.0,0.0,0.0,0.0,0.0,0.9272727272727272,0.0,0.18181818181818182,0.9688550417271824,0.21910330853361748
0_0_0_10_14_16,-13.0,11,0.0,1.0,1.0,0.0,1.0,1.0,0.0,1.0,1.0,0.0,0.0,0.0,0.0,0.9272727272727272,0.0,0.18181818181818182,0.9688728362402034,0.2187721112885899
0_0_0_10_14_16,-14.0,11,0.0,1.0,1.0,0.0,1.0,1.0,0.0,1.0,1.0,0.0,0.0,0.0,0.0,0.9246753246753247,0.0,0.2727272727272727,0.9689617892872189,0.21848233347032223
0_0_0_10_14_16,-15.0,11,0.0025974025974025974,0.9974025974025974,0.9090909090909091,0.0,1.0,1.0,0.0,1.0,1.0,0.0025974025974025974,0.09090909090909094,0.0,0.0,0.922077922077922,0.0,0.2727272727272727,0.965955235260677,0.2064944978778027
0_0_0_10_14_16,-16.0,11,0.01038961038961039,0.9896103896103896,0.8181818181818182,0.0,1.0,1.0,0.0,1.0,1.0,0.01038961038961039,0.18181818181818177,0.0,0.0,0.922077922077922,0.0,0.2727272727272727,0.9655796325799294,0.2066200273612161
0_0_0_10_14_16,-17.0,11,0.04675324675324675,0.9532467532467532,0.45454545454545453,0.0,1.0,1.0,0.0,1.0,1.0,0.04675324675324675,0.5454545454545454,0.0,0.0,0.922077922077922,0.0,0.2727272727272727,0.965274912969122,0.2086598463227401
0_0_0_10_14_16,-18.0,11,0.11948051948051944,0.8805194805194805,0.09090909090909091,0.0025974025974025974,0.9974025974025974,0.9090909090909091,0.0,1.0,1.0,0.11948051948051944,0.9090909090909091,0.0025974025974025974,0.09090909090909094,0.9272727272727272,0.0,0.45454545454545453,0.9651725450683784,0.2094083717832741
0_0_0_10_14_16,-19.0,11,0.2363636363636363,0.7636363636363637,0.0,0.0025974025974025974,0.9974025974025974,0.9090909090909091,0.0025974025974025974,0.9974025974025974,0.9090909090909091,0.2337662337662337,0.9090909090909091,0.0,0.0,0.8597402597402596,0.0,1.0,0.9650246173142478,0.2092702794392685
0_0_0_10_14_16,-20.0,11,0.35844155844155845,0.6415584415584417,0.0,0.015584415584415584,0.9844155844155845,0.6363636363636364,0.01038961038961039,0.9896103896103896,0.7272727272727273,0.34805194805194806,0.7272727272727273,0.005194805194805195,0.09090909090909094,0.7688311688311689,0.0,1.0,0.963474679677591,0.2100654663657905
0_0_0_10_14_16,-21.0,11,0.4961038961038961,0.5038961038961038,0.0,0.07012987012987014,0.92987012987013,0.2727272727272727,0.049350649350649346,0.9506493506493506,0.36363636363636365,0.44675324675324674,0.36363636363636365,0.020779220779220793,0.09090909090909094,0.6051948051948052,0.0,0.9597402597402597,0.9618327341697935,0.21078932230254582
0_0_0_10_14_16,-22.0,11,0.6025974025974027,0.3974025974025974,0.0,0.17922077922077922,0.8207792207792209,0.0,0.16623376623376618,0.8337662337662338,0.09090909090909091,0.4363636363636365,0.09090909090909091,0.012987012987013047,0.09090909090909091,0.41558441558441556,0.00505050505050505,0.9246071777215696,0.8695069431410893,0.24334368708169682
0_0_0_10_14_16,-23.0,11,0.7324675324675325,0.2675324675324675,0.0,0.3194805194805194,0.6805194805194805,0.0,0.3142857142857143,0.6857142857142857,0.0,0.4181818181818182,0.0,0.005194805194805141,0.0,0.24675324675324675,0.009090909090909092,0.8179707154790581,0.7721877436116124,0.3529929183484271
0_0_0_10_14_16,-24.0,11,0.8337662337662338,0.16623376623376626,0.0,0.509090909090909,0.49090909090909096,0.0,0.5168831168831168,0.48311688311688317,0.0,0.316883116883117,0.0,-0.007792207792207795,0.0,0.14025974025974028,0.011363636363636364,0.7022420629869562,0.5709972828375522,0.4294217105484721
0_0_0_10_14_16,-25.0,11,0.9116883116883119,0.08831168831168833,0.0,0.6441558441558443,0.35584415584415585,0.0,0.6363636363636364,0.36363636363636365,0.0,0.2753246753246755,0.0,0.007792207792207906,0.0,0.05714285714285714,0.048484848484848485,0.5819787132394947,0.48963159483937757,0.4182448071361327
0_0_0_10_14_16,-26.0,11,0.9506493506493506,0.04935064935064937,0.0,0.7792207792207794,0.2207792207792208,0.0,0.7766233766233767,0.2233766233766234,0.0,0.17402597402597397,0.0,0.0025974025974027093,0.0,0.03896103896103897,0.0606060606060606,0.44105941963562284,0.6644413962865898,0.3913801557226464
0_0_0_10_14_32,-12.0,7,0.061224489795918366,0.9387755102040816,0.8571428571428571,0.012244897959183673,0.9877551020408164,0.8571428571428571,0.008163265306122448,0.9918367346938776,0.8571428571428571,0.053061224489795916,0.0,0.004081632653061225,0.0,0.8244897959183674,0.0,0.7142857142857143,0.9323755157311276,0.403907818453583
0_0_0_10_14_32,-13.0,7,0.07755102040816327,0.9224489795918368,0.8571428571428571,0.024489795918367346,0.9755102040816326,0.8571428571428571,0.016326530612244896,0.9836734693877551,0.8571428571428571,0.061224489795918366,0.0,0.00816326530612245,0.0,0.8040816326530613,0.0,0.8095238095238094,0.9322408787104487,0.40558462087001285
0_0_0_10_14_32,-14.0,7,0.10204081632653061,0.8979591836734694,0.8571428571428571,0.03673469387755102,0.963265306122449,0.8571428571428571,0.03673469387755102,0.963265306122449,0.8571428571428571,0.0653061224489796,0.0,0.0,0.0,0.7551020408163266,0.0,0.8322981366459627,0.9119849553661437,0.4466160170252048
0_0_0_10_14_32,-15.0,7,0.12653061224489795,0.873469387755102,0.8571428571428571,0.05306122448979592,0.946938775510204,0.8571428571428571,0.05306122448979592,0.946938775510204,0.8571428571428571,0.07346938775510203,0.0,0.0,0.0,0.746938775510204,0.0,0.8241758241758241,0.8126083108269461,0.4925380605130303
0_0_0_10_14_32,-16.0,7,0.1346938775510204,0.8653061224489795,0.8571428571428571,0.07755102040816327,0.9224489795918368,0.8571428571428571,0.07755102040816327,0.9224489795918368,0.8571428571428571,0.05714285714285715,0.0,0.0,0.0,0.7551020408163266,0.0,0.7999999999999999,0.8951447261369861,0.4472470562336702
0_0_0_10_14_32,-17.0,7,0.15102040816326529,0.8489795918367348,0.5714285714285714,0.09387755102040816,0.9061224489795919,0.8571428571428571,0.09795918367346938,0.9020408163265305,0.8571428571428571,0.0530612244897959,0.2857142857142857,-0.004081632653061218,0.0,0.7387755102040817,0.0,0.7815126050420168,0.8968554176679134,0.44387641466763583
0_0_0_10_14_32,-18.0,7,0.18367346938775506,0.8163265306122449,0.0,0.1142857142857143,0.8857142857142858,0.8571428571428571,0.1142857142857143,0.8857142857142858,0.8571428571428571,0.06938775510204076,0.8571428571428571,0.0,0.0,0.7428571428571429,0.0,0.7795918367346939,0.8146716077284374,0.44138545579926397
0_0_0_10_14_32,-19.0,7,0.2653061224489796,0.7346938775510203,0.0,0.11836734693877551,0.8816326530612244,0.8571428571428571,0.12244897959183673,0.8775510204081632,0.8571428571428571,0.14285714285714288,0.8571428571428571,-0.004081632653061218,0.0,0.7183673469387755,0.0,0.9142857142857144,0.8722441617941824,0.4146103024875462
0_0_0_10_14_32,-20.0,7,0.3959183673469387,0.6040816326530614,0.0,0.14285714285714285,0.8571428571428571,0.7142857142857143,0.1346938775510204,0.8653061224489795,0.8571428571428571,0.2612244897959183,0.8571428571428571,0.008163265306122436,0.1428571428571428,0.6408163265306123,0.0,0.889795918367347,0.8111216671276065,0.44372646586202646
0_0_0_10_14_32,-21.0,7,0.5428571428571428,0.4571428571428572,0.0,0.15918367346938772,0.8408163265306123,0.42857142857142855,0.14693877551020407,0.8530612244897959,0.5714285714285714,0.39591836734693875,0.5714285714285714,0.012244897959183654,0.14285714285714285,0.5428571428571429,0.0,0.8612244897959184,0.7896055738344021,0.44997361833432975
0_0_0_10_14_32,-22.0,7,0.673469387755102,0.32653061224489793,0.0,0.24489795918367346,0.7551020408163266,0.0,0.24081632653061222,0.7591836734693879,0.0,0.43265306122448977,0.0,0.004081632653061246,0.0,0.36326530612244895,0.0,0.8450606329488316,0.5186485030611131,0.4797345176308617
0_0_0_10_14_32,-23.0,7,0.7755102040816327,0.22448979591836737,0.0,0.34285714285714286,0.6571428571428573,0.0,0.34285714285714286,0.6571428571428573,0.0,0.4326530612244899,0.0,0.0,0.0,0.22040816326530613,0.0,0.7687861764216445,0.674904071501126,0.48131633083127373
0_0_0_10_14_32,-24.0,7,0.8530612244897959,0.14693877551020407,0.0,0.5142857142857143,0.48571428571428577,0.0,0.5061224489795919,0.4938775510204082,0.0,0.346938775510204,0.0,0.008163265306122436,0.0,0.1346938775510204,0.0,0.6828078901811621,0.494328875965858,0.5064807265707927
0_0_0_10_14_32,-25.0,7,0.8979591836734694,0.1020408163265306,0.0,0.6489795918367347,0.35102040816326535,0.0,0.6530612244897959,0.34693877551020413,0.0,0.24489795918367352,0.0,-0.004081632653061162,0.0,0.061224489795918366,0.0,0.5361003052247292,0.6085227755817222,0.4934007749998987
0_0_0_10_14_32,-26.0,7,0.9346938775510203,0.06530612244897961,0.0,0.763265306122449,0.236734693877551,0.0,0.7755102040816327,0.22448979591836737,0.0,0.15918367346938755,0.0,-0.01224489795918371,0.0,0.024489795918367346,0.0,0.42432109207319296,0.5501006549801842,0.4874184328020477
mean_of_datasets,-12.0,28,0.02040816326530612,0.9795918367346937,0.9523809523809524,0.004081632653061224,0.9959183673469388,0.9523809523809524,0.0027210884353741495,0.9972789115646258,0.9523809523809524,0.01768707482993197,0.0,0.001360544217687075,0.0,0.8658256029684601,0.0,0.4653679653679654,0.9327499771424348,0.29922902661320366
mean_of_datasets,-13.0,28,0.02585034013605442,0.9741496598639455,0.9523809523809524,0.008163265306122448,0.9918367346938775,0.9523809523809524,0.005442176870748299,0.9945578231292517,0.9523809523809524,0.02040816326530612,0.0,0.00272108843537415,0.0,0.8599752628324057,0.0,0.4971139971139971,0.932448567699142,0.2993899162500875
mean_of_datasets,-14.0,28,0.034013605442176874,0.9659863945578232,0.9523809523809524,0.012244897959183673,0.9877551020408163,0.9523809523809524,0.012244897959183673,0.9877551020408163,0.9523809523809524,0.0217687074829932,0.0,0.0,0.0,0.844687693259122,0.0,0.5683418031244117,0.9224212482823138,0.3110973471531468
mean_of_datasets,-15.0,28,0.043042671614100185,0.9569573283858998,0.9220779220779222,0.017687074829931974,0.982312925170068,0.9523809523809524,0.017687074829931974,0.982312925170068,0.9523809523809524,0.02535559678416821,0.030303030303030314,0.0,0.0,0.8411008039579468,0.0,0.5656343656343656,0.8881604572871037,0.32245346566308536
mean_of_datasets,-16.0,28,0.05407544836116265,0.9459245516388374,0.7917748917748918,0.02585034013605442,0.9741496598639455,0.9523809523809524,0.02585034013605442,0.9741496598639455,0.9523809523809524,0.028225108225108226,0.1606060606060606,0.0,0.0,0.8400123685837971,0.0,0.5575757575757575,0.9106778777944458,0.309633094251622
mean_of_datasets,-17.0,28,0.0868769325912183,0.9131230674087817,0.5419913419913419,0.031292517006802724,0.9687074829931973,0.9523809523809524,0.03265306122448979,0.9673469387755101,0.9523809523809524,0.054223871366728495,0.41038961038961036,-0.0013605442176870726,0.0,0.8336178107606679,0.0,0.5514132925897631,0.8887268779604743,0.3171606924571097
mean_of_datasets,-18.0,28,0.14390847247990102,0.856091527520099,0.16363636363636366,0.03991341991341992,0.9600865800865801,0.8887445887445887,0.03904761904761905,0.960952380952381,0.919047619047619,0.10486085343228196,0.7554112554112554,0.0008658008658008658,0.030303030303030314,0.83004329004329,0.0,0.6113790970933828,0.8537997037081722,0.3244046386273726
mean_of_datasets,-19.0,28,0.24341372912801482,0.7565862708719852,0.0,0.044131106988249846,0.9558688930117502,0.8554112554112554,0.046444032158317876,0.9535559678416821,0.8220779220779221,0.19696969696969693,0.8220779220779221,-0.0023129251700680247,-0.03333333333333336,0.7879406307977735,0.0,0.8380952380952381,0.8415369381908172,0.3207578314065258
mean_of_datasets,-20.0,28,0.3733580705009276,0.6266419294990725,0.0,0.06805194805194804,0.931948051948052,0.6502164502164502,0.06550401978973408,0.9344959802102659,0.7281385281385281,0.30785405071119354,0.7281385281385281,0.002547928262213977,0.0779220779220779,0.709882498453927,0.0,0.9240689951870076,0.8493519948341718,0.3268796861721946
mean_of_datasets,-21.0,28,0.5187012987012988,0.4812987012987013,0.0,0.12024737167594308,0.879752628324057,0.4004329004329004,0.10733457019171304,0.8926654298082869,0.4783549783549783,0.41136672850958567,0.4783549783549783,0.012912801484230048,0.07792207792207793,0.5836363636363636,0.0,0.9265244817294507,0.8516550493932892,0.3180630700280696
mean_of_datasets,-22.0,28,0.6463079777365492,0.3536920222634508,0.0,0.2042300556586271,0.795769944341373,0.09999999999999999,0.19854050711193563,0.8014594928880645,0.09696969696969697,0.4477674706246135,0.09696969696969697,0.005689548546691431,-0.003030303030303022,0.40056895485466915,0.0016835016835016834,0.8871025980833466,0.7139927309737831,0.36194964442916167
mean_of_datasets,-23.0,28,0.7674211502782932,0.23257884972170687,0.0,0.3322077922077922,0.6677922077922078,0.0,0.32857142857142857,0.6714285714285714,0.0,0.4388497217068646,0.0,0.0036363636363636043,0.0,0.25572047000618425,0.004545454545454546,0.8036381543366152,0.7487346044366158,0.40559400570438814
mean_of_datasets,-24.0,28,0.8489424860853433,0.15105751391465677,0.0,0.5058874458874459,0.4941125541125541,0.0,0.5048113790970934,0.4951886209029066,0.0,0.34413110698824984,0.0,0.0010760667903525107,0.0,0.15165120593692022,0.016287878787878785,0.6964344465573263,0.5971226962525447,0.4607855942358241
mean_of_datasets,-25.0,28,0.9098824984539271,0.090117501546073,0.0,0.6491403834260977,0.35085961657390236,0.0,0.6469511440940012,0.35304885590599877,0.0,0.26293135435992593,0.0,0.002189239332096508,0.0,0.06421768707482993,0.05782828282828283,0.567353576723347,0.5901450426292439,0.4772148369151146
mean_of_datasets,-26.0,28,0.9474953617810759,0.05250463821892395,0.0,0.7760667903525048,0.22393320964749533,0.0,0.7783302411873841,0.22166975881261597,0.0,0.1691651205936919,0.0,-0.0022634508348793694,0.0,0.03638837353123068,0.04464646464646465,0.43590625653087156,0.611920313920884,0.4557230913405348
