dataset,target_snr_db,packet_index,symbol_index,gt_in_top_l,v3_is_error,multi_is_error,gt_energy_rank,gt_phase_rank,gt_local_phase_rank,gt_combined_rank,gt_local_combined_rank,gt_energy_score,gt_phase_score,gt_local_phase_score,gt_combined_score,gt_local_combined_score,top1_bin,gt_bin,v3_bin,multi_bin,clean_line_r2,clean_line_rmse_pi
0_0_0_10_14_16,-24.0,1,0,1,0,1,3,15,24,15,22,0.9337923889709276,0.31920722501086474,0.03237136471525792,0.44212425780287734,0.21265556956639187,210,222,222,210,0.9998706886380241,0.08828975252897754
0_0_0_10_14_16,-24.0,1,1,0,,,,,,,,,,,,,,,,,,
0_0_0_10_14_16,-24.0,1,2,1,0,1,4,12,5,10,3,0.8851147365438748,0.4709589601108919,0.9439112774313791,0.5537901153974885,0.9321519692538783,154,922,922,154,0.9998706886380241,0.08828975252897754
0_0_0_10_14_16,-24.0,1,3,1,0,0,1,20,12,18,11,1.0,0.08390873608451366,0.6207435114108327,0.26712698886761094,0.6965948091286662,718,718,718,718,0.9998706886380241,0.08828975252897754
0_0_0_10_14_16,-24.0,1,4,1,0,0,1,6,17,2,15,1.0,0.9223413210612621,0.22747238394325942,0.9378730568490097,0.38197790715460755,107,107,107,107,0.9998706886380241,0.08828975252897754
0_0_0_10_14_16,-24.0,1,5,1,0,0,1,20,2,18,1,1.0,0.017304872803961202,0.9987099284220593,0.21384389824316896,0.9989679427376474,468,468,468,468,0.9998706886380241,0.08828975252897754
0_0_0_10_14_16,-24.0,1,6,1,0,1,7,8,18,8,18,0.7066602521580738,0.6876828816584692,0.20458721201290153,0.6914783557583902,0.305001820041936,921,89,89,921,0.9998706886380241,0.08828975252897754
0_0_0_10_14_16,-24.0,1,7,1,0,0,1,22,2,21,1,1.0,0.03163987470045232,0.9901139575320121,0.22531189976036187,0.9920911660256098,713,713,713,713,0.9998706886380241,0.08828975252897754
0_0_0_10_14_16,-24.0,1,8,1,0,0,1,9,17,6,16,1.0,0.7001711775230383,0.2649922981113496,0.7601369420184307,0.4119938384890797,865,865,865,865,0.9998706886380241,0.08828975252897754
0_0_0_10_14_16,-24.0,1,9,1,1,1,20,20,5,21,5,0.7907067357099835,0.2020316264512032,0.8009526495227395,0.3197666483029593,0.7989034667601883,1008,492,185,1008,0.9998706886380241,0.08828975252897754
0_0_0_10_14_16,-24.0,1,10,1,0,1,2,10,13,9,13,0.7808729669197602,0.5503840414125089,0.47518554729318624,0.5964818265139591,0.536323031218501,147,765,765,147,0.9998706886380241,0.08828975252897754
0_0_0_10_14_16,-24.0,1,11,1,0,1,2,4,21,3,20,0.8925350508999936,0.8381286188412664,0.12419044874220292,0.8490099052530119,0.2778593691737611,289,1023,1023,289,0.9998706886380241,0.08828975252897754
0_0_0_10_14_16,-24.0,1,12,0,,,,,,,,,,,,,,,,,,
0_0_0_10_14_16,-24.0,1,13,1,0,1,23,4,23,5,24,0.7385056744329951,0.9841814619943374,0.0005213197794414759,0.9350463044820689,0.1481181907101522,550,562,562,550,0.9998706886380241,0.08828975252897754
0_0_0_10_14_16,-24.0,1,14,1,1,1,11,24,1,24,1,0.7549610163986502,0.00041042233978627607,0.9896143533513737,0.15132054115155907,0.9426836859608291,288,478,288,288,0.9998706886380241,0.08828975252897754
0_0_0_10_14_16,-24.0,1,15,1,0,1,2,2,21,2,18,0.8130036096463962,0.9824502649269556,0.06935507959613213,0.9485609338708437,0.21808478560618494,608,267,267,608,0.9998706886380241,0.08828975252897754
0_0_0_10_14_16,-24.0,1,16,1,0,0,1,19,8,19,8,1.0,0.1067786364193789,0.7907698208949285,0.28542290913550317,0.832615856715943,917,917,917,917,0.9998706886380241,0.08828975252897754
0_0_0_10_14_16,-24.0,1,17,1,0,0,1,3,21,1,17,1.0,0.9910047902629515,0.05767848086736577,0.9928038322103612,0.2461427846938926,656,656,656,656,0.9998706886380241,0.08828975252897754
0_0_0_10_14_16,-24.0,1,18,0,,,,,,,,,,,,,,,,,,
0_0_0_10_14_16,-24.0,1,19,1,0,0,1,14,7,11,5,1.0,0.3255661079299469,0.8004342643785046,0.46045288634395753,0.8403474115028038,510,510,510,510,0.9998706886380241,0.08828975252897754
0_0_0_10_14_16,-24.0,1,20,1,0,0,1,9,20,7,18,1.0,0.8197514621007342,0.09102249717042316,0.8558011696805874,0.2728179977363385,860,860,860,860,0.9998706886380241,0.08828975252897754
0_0_0_10_14_16,-24.0,1,21,1,0,0,1,16,7,11,1,1.0,0.16925942968579566,0.9072291196964559,0.33540754374863657,0.9257832957571648,553,553,553,553,0.9998706886380241,0.08828975252897754
0_0_0_10_14_16,-24.0,1,22,1,0,1,2,5,18,1,17,0.9289240954074424,0.9837212354014486,0.048899881172974335,0.9727618074026474,0.22490472401986794,250,629,629,250,0.9998706886380241,0.08828975252897754
0_0_0_10_14_16,-24.0,1,23,0,,,,,,,,,,,,,,,,,,
0_0_0_10_14_16,-24.0,1,24,1,1,1,3,11,14,11,11,0.9777892206424585,0.37360554271528723,0.6682274899495745,0.4944422783007215,0.7301398360881514,329,874,788,329,0.9998706886380241,0.08828975252897754
0_0_0_10_14_16,-24.0,1,25,1,0,1,2,16,9,15,9,0.8571205308514955,0.473899538049958,0.5170855497276303,0.5505437366102656,0.5850925459524035,286,720,720,286,0.9998706886380241,0.08828975252897754
0_0_0_10_14_16,-24.0,1,26,1,0,0,1,19,6,19,2,1.0,0.08493109175830876,0.8957596348535968,0.267944873406647,0.9166077078828774,314,314,314,314,0.9998706886380241,0.08828975252897754
0_0_0_10_14_16,-24.0,1,27,1,0,0,1,5,21,3,20,1.0,0.8704688432063373,0.0811574684476114,0.8963750745650698,0.26492597475808916,602,602,602,602,0.9998706886380241,0.08828975252897754
0_0_0_10_14_16,-24.0,1,28,1,1,1,10,20,4,20,5,0.6824678851324144,0.09397122707290567,0.9676364182624722,0.2116705586848074,0.9106027116364607,13,7,6,13,0.9998706886380241,0.08828975252897754
0_0_0_10_14_16,-24.0,1,29,1,0,1,8,6,23,4,21,0.7827887315082106,0.958571726418427,0.00038810035205272264,0.9234151274363838,0.1568682265832843,567,610,610,567,0.9998706886380241,0.08828975252897754
0_0_0_10_14_16,-24.0,1,30,1,1,1,5,14,8,13,5,0.8338502339656172,0.2605535592304423,0.9178958459966586,0.37521289417747733,0.9010867235904504,142,807,852,142,0.9998706886380241,0.08828975252897754
0_0_0_10_14_16,-24.0,1,31,1,0,1,3,16,12,16,11,0.7754449218298661,0.22977635639472693,0.5855158190392493,0.3389100694817548,0.6235016395973727,396,897,897,396,0.9998706886380241,0.08828975252897754
0_0_0_10_14_16,-24.0,1,32,1,0,0,1,1,23,1,21,1.0,0.9920107104241782,0.00647226961084757,0.9936085683393425,0.20517781568867807,749,749,749,749,0.9998706886380241,0.08828975252897754
0_0_0_10_14_16,-24.0,1,33,1,0,0,1,24,6,20,6,1.0,0.051043746463785344,0.7310329891383154,0.2408349971710283,0.7848263913106523,584,584,584,584,0.9998706886380241,0.08828975252897754
0_0_0_10_14_16,-24.0,1,34,1,1,1,9,10,1,10,1,0.6644520414416746,0.8567309793260234,0.9847473983863287,0.8182751917491538,0.920688326997398,1018,934,1018,1018,0.9998706886380241,0.08828975252897754
0_0_0_10_14_16,-24.0,2,0,1,0,1,2,9,16,7,16,0.9289512033994098,0.8840007727882755,0.3408417295223334,0.8929908589105024,0.4584636242977487,961,803,803,961,0.9995380185105024,0.12012704756268058
0_0_0_10_14_16,-24.0,2,1,1,0,1,10,19,3,19,3,0.7302194817438918,0.27837555838538314,0.9886983704994463,0.3687443430570849,0.9370025927483354,485,826,826,485,0.9995380185105024,0.12012704756268058
0_0_0_10_14_16,-24.0,2,2,1,0,0,1,12,20,10,17,1.0,0.32747145587826965,0.0897628378376315,0.46197716470261574,0.27181027027010524,922,922,922,922,0.9995380185105024,0.12012704756268058
0_0_0_10_14_16,-24.0,2,3,1,0,0,1,1,20,1,19,1.0,0.9778948410760774,0.10757807868146962,0.9823158728608619,0.28606246294517573,718,718,718,718,0.9995380185105024,0.12012704756268058
0_0_0_10_14_16,-24.0,2,4,1,0,1,16,18,5,18,6,0.6922755182798489,0.48343569765815386,0.7986100210112224,0.5252036617824929,0.7773431204649477,573,86,86,573,0.9995380185105024,0.12012704756268058
0_0_0_10_14_16,-24.0,2,5,0,,,,,,,,,,,,,,,,,,
0_0_0_10_14_16,-24.0,2,6,1,0,0,1,5,22,5,18,1.0,0.8154843320821314,0.0737600979174503,0.8523874656657051,0.2590080783339603,89,89,89,89,0.9995380185105024,0.12012704756268058
0_0_0_10_14_16,-24.0,2,7,1,0,1,2,4,20,4,16,0.9619368635520261,0.9087598778416243,0.16095779812285144,0.9193952749837047,0.32115361120868635,949,713,713,949,0.9995380185105024,0.12012704756268058
0_0_0_10_14_16,-24.0,2,8,1,0,0,1,18,5,14,1,1.0,0.10711071858685428,0.9215109544032802,0.28568857486948346,0.9372087635226243,865,865,865,865,0.9995380185105024,0.12012704756268058
0_0_0_10_14_16,-24.0,2,9,0,,,,,,,,,,,,,,,,,,
0_0_0_10_14_16,-24.0,2,10,1,0,0,1,2,24,1,22,1.0,0.9960428950112892,0.00026706776110307917,0.9968343160090314,0.20021365420888249,765,765,765,765,0.9995380185105024,0.12012704756268058
0_0_0_10_14_16,-24.0,2,11,1,0,1,9,18,9,17,9,0.7199775903736678,0.39168718833587585,0.5223759823996664,0.4573452687434343,0.5618963039944668,286,1023,1023,286,0.9995380185105024,0.12012704756268058
0_0_0_10_14_16,-24.0,2,12,1,1,1,23,19,5,19,5,0.6726465796098876,0.17996123344802978,0.9038392931050692,0.2784983026804013,0.857600750406033,677,597,240,677,0.9995380185105024,0.12012704756268058
0_0_0_10_14_16,-24.0,2,13,1,1,1,5,1,22,1,21,0.8966111633120357,0.9738202850375854,0.09360744352472772,0.9583784606924755,0.2542081874821893,944,562,279,944,0.9995380185105024,0.12012704756268058
0_0_0_10_14_16,-24.0,2,14,1,0,0,1,8,19,7,17,1.0,0.708276248316409,0.14895538994887864,0.7666209986531272,0.31916431195910294,478,478,478,478,0.9995380185105024,0.12012704756268058
0_0_0_10_14_16,-24.0,2,15,1,0,0,1,22,2,14,1,1.0,0.024144641506828435,0.9990758305274994,0.21931571320546275,0.9992606644219995,267,267,267,267,0.9995380185105024,0.12012704756268058
0_0_0_10_14_16,-24.0,2,16,1,1,1,10,8,15,8,15,0.7840033655274591,0.5894291115723589,0.6034511848127946,0.628343962363379,0.6395616209557275,568,917,568,568,0.9995380185105024,0.12012704756268058
0_0_0_10_14_16,-24.0,2,17,1,0,1,20,4,23,5,24,0.7409767608829537,0.9716006349601547,0.000900918395261352,0.9254758601447145,0.14891608689279984,213,656,656,213,0.9995380185105024,0.12012704756268058
0_0_0_10_14_16,-24.0,2,18,1,0,0,1,17,11,15,9,1.0,0.28784653330954946,0.5228240888111891,0.43027722664763957,0.6182592710489514,889,889,889,889,0.9995380185105024,0.12012704756268058
0_0_0_10_14_16,-24.0,2,19,0,,,,,,,,,,,,,,,,,,
0_0_0_10_14_16,-24.0,2,20,0,,,,,,,,,,,,,,,,,,
0_0_0_10_14_16,-24.0,2,21,1,0,0,1,11,15,11,14,1.0,0.8301384645763434,0.0743524205366286,0.8641107716610748,0.2594819364293029,553,553,553,553,0.9995380185105024,0.12012704756268058
0_0_0_10_14_16,-24.0,2,22,1,0,1,2,21,6,20,6,0.8844820350549575,0.14137825658994424,0.7668473901360544,0.2899990122829469,0.7903743191198351,11,629,629,11,0.9995380185105024,0.12012704756268058
0_0_0_10_14_16,-24.0,2,23,1,0,0,1,15,7,15,6,1.0,0.37150315344207985,0.7107220201363735,0.4972025227536639,0.7685776161090989,759,759,759,759,0.9995380185105024,0.12012704756268058
0_0_0_10_14_16,-24.0,2,24,1,0,0,1,2,22,1,21,1.0,0.9914804461318759,0.01999559319183375,0.9931843569055008,0.21599647455346702,874,874,874,874,0.9995380185105024,0.12012704756268058
0_0_0_10_14_16,-24.0,2,25,1,0,1,7,18,7,18,6,0.6831580487132202,0.44156871451418794,0.5543631042985675,0.48988658135399443,0.5801220931814981,721,720,720,721,0.9995380185105024,0.12012704756268058
0_0_0_10_14_16,-24.0,2,26,0,,,,,,,,,,,,,,,,,,
0_0_0_10_14_16,-24.0,2,27,1,0,0,1,17,10,16,9,1.0,0.2357489113197247,0.6676999309546633,0.38859912905577976,0.7341599447637306,602,602,602,602,0.9995380185105024,0.12012704756268058
0_0_0_10_14_16,-24.0,2,28,1,0,1,11,2,22,1,22,0.766678409364508,0.9972845986404937,0.014988389203340502,0.9511633607852966,0.16532639323557402,981,7,7,981,0.9995380185105024,0.12012704756268058
0_0_0_10_14_16,-24.0,2,29,1,0,0,1,7,15,3,12,1.0,0.862708329081151,0.3425204588538546,0.8901666632649208,0.4740163670830837,610,610,610,610,0.9995380185105024,0.12012704756268058
0_0_0_10_14_16,-24.0,2,30,0,,,,,,,,,,,,,,,,,,
0_0_0_10_14_16,-24.0,2,31,1,0,0,1,7,20,6,19,1.0,0.4819130982865924,0.23795604709006218,0.5855304786292739,0.39036483767204977,912,912,912,912,0.9995380185105024,0.12012704756268058
0_0_0_10_14_16,-24.0,2,32,1,0,0,1,1,17,1,15,1.0,0.9947070954292283,0.11946078141098793,0.9957656763433826,0.29556862512879034,768,768,768,768,0.9995380185105024,0.12012704756268058
0_0_0_10_14_16,-24.0,2,33,1,0,1,2,7,12,6,12,0.9963295617904199,0.8597448178772793,0.5477987793257911,0.8870617666599074,0.6375049358187169,890,581,581,890,0.9995380185105024,0.12012704756268058
0_0_0_10_14_16,-24.0,2,34,1,0,0,1,24,9,16,7,1.0,0.0008144135221282434,0.4122033868459402,0.2006515308177026,0.5297627094767522,93,93,93,93,0.9995380185105024,0.12012704756268058
0_0_0_10_14_16,-24.0,3,0,0,,,,,,,,,,,,,,,,,,
0_0_0_10_14_16,-24.0,3,1,0,,,,,,,,,,,,,,,,,,
0_0_0_10_14_16,-24.0,3,2,0,,,,,,,,,,,,,,,,,,
0_0_0_10_14_16,-24.0,3,3,1,0,1,17,19,3,19,3,0.6980392438656287,0.14144435525136773,0.9832015078504434,0.25276333297421993,0.9261690550534805,116,718,718,116,0.9993029294132528,0.1267639303088848
0_0_0_10_14_16,-24.0,3,4,0,,,,,,,,,,,,,,,,,,
0_0_0_10_14_16,-24.0,3,5,1,0,0,1,10,21,8,20,1.0,0.7242255097560965,0.08879634106112932,0.7793804078048772,0.2710370728489035,468,468,468,468,0.9993029294132528,0.1267639303088848
0_0_0_10_14_16,-24.0,3,6,1,0,0,1,7,17,6,16,1.0,0.8483686312381102,0.30007424219160533,0.8786949049904882,0.4400593937532843,89,89,89,89,0.9993029294132528,0.1267639303088848
0_0_0_10_14_16,-24.0,3,7,1,0,0,1,20,4,19,1,1.0,0.12519158523560941,0.9391856160662004,0.30015326818848753,0.9513484928529603,713,713,713,713,0.9993029294132528,0.1267639303088848
0_0_0_10_14_16,-24.0,3,8,1,1,1,5,14,11,14,10,0.8682026726685621,0.4466081416831648,0.5012081413080156,0.5309270478802444,0.5746070475801249,877,865,160,877,0.9993029294132528,0.1267639303088848
0_0_0_10_14_16,-24.0,3,9,1,1,1,8,11,14,11,14,0.7607960988376985,0.8279962997812191,0.17445106317593284,0.8145562595925151,0.29172007030828595,1001,492,868,1001,0.9993029294132528,0.1267639303088848
0_0_0_10_14_16,-24.0,3,10,1,0,1,2,12,15,10,14,0.8565970605989146,0.6287644511043308,0.3229953123255465,0.6743309730032476,0.42971566198022015,769,765,765,769,0.9993029294132528,0.1267639303088848
0_0_0_10_14_16,-24.0,3,11,0,,,,,,,,,,,,,,,,,,
0_0_0_10_14_16,-24.0,3,12,1,0,0,1,18,7,17,6,1.0,0.04018693125443096,0.894607410824283,0.2321495450035448,0.9156859286594263,597,597,597,597,0.9993029294132528,0.1267639303088848
0_0_0_10_14_16,-24.0,3,13,0,,,,,,,,,,,,,,,,,,
0_0_0_10_14_16,-24.0,3,14,1,1,1,6,8,18,7,19,0.8536854792767975,0.8121064523748077,0.06848472642522074,0.8204222577552058,0.2255248769955361,848,478,332,848,0.9993029294132528,0.1267639303088848
0_0_0_10_14_16,-24.0,3,15,1,1,1,3,19,9,19,8,0.8354997729509968,0.03195876399281872,0.8653991164560657,0.19266696578445433,0.859419247755052,144,267,144,144,0.9993029294132528,0.1267639303088848
0_0_0_10_14_16,-24.0,3,16,1,0,1,3,22,1,21,1,0.9405970701204224,0.10279372112959212,0.985446945397622,0.2703543909277582,0.9764769703421822,816,917,917,816,0.9993029294132528,0.1267639303088848
0_0_0_10_14_16,-24.0,3,17,1,1,1,10,10,10,10,10,0.8307877399083705,0.642570021896895,0.5628750332658236,0.6802135654991902,0.616457574594333,334,656,32,334,0.9993029294132528,0.1267639303088848
0_0_0_10_14_16,-24.0,3,18,1,0,0,1,2,24,1,17,1.0,0.9748210953936671,0.0022166004256714555,0.9798568763149338,0.20177328034053718,889,889,889,889,0.9993029294132528,0.1267639303088848
0_0_0_10_14_16,-24.0,3,19,1,0,0,1,8,20,5,18,1.0,0.7452084278698973,0.10503504679469178,0.7961667422959178,0.28402803743575344,510,510,510,510,0.9993029294132528,0.1267639303088848
0_0_0_10_14_16,-24.0,3,20,1,1,0,1,22,1,22,1,1.0,0.15331076418815937,0.951165902973135,0.3226486113505275,0.960932722378508,860,860,658,860,0.9993029294132528,0.1267639303088848
0_0_0_10_14_16,-24.0,3,21,1,1,1,10,19,5,17,5,0.8545691387188855,0.25346288519657795,0.8684833208350684,0.3736841359010395,0.8657004844118319,847,553,131,847,0.9993029294132528,0.1267639303088848
0_0_0_10_14_16,-24.0,3,22,0,,,,,,,,,,,,,,,,,,
0_0_0_10_14_16,-24.0,3,23,1,0,0,1,4,22,1,18,1.0,0.9451400545443683,0.020253407578091465,0.9561120436354946,0.21620272606247318,759,759,759,759,0.9993029294132528,0.1267639303088848
0_0_0_10_14_16,-24.0,3,24,1,1,1,4,19,7,18,7,0.9172557723395055,0.09502603207598437,0.8697252362486834,0.2594719801286886,0.879231343466848,370,874,18,370,0.9993029294132528,0.1267639303088848
0_0_0_10_14_16,-24.0,3,25,1,0,0,1,19,6,19,4,1.0,0.1858584472621464,0.8187513153766416,0.34868675780971714,0.8550010523013134,720,720,720,720,0.9993029294132528,0.1267639303088848
0_0_0_10_14_16,-24.0,3,26,1,0,0,1,9,18,7,16,1.0,0.5814424217408022,0.37097989813582927,0.6651539373926418,0.49678391850866344,314,314,314,314,0.9993029294132528,0.1267639303088848
0_0_0_10_14_16,-24.0,3,27,1,0,0,1,6,17,1,15,1.0,0.9449759376485141,0.11615552265426565,0.9559807501188113,0.2929244181234125,602,602,602,602,0.9993029294132528,0.1267639303088848
0_0_0_10_14_16,-24.0,3,28,1,1,1,3,3,21,3,18,0.8940458989072301,0.882933857835745,0.2550497825273785,0.885156266050042,0.3828490058033488,767,7,643,767,0.9993029294132528,0.1267639303088848
0_0_0_10_14_16,-24.0,3,29,1,0,0,1,19,2,18,1,1.0,0.10807669618200572,0.9935437193588404,0.2864613569456046,0.9948349754870724,610,610,610,610,0.9993029294132528,0.1267639303088848
0_0_0_10_14_16,-24.0,3,30,0,,,,,,,,,,,,,,,,,,
0_0_0_10_14_16,-24.0,3,31,1,1,1,22,8,19,8,19,0.7972605942118589,0.6157078565299433,0.11986753839537323,0.6520184040663265,0.2553461495586704,60,897,413,60,0.9993029294132528,0.1267639303088848
0_0_0_10_14_16,-24.0,3,32,1,0,0,1,5,22,1,19,1.0,0.9578571588361677,0.010580275270096695,0.9662857270689342,0.20846422021607736,740,740,740,740,0.9993029294132528,0.1267639303088848
0_0_0_10_14_16,-24.0,3,33,1,0,1,2,13,8,12,3,0.9407441157181003,0.4432076119617141,0.9413978921161863,0.5427149127129913,0.9412671368365693,789,590,590,789,0.9993029294132528,0.1267639303088848
0_0_0_10_14_16,-24.0,3,34,1,0,0,1,17,22,16,19,1.0,0.1550510648329647,0.08595750248861167,0.32404085186637177,0.26876600199088935,930,930,930,930,0.9993029294132528,0.1267639303088848
0_0_0_10_14_16,-24.0,5,0,0,,,,,,,,,,,,,,,,,,
0_0_0_10_14_16,-24.0,5,1,1,0,1,3,1,13,1,13,0.9577644607923762,0.999989720087049,0.4343571801457945,0.9915446682281145,0.539038636275111,827,826,826,827,0.9993232267115175,0.1348282904141673
0_0_0_10_14_16,-24.0,5,2,1,0,1,3,13,3,12,1,0.9264999490806144,0.2720488123057577,0.9746903848594863,0.4029390396607291,0.9650522977037119,111,871,871,111,0.9993232267115175,0.1348282904141673
0_0_0_10_14_16,-24.0,5,3,1,1,0,1,22,16,20,13,1.0,0.07698221055277432,0.4750587907938415,0.2615857684422195,0.5800470326350733,718,718,379,718,0.9993232267115175,0.1348282904141673
0_0_0_10_14_16,-24.0,5,4,1,0,1,2,8,21,8,20,0.8320948472861174,0.6775897365724999,0.06756025817202199,0.7084907587152234,0.22046717599484109,233,86,86,233,0.9993232267115175,0.1348282904141673
0_0_0_10_14_16,-24.0,5,5,1,1,1,19,7,14,7,14,0.7828282911471626,0.7989193193152411,0.44368570663894424,0.7957011136816254,0.511514223540588,186,468,890,186,0.9993232267115175,0.1348282904141673
0_0_0_10_14_16,-24.0,5,6,1,0,1,6,12,10,12,10,0.8520501271467491,0.3217234059903189,0.8373295276982368,0.427788750221605,0.8402736475879392,808,89,89,808,0.9993232267115175,0.1348282904141673
0_0_0_10_14_16,-24.0,5,7,1,0,1,4,16,10,16,10,0.9582726527963381,0.433202828566587,0.44719520646683414,0.5382167934125373,0.5494106957327349,979,713,713,979,0.9993232267115175,0.1348282904141673
0_0_0_10_14_16,-24.0,5,8,1,0,0,1,1,24,1,23,1.0,0.9974815353062139,5.061604464468017e-05,0.997985228244971,0.20004049283571576,865,865,865,865,0.9993232267115175,0.1348282904141673
0_0_0_10_14_16,-24.0,5,9,1,0,0,1,8,17,6,15,1.0,0.7710237666498518,0.22960334089314616,0.8168190133198816,0.38368267271451695,492,492,492,492,0.9993232267115175,0.1348282904141673
0_0_0_10_14_16,-24.0,5,10,1,1,1,7,24,1,24,1,0.7882025029496579,0.0008649408115767865,0.9940293618272412,0.158332453239193,0.9528639900517246,642,765,238,642,0.9993232267115175,0.1348282904141673
0_0_0_10_14_16,-24.0,5,11,1,0,0,1,20,4,16,4,1.0,0.24134468812106358,0.8349511334135199,0.3930757504968509,0.867960906730816,1023,1023,1023,1023,0.9993232267115175,0.1348282904141673
0_0_0_10_14_16,-24.0,5,12,1,0,1,2,2,24,1,21,0.982890439001361,0.9816361736575261,1.5593209644615413e-05,0.9818870267262931,0.1965905623679879,456,597,597,456,0.9993232267115175,0.1348282904141673
0_0_0_10_14_16,-24.0,5,13,1,0,0,1,14,13,11,11,1.0,0.35841240864312135,0.47816021947178156,0.4867299269144971,0.5825281755774252,562,562,562,562,0.9993232267115175,0.1348282904141673
0_0_0_10_14_16,-24.0,5,14,1,0,0,1,24,5,20,1,1.0,0.0025647288915832123,0.9429164028287227,0.20205178311326658,0.9543331222629783,478,478,478,478,0.9993232267115175,0.1348282904141673
0_0_0_10_14_16,-24.0,5,15,1,0,0,1,13,7,13,4,1.0,0.3466008034323965,0.8306160191977189,0.47728064274591725,0.8644928153581752,267,267,267,267,0.9993232267115175,0.1348282904141673
0_0_0_10_14_16,-24.0,5,16,1,0,1,20,5,18,5,18,0.7933503741124143,0.8746148261578015,0.30047987184640634,0.8583619357487241,0.39905397229960793,435,917,917,435,0.9993232267115175,0.1348282904141673
0_0_0_10_14_16,-24.0,5,17,0,,,,,,,,,,,,,,,,,,
0_0_0_10_14_16,-24.0,5,18,0,,,,,,,,,,,,,,,,,,
0_0_0_10_14_16,-24.0,5,19,1,0,0,1,16,7,14,5,1.0,0.3554195549860839,0.830111308162109,0.48433564398886714,0.8640890465296873,510,510,510,510,0.9993232267115175,0.1348282904141673
0_0_0_10_14_16,-24.0,5,20,0,,,,,,,,,,,,,,,,,,
0_0_0_10_14_16,-24.0,5,21,1,0,0,1,15,14,11,11,1.0,0.3236534137745926,0.5086738160564325,0.4589227310196741,0.6069390528451459,553,553,553,553,0.9993232267115175,0.1348282904141673
0_0_0_10_14_16,-24.0,5,22,1,0,0,1,22,5,17,1,1.0,0.025784185828585382,0.9129228607654278,0.22062734866286832,0.9303382886123424,629,629,629,629,0.9993232267115175,0.1348282904141673
0_0_0_10_14_16,-24.0,5,23,0,,,,,,,,,,,,,,,,,,
0_0_0_10_14_16,-24.0,5,24,1,0,0,1,1,23,1,20,1.0,0.9857610660493529,0.031987479396018204,0.9886088528394823,0.22558998351681459,874,874,874,874,0.9993232267115175,0.1348282904141673
0_0_0_10_14_16,-24.0,5,25,1,0,0,1,15,10,13,8,1.0,0.35235268349815146,0.6413292135322236,0.4818821467985212,0.713063370825779,720,720,720,720,0.9993232267115175,0.1348282904141673
0_0_0_10_14_16,-24.0,5,26,1,0,1,4,16,8,16,8,0.9208891842187944,0.3880650957103253,0.6608078135658503,0.4946299134120192,0.7128240876964391,27,314,314,27,0.9993232267115175,0.1348282904141673
0_0_0_10_14_16,-24.0,5,27,0,,,,,,,,,,,,,,,,,,
0_0_0_10_14_16,-24.0,5,28,1,0,1,4,6,21,6,20,0.9408826199032436,0.7978946618559013,0.07116439471122127,0.8264922534653698,0.24510803974962575,247,7,7,247,0.9993232267115175,0.1348282904141673
0_0_0_10_14_16,-24.0,5,29,0,,,,,,,,,,,,,,,,,,
0_0_0_10_14_16,-24.0,5,30,1,0,0,1,15,2,15,1,1.0,0.20225154284988855,0.9904225264893396,0.36180123427991084,0.9923380211914716,823,823,823,823,0.9993232267115175,0.1348282904141673
0_0_0_10_14_16,-24.0,5,31,1,1,1,2,22,8,19,5,0.9079265547207869,0.013323549366481391,0.7971312107566426,0.1922441504373425,0.8192902795494715,634,913,548,634,0.9993232267115175,0.1348282904141673
0_0_0_10_14_16,-24.0,5,32,1,0,1,2,19,12,18,12,0.9974840597038437,0.2202899913986281,0.4465947695084855,0.3757288050596712,0.5567726275475571,162,741,741,162,0.9993232267115175,0.1348282904141673
0_0_0_10_14_16,-24.0,5,33,0,,,,,,,,,,,,,,,,,,
0_0_0_10_14_16,-24.0,5,34,1,0,0,1,3,16,2,16,1.0,0.6735518698582673,0.03837143390530301,0.7388414958866139,0.2306971471242424,91,91,91,91,0.9993232267115175,0.1348282904141673
0_0_0_10_14_16,-24.0,6,0,1,0,0,1,7,8,1,5,1.0,0.9522511415063957,0.7752937641374944,0.9618009132051166,0.8202350113099957,803,803,803,803,0.999375223348867,0.14092329519974578
0_0_0_10_14_16,-24.0,6,1,1,1,0,1,19,20,17,18,1.0,0.30953346835482864,0.05033462392423099,0.4476267746838629,0.2402676991393848,826,826,714,826,0.999375223348867,0.14092329519974578
0_0_0_10_14_16,-24.0,6,2,1,0,0,1,13,22,11,21,1.0,0.15616518147912062,0.17220855312593525,0.3249321451832965,0.3377668425007482,871,871,871,871,0.999375223348867,0.14092329519974578
0_0_0_10_14_16,-24.0,6,3,1,0,0,1,8,22,4,18,1.0,0.8491162052934131,0.023614442662852064,0.8792929642347305,0.21889155413028166,718,718,718,718,0.999375223348867,0.14092329519974578
0_0_0_10_14_16,-24.0,6,4,1,0,0,1,3,15,1,12,1.0,0.9336141516211318,0.3371372195741908,0.9468913212969055,0.4697097756593527,107,107,107,107,0.999375223348867,0.14092329519974578
0_0_0_10_14_16,-24.0,6,5,1,0,0,1,20,2,20,1,1.0,0.023266477872776747,0.9846424354668843,0.2186131822982214,0.9877139483735076,468,468,468,468,0.999375223348867,0.14092329519974578
0_0_0_10_14_16,-24.0,6,6,0,,,,,,,,,,,,,,,,,,
0_0_0_10_14_16,-24.0,6,7,1,0,1,3,3,24,1,19,0.8535441946710353,0.9945783238074264,0.0025877986185761093,0.9663714979801482,0.17277907782906796,630,713,713,630,0.999375223348867,0.14092329519974578
0_0_0_10_14_16,-24.0,6,8,1,0,1,13,18,6,18,7,0.8480022982846275,0.2508719637837878,0.7984295564613932,0.3702980306839557,0.8083441048260401,258,865,865,258,0.999375223348867,0.14092329519974578
0_0_0_10_14_16,-24.0,6,9,1,0,0,1,20,5,19,1,1.0,0.06900175565650901,0.9311593531128941,0.25520140452520723,0.9449274824903153,492,492,492,492,0.999375223348867,0.14092329519974578
0_0_0_10_14_16,-24.0,6,10,1,0,1,5,4,20,4,20,0.829267562653644,0.9387221557589631,0.08797956271712498,0.9168312371378993,0.2362371627044288,356,765,765,356,0.999375223348867,0.14092329519974578
0_0_0_10_14_16,-24.0,6,11,1,0,0,1,8,18,8,16,1.0,0.8035812376551077,0.12560059859335304,0.8428649901240861,0.30048047887468243,1023,1023,1023,1023,0.999375223348867,0.14092329519974578
0_0_0_10_14_16,-24.0,6,12,1,1,1,15,19,9,19,10,0.7494842430887731,0.07729364191013965,0.8343196573131411,0.21173176214586636,0.8173525744682676,296,597,784,296,0.999375223348867,0.14092329519974578
0_0_0_10_14_16,-24.0,6,13,1,1,0,1,20,3,18,1,1.0,0.16601179726398912,0.9407615340802337,0.3328094378111913,0.9526092272641871,562,562,279,562,0.999375223348867,0.14092329519974578
0_0_0_10_14_16,-24.0,6,14,1,0,1,3,2,23,1,22,0.9479130614103224,0.9980483780599265,0.05843441796597726,0.9880213147300058,0.2363301466548463,187,478,478,187,0.999375223348867,0.14092329519974578
0_0_0_10_14_16,-24.0,6,15,0,,,,,,,,,,,,,,,,,,
0_0_0_10_14_16,-24.0,6,16,1,0,0,1,24,1,21,1,1.0,0.0007387202575993568,0.9594280969291914,0.2005909762060795,0.9675424775433532,917,917,917,917,0.999375223348867,0.14092329519974578
0_0_0_10_14_16,-24.0,6,17,1,0,0,1,7,15,6,15,1.0,0.8723663654640661,0.31759204259379864,0.8978930923712529,0.4540736340750389,656,656,656,656,0.999375223348867,0.14092329519974578
0_0_0_10_14_16,-24.0,6,18,1,0,1,2,8,24,4,22,0.871149322710679,0.9188351122028962,0.003245952897932558,0.9092979543044528,0.17682662686048187,631,889,889,631,0.999375223348867,0.14092329519974578
0_0_0_10_14_16,-24.0,6,19,1,0,0,1,18,9,17,9,1.0,0.2521115907519247,0.5375636829214956,0.40168927260153975,0.6300509463371965,510,510,510,510,0.999375223348867,0.14092329519974578
0_0_0_10_14_16,-24.0,6,20,1,0,1,2,21,2,18,1,0.9939093929413957,0.11381798138953564,0.9803848703216762,0.28983626369990767,0.9830897748456201,496,860,860,496,0.999375223348867,0.14092329519974578
0_0_0_10_14_16,-24.0,6,21,1,0,1,2,13,10,11,9,0.9948305778885641,0.6625797732759625,0.5139710008702993,0.7290299341984828,0.6101429162739523,675,553,553,675,0.999375223348867,0.14092329519974578
0_0_0_10_14_16,-24.0,6,22,1,0,0,1,4,23,1,21,1.0,0.9756184415043925,0.00012055568704044672,0.980494753203514,0.20009644454963238,629,629,629,629,0.999375223348867,0.14092329519974578
0_0_0_10_14_16,-24.0,6,23,0,,,,,,,,,,,,,,,,,,
0_0_0_10_14_16,-24.0,6,24,0,,,,,,,,,,,,,,,,,,
0_0_0_10_14_16,-24.0,6,25,1,1,1,6,12,13,11,13,0.821571035762178,0.7478610281358072,0.25515685989800757,0.7626030296610814,0.3684396950708417,721,720,729,721,0.999375223348867,0.14092329519974578
0_0_0_10_14_16,-24.0,6,26,1,1,1,4,5,18,4,18,0.8631840734124723,0.9126110163344179,0.12216634852098152,0.9027256277500288,0.2703698934992797,168,314,414,168,0.999375223348867,0.14092329519974578
0_0_0_10_14_16,-24.0,6,27,1,0,1,7,22,1,23,2,0.7419752342958377,0.004971851303842145,0.9968512766710309,0.15237252790224126,0.9458760681959923,575,602,602,575,0.999375223348867,0.14092329519974578
0_0_0_10_14_16,-24.0,6,28,1,0,1,4,20,9,16,9,0.8925958363656922,0.2643775693880044,0.5438329372617241,0.39002122278354195,0.6135855170825177,628,7,7,628,0.999375223348867,0.14092329519974578
0_0_0_10_14_16,-24.0,6,29,1,0,1,15,1,24,1,23,0.715357951128989,0.8171428031516688,0.02434937635096318,0.7967858327471329,0.16255109130656836,907,610,610,907,0.999375223348867,0.14092329519974578
0_0_0_10_14_16,-24.0,6,30,1,0,0,1,13,5,11,3,1.0,0.4490142074074477,0.8759597447125411,0.5592113659259581,0.9007677957700329,791,791,791,791,0.999375223348867,0.14092329519974578
0_0_0_10_14_16,-24.0,6,31,0,,,,,,,,,,,,,,,,,,
0_0_0_10_14_16,-24.0,6,32,0,,,,,,,,,,,,,,,,,,
0_0_0_10_14_16,-24.0,6,33,1,0,0,1,12,24,8,19,1.0,0.6274662369305599,0.013708720695944976,0.701972989544448,0.210966976556756,584,584,584,584,0.999375223348867,0.14092329519974578
0_0_0_10_14_16,-24.0,6,34,1,1,1,15,8,17,8,17,0.5978708637831603,0.9000014707376582,0.21852214830692068,0.8395753493467587,0.2943918914021686,372,932,777,372,0.999375223348867,0.14092329519974578
0_0_0_10_14_16,-24.0,8,0,1,0,1,15,23,14,23,14,0.7771185217626723,0.007751076153237613,0.4934893988841766,0.16162456527512456,0.5502152234598757,364,803,803,364,0.9996001499352228,0.1390416353093804
0_0_0_10_14_16,-24.0,8,1,1,1,0,1,1,18,1,18,1.0,0.9990322993002612,0.4193535728267351,0.9992258394402089,0.5354828582613881,711,711,49,711,0.9996001499352228,0.1390416353093804
0_0_0_10_14_16,-24.0,8,2,1,0,0,1,13,2,10,1,1.0,0.3596905270977375,0.9935890480231673,0.48775242167819005,0.9948712384185339,922,922,922,922,0.9996001499352228,0.1390416353093804
0_0_0_10_14_16,-24.0,8,3,1,0,0,1,16,15,15,11,1.0,0.272704564184304,0.21314311072251396,0.4181636513474432,0.37051448857801117,691,691,691,691,0.9996001499352228,0.1390416353093804
0_0_0_10_14_16,-24.0,8,4,1,0,1,2,4,16,4,16,0.7685340207560272,0.9415162247126891,0.31210114817146106,0.9069197839213567,0.4033877226883743,467,86,86,467,0.9996001499352228,0.1390416353093804
0_0_0_10_14_16,-24.0,8,5,1,0,0,1,22,5,16,1,1.0,0.0069250634578092995,0.9652751471052178,0.20554005076624746,0.9722201176841743,468,468,468,468,0.9996001499352228,0.1390416353093804
0_0_0_10_14_16,-24.0,8,6,1,0,0,1,8,18,8,16,1.0,0.7617827179308382,0.09706665300609613,0.8094261743446707,0.27765332240487695,89,89,89,89,0.9996001499352228,0.1390416353093804
0_0_0_10_14_16,-24.0,8,7,1,0,1,4,11,12,9,11,0.9087536318005589,0.8108833380207775,0.2952175895845392,0.8304573967767338,0.4179247980277432,594,713,713,594,0.9996001499352228,0.1390416353093804
0_0_0_10_14_16,-24.0,8,8,1,0,0,1,23,2,21,1,1.0,0.03657904238810261,0.9378605361598044,0.2292632339104821,0.9502884289278435,865,865,865,865,0.9996001499352228,0.1390416353093804
0_0_0_10_14_16,-24.0,8,9,1,0,0,1,9,16,6,16,1.0,0.672866111016254,0.3277927960999846,0.7382928888130034,0.46223423687998766,492,492,492,492,0.9996001499352228,0.1390416353093804
0_0_0_10_14_16,-24.0,8,10,1,0,0,1,7,19,6,19,1.0,0.6060472403992854,0.3449976063472094,0.6848377923194283,0.47599808507776753,765,765,765,765,0.9996001499352228,0.1390416353093804
0_0_0_10_14_16,-24.0,8,11,1,0,0,1,18,7,16,1,1.0,0.13057754419198314,0.9279151085205087,0.3044620353535865,0.9423320868164071,1023,1023,1023,1023,0.9996001499352228,0.1390416353093804
0_0_0_10_14_16,-24.0,8,12,0,,,,,,,,,,,,,,,,,,
0_0_0_10_14_16,-24.0,8,13,1,0,0,1,18,11,13,9,1.0,0.09319574414005383,0.7870044565003913,0.2745565953120431,0.8296035652003131,562,562,562,562,0.9996001499352228,0.1390416353093804
0_0_0_10_14_16,-24.0,8,14,1,0,0,1,9,11,6,11,1.0,0.724270894125921,0.46355202202336854,0.779416715300737,0.5708416176186948,478,478,478,478,0.9996001499352228,0.1390416353093804
0_0_0_10_14_16,-24.0,8,15,1,0,0,1,3,23,1,23,1.0,0.9086640231559704,0.009032864548087827,0.9269312185247764,0.20722629163847028,267,267,267,267,0.9996001499352228,0.1390416353093804
0_0_0_10_14_16,-24.0,8,16,1,0,0,1,23,3,20,3,1.0,0.01857349833937233,0.8750724697623949,0.21485879867149787,0.9000579758099161,917,917,917,917,0.9996001499352228,0.1390416353093804
0_0_0_10_14_16,-24.0,8,17,1,0,0,1,10,11,10,10,1.0,0.5550121565379676,0.6690994346003662,0.6440097252303741,0.7352795476802931,656,656,656,656,0.9996001499352228,0.1390416353093804
0_0_0_10_14_16,-24.0,8,18,1,0,0,1,11,16,10,14,1.0,0.6339702025110981,0.1683603785964244,0.7071761620088786,0.3346883028771395,889,889,889,889,0.9996001499352228,0.1390416353093804
0_0_0_10_14_16,-24.0,8,19,1,1,1,8,21,6,21,4,0.8048084853923354,0.007101301506884372,0.9100855971528636,0.16664273828397458,0.8890301748007581,202,510,225,202,0.9996001499352228,0.1390416353093804
0_0_0_10_14_16,-24.0,8,20,0,,,,,,,,,,,,,,,,,,
0_0_0_10_14_16,-24.0,8,21,0,,,,,,,,,,,,,,,,,,
0_0_0_10_14_16,-24.0,8,22,1,0,0,1,24,2,21,1,1.0,0.00031374770460707024,0.9843718598825124,0.20025099816368566,0.9874974879060099,629,629,629,629,0.9996001499352228,0.1390416353093804
0_0_0_10_14_16,-24.0,8,23,1,1,1,3,14,8,11,8,0.907615097070421,0.6488646542643058,0.4548521184161057,0.7006147428255289,0.5454047141469688,389,759,389,389,0.9996001499352228,0.1390416353093804
0_0_0_10_14_16,-24.0,8,24,1,0,0,1,3,22,1,21,1.0,0.9052549121924396,0.062371424019222466,0.9242039297539517,0.24989713921537798,874,874,874,874,0.9996001499352228,0.1390416353093804
0_0_0_10_14_16,-24.0,8,25,1,0,0,1,24,1,20,1,1.0,5.533021646997316e-05,0.99999843592523,0.200044264173176,0.999998748740184,720,720,720,720,0.9996001499352228,0.1390416353093804
0_0_0_10_14_16,-24.0,8,26,0,,,,,,,,,,,,,,,,,,
0_0_0_10_14_16,-24.0,8,27,0,,,,,,,,,,,,,,,,,,
0_0_0_10_14_16,-24.0,8,28,1,1,1,16,22,4,24,4,0.7290107302382256,0.0055295652596908385,0.927518951735625,0.1502257982553978,0.8878173074361453,393,7,31,393,0.9996001499352228,0.1390416353093804
0_0_0_10_14_16,-24.0,8,29,1,0,1,4,3,24,3,22,0.8967774525925047,0.9261674506699891,7.745479151827217e-05,0.9202894510544922,0.17941745435171558,946,610,610,946,0.9996001499352228,0.1390416353093804
0_0_0_10_14_16,-24.0,8,30,1,0,0,1,2,18,1,17,1.0,0.9949371403841227,0.18492287356422227,0.9959497123072982,0.34793829885137784,775,775,775,775,0.9996001499352228,0.1390416353093804
0_0_0_10_14_16,-24.0,8,31,1,0,0,1,23,7,21,3,1.0,0.021068741217163567,0.9562695622592581,0.21685499297373087,0.9650156498074065,920,920,920,920,0.9996001499352228,0.1390416353093804
0_0_0_10_14_16,-24.0,8,32,1,1,1,7,9,19,9,18,0.7214660974770702,0.6069209774497675,0.09792420963129878,0.629830001455228,0.22263258720045306,583,753,583,583,0.9996001499352228,0.1390416353093804
0_0_0_10_14_16,-24.0,8,33,1,1,1,15,12,8,12,8,0.4740930039632875,0.6527285222689011,0.8485799161826906,0.6170014186077784,0.77368253373881,548,586,972,548,0.9996001499352228,0.1390416353093804
0_0_0_10_14_16,-24.0,8,34,1,0,0,1,23,9,20,4,1.0,0.029855320899900506,0.6512426768930056,0.2238842567199204,0.7209941415144046,91,91,91,91,0.9996001499352228,0.1390416353093804
0_0_0_10_14_16,-24.0,9,0,1,0,0,1,8,7,4,1,1.0,0.8499341512022366,0.9080766679716309,0.8799473209617894,0.9264613343773047,222,222,222,222,0.9996667624003006,0.1397757614496968
0_0_0_10_14_16,-24.0,9,1,1,0,0,1,16,3,12,1,1.0,0.3394942070383251,0.9853103072433772,0.4715953656306601,0.9882482457947017,826,826,826,826,0.9996667624003006,0.1397757614496968
0_0_0_10_14_16,-24.0,9,2,1,0,1,5,10,23,9,23,0.7890395938268729,0.561506777948117,3.3149431569956533e-05,0.6070133411238682,0.15783443831063054,520,922,922,520,0.9996667624003006,0.1397757614496968
0_0_0_10_14_16,-24.0,9,3,1,1,1,17,4,11,4,11,0.6181730523430966,0.9680064387265265,0.4409025132859266,0.8980397614498405,0.47635662109736066,827,691,827,827,0.9996667624003006,0.1397757614496968
0_0_0_10_14_16,-24.0,9,4,1,0,0,1,19,11,16,11,1.0,0.15031298246325575,0.5339288680378899,0.3202503859706046,0.6271430944303119,86,86,86,86,0.9996667624003006,0.1397757614496968
0_0_0_10_14_16,-24.0,9,5,1,1,1,12,3,20,4,20,0.8345148280728791,0.9653054290081011,0.007032484770991887,0.9391473088210568,0.17252895343136937,82,468,237,82,0.9996667624003006,0.1397757614496968
0_0_0_10_14_16,-24.0,9,6,1,0,0,1,22,1,19,1,1.0,0.019685139675464758,0.9971300460899647,0.2157481117403718,0.9977040368719718,89,89,89,89,0.9996667624003006,0.1397757614496968
0_0_0_10_14_16,-24.0,9,7,1,0,0,1,8,19,5,16,1.0,0.6957470322892956,0.19869214444980365,0.7565976258314364,0.35895371555984296,713,713,713,713,0.9996667624003006,0.1397757614496968
0_0_0_10_14_16,-24.0,9,8,1,0,0,1,17,6,16,3,1.0,0.29282862522325576,0.7588548511940898,0.43426290017860464,0.8070838809552718,865,865,865,865,0.9996667624003006,0.1397757614496968
0_0_0_10_14_16,-24.0,9,9,1,0,1,4,18,7,17,7,0.8773027512118723,0.10814104195492291,0.8925123334007641,0.2619733838063128,0.8894704169629858,133,492,492,133,0.9996667624003006,0.1397757614496968
0_0_0_10_14_16,-24.0,9,10,1,1,1,23,4,21,5,21,0.5940167561285798,0.977997445545057,0.04005754253659044,0.9012013076617615,0.15084938525498834,764,765,537,764,0.9996667624003006,0.1397757614496968
0_0_0_10_14_16,-24.0,9,11,1,1,1,19,20,1,22,2,0.635727877146984,0.019880318335535052,0.9981343460989336,0.14304983009782485,0.9256530523085438,67,1023,353,67,0.9996667624003006,0.1397757614496968
0_0_0_10_14_16,-24.0,9,12,1,1,1,3,7,16,8,16,0.8935033329061665,0.7349844245949706,0.3935529612750545,0.7666882062572098,0.49354303560127694,599,597,599,599,0.9996667624003006,0.1397757614496968
0_0_0_10_14_16,-24.0,9,13,1,0,0,1,13,14,11,12,1.0,0.37215147664855264,0.4599377585146331,0.49772118131884213,0.5679502068117065,562,562,562,562,0.9996667624003006,0.1397757614496968
0_0_0_10_14_16,-24.0,9,14,1,0,0,1,11,11,11,7,1.0,0.44120426267604784,0.742267893672617,0.5529634101408383,0.7938143149380936,478,478,478,478,0.9996667624003006,0.1397757614496968
0_0_0_10_14_16,-24.0,9,15,0,,,,,,,,,,,,,,,,,,
0_0_0_10_14_16,-24.0,9,16,1,0,0,1,19,9,17,7,1.0,0.09305809429602019,0.7432575112802338,0.27444647543681616,0.7946060090241871,917,917,917,917,0.9996667624003006,0.1397757614496968
0_0_0_10_14_16,-24.0,9,17,1,0,0,1,9,10,8,8,1.0,0.7066683480297464,0.5128777103673501,0.7653346784237971,0.6103021682938801,656,656,656,656,0.9996667624003006,0.1397757614496968
0_0_0_10_14_16,-24.0,9,18,0,,,,,,,,,,,,,,,,,,
0_0_0_10_14_16,-24.0,9,19,0,,,,,,,,,,,,,,,,,,
0_0_0_10_14_16,-24.0,9,20,0,,,,,,,,,,,,,,,,,,
0_0_0_10_14_16,-24.0,9,21,1,0,0,1,24,4,23,4,1.0,0.08276718603577965,0.7965526852678766,0.26621374882862375,0.8372421482143013,553,553,553,553,0.9996667624003006,0.1397757614496968
0_0_0_10_14_16,-24.0,9,22,0,,,,,,,,,,,,,,,,,,
0_0_0_10_14_16,-24.0,9,23,1,0,0,1,13,13,11,13,1.0,0.6303837742807301,0.26893126895139097,0.7043070194245842,0.4151450151611128,759,759,759,759,0.9996667624003006,0.1397757614496968
0_0_0_10_14_16,-24.0,9,24,1,1,1,12,19,6,19,6,0.8004762035539905,0.09830716106879683,0.8616162256879225,0.23874096956583557,0.8493882212611361,491,874,129,491,0.9996667624003006,0.1397757614496968
0_0_0_10_14_16,-24.0,9,25,1,0,0,1,10,15,7,14,1.0,0.8427743849687821,0.16395899313502804,0.8742195079750257,0.33116719450802246,720,720,720,720,0.9996667624003006,0.1397757614496968
0_0_0_10_14_16,-24.0,9,26,0,,,,,,,,,,,,,,,,,,
0_0_0_10_14_16,-24.0,9,27,1,0,0,1,18,8,17,6,1.0,0.3039536034379269,0.5785261515389971,0.44316288275034155,0.6628209212311977,602,602,602,602,0.9996667624003006,0.1397757614496968
0_0_0_10_14_16,-24.0,9,28,0,,,,,,,,,,,,,,,,,,
0_0_0_10_14_16,-24.0,9,29,1,1,1,22,24,5,24,7,0.7563188966906981,0.0005438827212229658,0.9098732748261296,0.15169888551511798,0.8791623991990433,749,610,176,749,0.9996667624003006,0.1397757614496968
0_0_0_10_14_16,-24.0,9,30,1,0,0,1,18,15,14,13,1.0,0.19684240733278502,0.4512077344867516,0.35747392586622806,0.5609661875894013,794,794,794,794,0.9996667624003006,0.1397757614496968
0_0_0_10_14_16,-24.0,9,31,1,0,0,1,3,21,1,20,1.0,0.9980167778526117,0.15153602751765488,0.9984134222820893,0.32122882201412395,905,905,905,905,0.9996667624003006,0.1397757614496968
0_0_0_10_14_16,-24.0,9,32,0,,,,,,,,,,,,,,,,,,
0_0_0_10_14_16,-24.0,9,33,0,,,,,,,,,,,,,,,,,,
0_0_0_10_14_16,-24.0,9,34,1,1,1,3,13,23,12,23,0.7710796553685815,0.6496775018953249,0.028931778327706548,0.6739579325899763,0.17736135373588155,196,89,196,196,0.9996667624003006,0.1397757614496968
0_0_0_10_14_16,-24.0,10,0,1,0,1,6,20,23,18,22,0.8939142584737024,0.03309947139239183,0.003169296170899727,0.20526242880865397,0.1813182886314603,378,803,803,378,4.165900716723847e-06,3.818918451351748
0_0_0_10_14_16,-24.0,10,1,1,0,1,2,22,20,18,18,0.9869679746974533,0.002455471162148115,0.01981498990665248,0.19935797186920917,0.21324558686481268,171,826,826,171,4.165900716723847e-06,3.818918451351748
0_0_0_10_14_16,-24.0,10,2,1,0,0,1,23,2,20,1,1.0,0.007443764233916406,0.9997056859039652,0.20595501138713312,0.9997645487231723,922,922,922,922,4.165900716723847e-06,3.818918451351748
0_0_0_10_14_16,-24.0,10,3,0,,,,,,,,,,,,,,,,,,
0_0_0_10_14_16,-24.0,10,4,1,1,1,2,16,13,15,11,0.919634223982029,0.30286342472986527,0.23789595928483054,0.426217584580298,0.3742436122242703,512,107,512,512,4.165900716723847e-06,3.818918451351748
0_0_0_10_14_16,-24.0,10,5,0,,,,,,,,,,,,,,,,,,
0_0_0_10_14_16,-24.0,10,6,1,0,1,3,18,13,17,13,0.7316548041750587,0.07361302475209847,0.3771631127992976,0.20522138063669051,0.44806145107444983,823,89,89,823,4.165900716723847e-06,3.818918451351748
0_0_0_10_14_16,-24.0,10,7,1,0,1,5,19,8,18,5,0.8884093119357815,0.1654835518169671,0.8121232354125865,0.31006870384073004,0.8273804507172255,735,713,713,735,4.165900716723847e-06,3.818918451351748
0_0_0_10_14_16,-24.0,10,8,0,,,,,,,,,,,,,,,,,,
0_0_0_10_14_16,-24.0,10,9,0,,,,,,,,,,,,,,,,,,
0_0_0_10_14_16,-24.0,10,10,1,0,1,2,7,22,7,21,0.8416033356445284,0.7182233316387822,0.09431115007129437,0.7428993324399314,0.24376958718594122,1001,765,765,1001,4.165900716723847e-06,3.818918451351748
0_0_0_10_14_16,-24.0,10,11,1,0,0,1,10,7,9,3,1.0,0.6578542576622157,0.9171254242397504,0.7262834061297727,0.9337003393918004,1023,1023,1023,1023,4.165900716723847e-06,3.818918451351748
0_0_0_10_14_16,-24.0,10,12,0,,,,,,,,,,,,,,,,,,
0_0_0_10_14_16,-24.0,10,13,1,0,1,2,2,24,1,20,0.9512162920083987,0.9718933616514434,0.0008043465226016955,0.9677579477228345,0.19088673561976113,841,562,562,841,4.165900716723847e-06,3.818918451351748
0_0_0_10_14_16,-24.0,10,14,1,0,0,1,3,5,1,4,1.0,0.9415503516619013,0.8736908733383096,0.9532402813295211,0.8989526986706478,478,478,478,478,4.165900716723847e-06,3.818918451351748
0_0_0_10_14_16,-24.0,10,15,1,0,1,5,5,1,3,2,0.8920088330851432,0.9682462466880697,0.9998015560805235,0.9529987639674845,0.9782430114814474,747,267,267,747,4.165900716723847e-06,3.818918451351748
0_0_0_10_14_16,-24.0,10,16,1,1,1,17,6,23,6,24,0.6429350799361893,0.8510217883164414,0.022987848695982138,0.809404446640391,0.14697729494402356,426,917,574,426,4.165900716723847e-06,3.818918451351748
0_0_0_10_14_16,-24.0,10,17,1,0,0,1,12,5,7,1,1.0,0.6195256904327393,0.9258763093937777,0.6956205523461915,0.9407010475150221,656,656,656,656,4.165900716723847e-06,3.818918451351748
0_0_0_10_14_16,-24.0,10,18,1,0,0,1,17,23,14,19,1.0,0.45707227285172347,0.013868867842996901,0.5656578182813787,0.21109509427439754,889,889,889,889,4.165900716723847e-06,3.818918451351748
0_0_0_10_14_16,-24.0,10,19,0,,,,,,,,,,,,,,,,,,
0_0_0_10_14_16,-24.0,10,20,1,0,0,1,16,23,13,20,1.0,0.2797489940336503,0.0005662000785600085,0.4237991952269202,0.20045296006284802,860,860,860,860,4.165900716723847e-06,3.818918451351748
0_0_0_10_14_16,-24.0,10,21,1,0,0,1,22,4,20,1,1.0,0.011178117392776132,0.9309400815776064,0.20894249391422093,0.9447520652620851,553,553,553,553,4.165900716723847e-06,3.818918451351748
0_0_0_10_14_16,-24.0,10,22,1,0,0,1,17,23,16,16,1.0,0.11431087185970751,0.005768119795532378,0.29144869748776603,0.2046144958364259,629,629,629,629,4.165900716723847e-06,3.818918451351748
0_0_0_10_14_16,-24.0,10,23,1,0,1,5,16,6,16,5,0.824547623296439,0.13097927002625698,0.893965322282943,0.2696929406802934,0.8800817824856422,43,759,759,43,4.165900716723847e-06,3.818918451351748
0_0_0_10_14_16,-24.0,10,24,1,0,0,1,10,24,9,19,1.0,0.3688247996877585,0.01008405407880636,0.49505983975020684,0.2080672432630451,874,874,874,874,4.165900716723847e-06,3.818918451351748
0_0_0_10_14_16,-24.0,10,25,1,0,0,1,16,2,16,1,1.0,0.43047258475217376,0.9902397628240047,0.544378067801739,0.9921918102592038,720,720,720,720,4.165900716723847e-06,3.818918451351748
0_0_0_10_14_16,-24.0,10,26,1,0,1,10,9,24,9,24,0.6943571346170706,0.7991522557137584,0.049687968433773044,0.7781932314944209,0.17862180167043257,532,314,314,532,4.165900716723847e-06,3.818918451351748
0_0_0_10_14_16,-24.0,10,27,1,0,1,5,3,8,3,9,0.829519676087823,0.9339124806120813,0.8797633956995674,0.9130339197072297,0.8697146517772186,57,602,602,57,4.165900716723847e-06,3.818918451351748
0_0_0_10_14_16,-24.0,10,28,1,0,0,1,2,16,1,15,1.0,0.98153821099935,0.3854006628205332,0.98523056879948,0.5083205302564267,7,7,7,7,4.165900716723847e-06,3.818918451351748
0_0_0_10_14_16,-24.0,10,29,1,0,0,1,11,16,9,15,1.0,0.5206317175900815,0.12500962771382834,0.6165053740720652,0.3000077021710627,610,610,610,610,4.165900716723847e-06,3.818918451351748
0_0_0_10_14_16,-24.0,10,30,1,1,1,4,12,7,12,8,0.8788351930621932,0.4993321248495504,0.8198760929876137,0.575232738492079,0.8316679130025295,575,826,258,575,4.165900716723847e-06,3.818918451351748
0_0_0_10_14_16,-24.0,10,31,1,0,1,6,15,16,15,16,0.7023232395372024,0.237835348881466,0.1307823259185783,0.3307329270126133,0.24509050864230314,903,904,904,903,4.165900716723847e-06,3.818918451351748
0_0_0_10_14_16,-24.0,10,32,1,0,0,1,18,7,18,6,1.0,0.29959517499474947,0.6404447353448388,0.4396761399957996,0.7123557882758711,760,760,760,760,4.165900716723847e-06,3.818918451351748
0_0_0_10_14_16,-24.0,10,33,1,0,0,1,22,23,21,21,1.0,0.05430089099441021,0.0190050790881533,0.24344071279552817,0.21520406327052266,577,577,577,577,4.165900716723847e-06,3.818918451351748
0_0_0_10_14_16,-24.0,10,34,1,0,1,17,20,20,20,20,0.810435804272171,0.08479138820314308,0.05043538326922309,0.22992027141694865,0.20243546746981267,336,930,930,336,4.165900716723847e-06,3.818918451351748
0_0_0_10_14_16,-24.0,11,0,1,0,0,1,4,17,1,17,1.0,0.9362371045872315,0.24243851337021877,0.9489896836697853,0.39395081069617505,222,222,222,222,0.4418793429212805,0.39745775789495746
0_0_0_10_14_16,-24.0,11,1,1,0,0,1,18,21,17,20,1.0,0.21498886700003556,0.07687810065093109,0.37199109360002847,0.2615024805207449,711,711,711,711,0.4418793429212805,0.39745775789495746
0_0_0_10_14_16,-24.0,11,2,1,0,1,2,22,14,20,12,0.9819123712307491,0.00313375739333982,0.271606326111745,0.1988894801608217,0.4136675351355459,428,871,871,428,0.4418793429212805,0.39745775789495746
0_0_0_10_14_16,-24.0,11,3,1,0,1,3,16,19,16,18,0.8831882755769456,0.3123454697940943,0.197312505478613,0.42651403095066454,0.3344876594982795,44,691,691,44,0.4418793429212805,0.39745775789495746
0_0_0_10_14_16,-24.0,11,4,1,0,0,1,13,12,10,12,1.0,0.254919113061582,0.668814611971678,0.4039352904492656,0.7350516895773425,86,86,86,86,0.4418793429212805,0.39745775789495746
0_0_0_10_14_16,-24.0,11,5,1,1,1,5,2,3,2,3,0.9250159846142695,0.9983647558359836,0.9566362180054884,0.9836950015916409,0.9503121713272447,309,468,260,309,0.4418793429212805,0.39745775789495746
0_0_0_10_14_16,-24.0,11,6,1,0,1,2,20,5,20,3,0.9982119634987583,0.22455547626488487,0.9037822531544073,0.3792867737116596,0.9226681952232776,373,89,89,373,0.4418793429212805,0.39745775789495746
0_0_0_10_14_16,-24.0,11,7,1,1,1,21,11,1,11,3,0.6216810988155346,0.6558757134811053,0.9997858926952201,0.6490367905479912,0.9241649339192831,707,713,707,707,0.4418793429212805,0.39745775789495746
0_0_0_10_14_16,-24.0,11,8,1,1,1,4,15,3,15,2,0.8087098790458268,0.33801895316097874,0.9747246316965708,0.4321571383379484,0.941521681166422,472,865,718,472,0.4418793429212805,0.39745775789495746
0_0_0_10_14_16,-24.0,11,9,1,0,1,2,8,24,6,19,0.8796652681699126,0.6911102774894934,0.0005425172738466322,0.7288212756255772,0.17636706745305986,502,492,492,502,0.4418793429212805,0.39745775789495746
0_0_0_10_14_16,-24.0,11,10,1,1,1,16,4,18,4,18,0.8109360318300688,0.89128243690268,0.11925825626552894,0.8752131558881578,0.25759381137843695,476,765,706,476,0.4418793429212805,0.39745775789495746
0_0_0_10_14_16,-24.0,11,11,1,0,1,10,16,8,16,8,0.7219456181701923,0.4106954609127347,0.8535436727439559,0.4729454923642262,0.8272240618292033,62,1023,1023,62,0.4418793429212805,0.39745775789495746
0_0_0_10_14_16,-24.0,11,12,1,0,0,1,12,22,9,19,1.0,0.5113375490526986,0.06617100102090534,0.6090700392421589,0.2529368008167243,597,597,597,597,0.4418793429212805,0.39745775789495746
0_0_0_10_14_16,-24.0,11,13,1,0,0,1,14,16,13,15,1.0,0.3434079760738822,0.11889889806908038,0.4747263808591058,0.29511911845526434,562,562,562,562,0.4418793429212805,0.39745775789495746
0_0_0_10_14_16,-24.0,11,14,1,0,0,1,19,23,17,20,1.0,0.12217648167275608,0.010192223764496855,0.2977411853382049,0.20815377901159748,478,478,478,478,0.4418793429212805,0.39745775789495746
0_0_0_10_14_16,-24.0,11,15,1,0,0,1,12,11,10,10,1.0,0.42526147733335834,0.44814790020670126,0.5402091818666868,0.558518320165361,267,267,267,267,0.4418793429212805,0.39745775789495746
0_0_0_10_14_16,-24.0,11,16,1,0,0,1,5,22,1,20,1.0,0.872553733744442,0.060051526197879845,0.8980429869955537,0.2480412209583039,917,917,917,917,0.4418793429212805,0.39745775789495746
0_0_0_10_14_16,-24.0,11,17,1,0,1,2,24,23,22,22,0.9642492438035092,0.015705197582117802,0.020540901011323054,0.2054140068263961,0.2092825695697603,545,656,656,545,0.4418793429212805,0.39745775789495746
0_0_0_10_14_16,-24.0,11,18,1,0,0,1,20,18,16,17,1.0,0.037493523292776554,0.13924131721628275,0.22999481863422125,0.31139305377302623,889,889,889,889,0.4418793429212805,0.39745775789495746
0_0_0_10_14_16,-24.0,11,19,1,0,0,1,10,17,8,15,1.0,0.7861087671456648,0.2424555926773076,0.8288870137165318,0.3939644741418461,510,510,510,510,0.4418793429212805,0.39745775789495746
0_0_0_10_14_16,-24.0,11,20,1,0,1,3,22,17,22,14,0.9851741596242277,0.03901991455926618,0.2680864684567233,0.22825076357225849,0.4115040066902242,657,860,860,657,0.4418793429212805,0.39745775789495746
0_0_0_10_14_16,-24.0,11,21,1,0,0,1,4,13,1,11,1.0,0.9854595215082942,0.5862319247283386,0.9883676172066354,0.668985539782671,553,553,553,553,0.4418793429212805,0.39745775789495746
0_0_0_10_14_16,-24.0,11,22,1,0,1,2,9,16,5,14,0.9853766702914172,0.8672957704799549,0.2892801498189476,0.8909119504422475,0.4284994539134416,675,629,629,675,0.4418793429212805,0.39745775789495746
0_0_0_10_14_16,-24.0,11,23,1,0,0,1,9,18,7,16,1.0,0.8230098273949882,0.18685655160743875,0.8584078619159905,0.34948524128595104,759,759,759,759,0.4418793429212805,0.39745775789495746
0_0_0_10_14_16,-24.0,11,24,1,0,1,2,1,7,1,7,0.9912830300538967,0.9971748976509851,0.7740907458178086,0.9959965241315675,0.8175292026650263,928,874,874,928,0.4418793429212805,0.39745775789495746
0_0_0_10_14_16,-24.0,11,25,1,0,1,10,3,20,3,20,0.7384676012125359,0.947088792580367,0.02935471440157439,0.9053645543068009,0.1711772917637667,662,720,720,662,0.4418793429212805,0.39745775789495746
0_0_0_10_14_16,-24.0,11,26,1,0,0,1,16,17,15,15,1.0,0.24214634251800765,0.18062173530426817,0.39371707401440614,0.3444973882434146,314,314,314,314,0.4418793429212805,0.39745775789495746
0_0_0_10_14_16,-24.0,11,27,1,0,1,13,18,7,19,6,0.8378446089847229,0.03663449777239691,0.9531221458218058,0.19687652001486214,0.9300666384543893,650,602,602,650,0.4418793429212805,0.39745775789495746
0_0_0_10_14_16,-24.0,11,28,1,0,0,1,6,5,4,1,1.0,0.7780846569541457,0.8859206893941961,0.8224677255633166,0.9087365515153569,7,7,7,7,0.4418793429212805,0.39745775789495746
0_0_0_10_14_16,-24.0,11,29,1,0,0,1,19,19,18,18,1.0,0.06892636809381752,0.04397676596980549,0.25514109447505406,0.2351814127758444,610,610,610,610,0.4418793429212805,0.39745775789495746
0_0_0_10_14_16,-24.0,11,30,1,0,0,1,23,22,21,22,1.0,0.0009366951325888717,0.0053736551377212005,0.20074935610607111,0.20429892411017697,823,823,823,823,0.4418793429212805,0.39745775789495746
0_0_0_10_14_16,-24.0,11,31,1,1,1,13,24,23,24,23,0.805552129605736,0.03827768987476721,0.19244574130388076,0.19173257782096098,0.3150670189642518,762,905,477,762,0.4418793429212805,0.39745775789495746
0_0_0_10_14_16,-24.0,11,32,1,0,0,1,3,4,1,1,1.0,0.9346159900594233,0.9671481670322473,0.9476927920475386,0.9737185336257979,748,748,748,748,0.4418793429212805,0.39745775789495746
0_0_0_10_14_16,-24.0,11,33,1,0,1,5,7,18,6,17,0.6933201661417735,0.8650433512376681,0.10821897587115492,0.8306987142184893,0.22523921392527865,407,586,586,407,0.4418793429212805,0.39745775789495746
0_0_0_10_14_16,-24.0,11,34,1,1,1,2,3,11,3,11,0.9312662671059213,0.81888434907456,0.3816578669976336,0.8413607326808323,0.4915795470192912,457,93,775,457,0.4418793429212805,0.39745775789495746
0_0_0_10_14_16,-24.0,12,0,1,0,0,1,3,10,1,7,1.0,0.936967415991311,0.7854049962184433,0.9495739327930488,0.8283239969747547,803,803,803,803,0.8377899376251581,0.6153595966420867
0_0_0_10_14_16,-24.0,12,1,1,0,1,2,11,4,11,1,0.8996664056624296,0.5702130332433841,0.9763623282813124,0.6361037077271933,0.961023143757536,648,711,711,648,0.8377899376251581,0.6153595966420867
0_0_0_10_14_16,-24.0,12,2,1,0,0,1,9,10,8,6,1.0,0.6944923239629872,0.7140651278315939,0.7555938591703899,0.7712521022652752,871,871,871,871,0.8377899376251581,0.6153595966420867
0_0_0_10_14_16,-24.0,12,3,1,0,0,1,20,15,18,12,1.0,0.03005919375600541,0.37292782961357956,0.22404735500480433,0.49834226369086365,691,691,691,691,0.8377899376251581,0.6153595966420867
0_0_0_10_14_16,-24.0,12,4,0,,,,,,,,,,,,,,,,,,
0_0_0_10_14_16,-24.0,12,5,1,0,0,1,1,15,1,15,1.0,0.997353723575761,0.27733929832727783,0.997882978860609,0.4218714386618223,468,468,468,468,0.8377899376251581,0.6153595966420867
0_0_0_10_14_16,-24.0,12,6,0,,,,,,,,,,,,,,,,,,
0_0_0_10_14_16,-24.0,12,7,1,0,1,2,4,4,1,1,0.8872560373134614,0.971647800877673,0.9530071376529687,0.9547694481648307,0.9398569175850673,180,713,713,180,0.8377899376251581,0.6153595966420867
0_0_0_10_14_16,-24.0,12,8,1,0,0,1,2,12,1,10,1.0,0.997945116393083,0.6586059448237773,0.9983560931144664,0.7268847558590219,865,865,865,865,0.8377899376251581,0.6153595966420867
0_0_0_10_14_16,-24.0,12,9,1,0,0,1,23,14,20,13,1.0,0.005904389041851477,0.35860056369817084,0.2047235112334812,0.4868804509585367,492,492,492,492,0.8377899376251581,0.6153595966420867
0_0_0_10_14_16,-24.0,12,10,1,0,0,1,15,16,11,14,1.0,0.3348567329863365,0.40946604435303313,0.46788538638906924,0.5275728354824265,765,765,765,765,0.8377899376251581,0.6153595966420867
0_0_0_10_14_16,-24.0,12,11,1,0,0,1,9,20,8,17,1.0,0.7430369953980427,0.06011426683148008,0.7944295963184342,0.24809141346518407,1023,1023,1023,1023,0.8377899376251581,0.6153595966420867
0_0_0_10_14_16,-24.0,12,12,0,,,,,,,,,,,,,,,,,,
0_0_0_10_14_16,-24.0,12,13,1,0,0,1,6,12,1,11,1.0,0.9455312039024353,0.4671084655298511,0.9564249631219484,0.5736867724238809,562,562,562,562,0.8377899376251581,0.6153595966420867
0_0_0_10_14_16,-24.0,12,14,1,0,0,1,4,11,1,10,1.0,0.9468437176915913,0.7589026187047073,0.9574749741532731,0.8071220949637659,478,478,478,478,0.8377899376251581,0.6153595966420867
0_0_0_10_14_16,-24.0,12,15,1,0,0,1,21,16,19,14,1.0,0.018662691475850535,0.3600993201167847,0.21493015318068043,0.4880794560934278,267,267,267,267,0.8377899376251581,0.6153595966420867
0_0_0_10_14_16,-24.0,12,16,1,1,1,10,1,9,2,9,0.8159665669327875,0.9999777868184456,0.8189991411437135,0.963175542841314,0.8183926263015284,742,917,734,742,0.8377899376251581,0.6153595966420867
0_0_0_10_14_16,-24.0,12,17,1,0,0,1,20,22,19,16,1.0,0.08388467491286711,0.03195186363180291,0.2671077399302937,0.22556149090544234,656,656,656,656,0.8377899376251581,0.6153595966420867
0_0_0_10_14_16,-24.0,12,18,1,0,0,1,19,22,16,20,1.0,0.14667349833642496,0.001165664954105805,0.31733879866914,0.20093253196328464,889,889,889,889,0.8377899376251581,0.6153595966420867
0_0_0_10_14_16,-24.0,12,19,1,0,1,4,11,15,11,15,0.7183048076455587,0.7695717084676807,0.11195205673009556,0.7593183283032564,0.23322260691318822,775,510,510,775,0.8377899376251581,0.6153595966420867
0_0_0_10_14_16,-24.0,12,20,1,1,1,6,21,7,20,7,0.829357640086338,0.02327450957021926,0.8870439285048097,0.18449113567344302,0.8755066708211154,715,860,479,715,0.8377899376251581,0.6153595966420867
0_0_0_10_14_16,-24.0,12,21,1,0,0,1,7,5,5,1,1.0,0.7840954734521043,0.9403595393941839,0.8272763787616835,0.9522876315153472,553,553,553,553,0.8377899376251581,0.6153595966420867
0_0_0_10_14_16,-24.0,12,22,1,0,0,1,2,2,1,1,1.0,0.9749930456074989,0.9952246062001504,0.9799944364859992,0.9961796849601203,629,629,629,629,0.8377899376251581,0.6153595966420867
0_0_0_10_14_16,-24.0,12,23,1,0,0,1,6,7,2,5,1.0,0.8573638700681194,0.8211020076675904,0.8858910960544957,0.8568816061340725,759,759,759,759,0.8377899376251581,0.6153595966420867
0_0_0_10_14_16,-24.0,12,24,1,1,1,12,7,8,7,8,0.7475945913133593,0.8264594819015233,0.7403214060612484,0.8106865037838905,0.7417760431116706,306,874,388,306,0.8377899376251581,0.6153595966420867
0_0_0_10_14_16,-24.0,12,25,1,0,0,1,19,12,15,10,1.0,0.1301702033909075,0.43167935436022614,0.30413616271272603,0.545343483488181,720,720,720,720,0.8377899376251581,0.6153595966420867
0_0_0_10_14_16,-24.0,12,26,1,0,1,2,6,7,6,7,0.9809428946656751,0.7294304509612166,0.6545533093821527,0.7797329397021083,0.7198312264388572,20,314,314,20,0.8377899376251581,0.6153595966420867
0_0_0_10_14_16,-24.0,12,27,1,0,0,1,5,5,1,1,1.0,0.925780332799998,0.9510027140997437,0.9406242662399984,0.960802171279795,602,602,602,602,0.8377899376251581,0.6153595966420867
0_0_0_10_14_16,-24.0,12,28,1,0,0,1,15,4,14,1,1.0,0.356065107975919,0.92124261185532,0.48485208638073524,0.9369940894842561,7,7,7,7,0.8377899376251581,0.6153595966420867
0_0_0_10_14_16,-24.0,12,29,1,0,0,1,18,2,18,1,1.0,0.14824003166343158,0.8903936750940016,0.31859202533074527,0.9123149400752013,610,610,610,610,0.8377899376251581,0.6153595966420867
0_0_0_10_14_16,-24.0,12,30,1,0,0,1,12,1,12,1,1.0,0.24841557578544687,0.9952093853063826,0.39873246062835754,0.996167508245106,791,791,791,791,0.8377899376251581,0.6153595966420867
0_0_0_10_14_16,-24.0,12,31,1,0,0,1,23,4,19,1,1.0,0.04056831195401478,0.98620659227692,0.23245464956321182,0.988965273821536,904,904,904,904,0.8377899376251581,0.6153595966420867
0_0_0_10_14_16,-24.0,12,32,1,0,0,1,18,15,15,12,1.0,0.21251435498849058,0.3802310479342875,0.3700114839907925,0.5041848383474301,761,761,761,761,0.8377899376251581,0.6153595966420867
0_0_0_10_14_16,-24.0,12,33,1,0,0,1,5,21,3,19,1.0,0.896132328994631,0.04425097973064235,0.9169058631957048,0.2354007837845139,587,587,587,587,0.8377899376251581,0.6153595966420867
0_0_0_10_14_16,-24.0,12,34,1,0,0,1,3,16,1,15,1.0,0.9891457606445859,0.29783973791240287,0.9913166085156688,0.4382717903299223,934,934,934,934,0.8377899376251581,0.6153595966420867
0_0_0_10_14_16,-24.0,13,0,1,0,0,1,14,2,12,1,1.0,0.4833711728880995,0.9943710036768392,0.5866969383104796,0.9954968029414715,222,222,222,222,0.9993019785498202,0.14284150521158973
0_0_0_10_14_16,-24.0,13,1,1,0,1,2,4,6,1,4,0.9956485378505286,0.9596832145029623,0.6811429958589613,0.9668762791724757,0.7440441042572749,46,826,826,46,0.9993019785498202,0.14284150521158973
0_0_0_10_14_16,-24.0,13,2,1,0,0,1,23,7,20,1,1.0,0.20130705143261146,0.9208974703851054,0.36104564114608917,0.9367179763080844,871,871,871,871,0.9993019785498202,0.14284150521158973
0_0_0_10_14_16,-24.0,13,3,1,1,1,19,14,18,14,18,0.6148407833963855,0.3010378964912301,0.17303066727556043,0.36379847387226116,0.26139269049972547,692,691,108,692,0.9993019785498202,0.14284150521158973
0_0_0_10_14_16,-24.0,13,4,1,0,0,1,9,23,5,17,1.0,0.8550700444525301,0.0006225503740149296,0.8840560355620242,0.20049804029921195,107,107,107,107,0.9993019785498202,0.14284150521158973
0_0_0_10_14_16,-24.0,13,5,1,0,1,6,6,13,5,13,0.9168335273628354,0.8475011831688455,0.3958040478376663,0.8613676520076435,0.5000099437427001,146,468,468,146,0.9993019785498202,0.14284150521158973
0_0_0_10_14_16,-24.0,13,6,1,0,0,1,23,4,20,1,1.0,0.008750796708187292,0.9166347677355183,0.20700063736654983,0.9333078141884148,89,89,89,89,0.9993019785498202,0.14284150521158973
0_0_0_10_14_16,-24.0,13,7,1,0,0,1,8,17,8,15,1.0,0.6453854220527795,0.23823322375871975,0.7163083376422237,0.3905865790069758,713,713,713,713,0.9993019785498202,0.14284150521158973
0_0_0_10_14_16,-24.0,13,8,1,0,0,1,1,23,1,20,1.0,0.9877788107662097,0.02958478385960106,0.9902230486129677,0.22366782708768085,865,865,865,865,0.9993019785498202,0.14284150521158973
0_0_0_10_14_16,-24.0,13,9,1,1,1,22,14,11,15,11,0.6813701448412367,0.3930117132305012,0.6088114917760602,0.45068339955264836,0.6233232223890955,797,492,1000,797,0.9993019785498202,0.14284150521158973
0_0_0_10_14_16,-24.0,13,10,1,0,0,1,22,2,20,1,1.0,0.07310135168588383,0.9511800838807902,0.25848108134870706,0.9609440671046323,765,765,765,765,0.9993019785498202,0.14284150521158973
0_0_0_10_14_16,-24.0,13,11,1,0,1,2,6,15,1,15,0.9305809294076304,0.9422929471766799,0.11230800095908644,0.9399505436228701,0.27596258664879525,236,1023,1023,236,0.9993019785498202,0.14284150521158973
0_0_0_10_14_16,-24.0,13,12,1,0,0,1,3,23,1,23,1.0,0.9623601964323211,0.0031333863442580268,0.9698881571458569,0.20250670907540644,597,597,597,597,0.9993019785498202,0.14284150521158973
0_0_0_10_14_16,-24.0,13,13,1,0,0,1,16,10,14,8,1.0,0.13614244701775863,0.7268569565775659,0.3089139576142069,0.7814855652620527,562,562,562,562,0.9993019785498202,0.14284150521158973
0_0_0_10_14_16,-24.0,13,14,1,0,1,3,18,6,19,4,0.7777864416350002,0.1356840610483161,0.9685257503123639,0.26410453716565296,0.9303778885768912,521,478,478,521,0.9993019785498202,0.14284150521158973
0_0_0_10_14_16,-24.0,13,15,1,0,1,4,1,23,1,23,0.8974252173199074,0.9994362896514897,0.056738553729581254,0.9790340751851733,0.2248758864476465,838,267,267,838,0.9993019785498202,0.14284150521158973
0_0_0_10_14_16,-24.0,13,16,1,0,0,1,4,24,2,22,1.0,0.9032747438540726,0.007552071743764266,0.9226197950832582,0.20604165739501143,917,917,917,917,0.9993019785498202,0.14284150521158973
0_0_0_10_14_16,-24.0,13,17,1,0,0,1,21,9,16,2,1.0,0.01539462779148204,0.8767746692361047,0.21231570223318563,0.9014197353888838,656,656,656,656,0.9993019785498202,0.14284150521158973
0_0_0_10_14_16,-24.0,13,18,1,0,0,1,16,5,14,1,1.0,0.1793165292429481,0.9583657146649702,0.34345322339435846,0.9666925717319763,889,889,889,889,0.9993019785498202,0.14284150521158973
0_0_0_10_14_16,-24.0,13,19,1,0,0,1,4,17,2,17,1.0,0.9346926039089613,0.2146076259799885,0.9477540831271691,0.37168610078399084,510,510,510,510,0.9993019785498202,0.14284150521158973
0_0_0_10_14_16,-24.0,13,20,1,0,0,1,5,21,4,20,1.0,0.7255192879838971,0.11489317553274636,0.7804154303871178,0.29191454042619713,860,860,860,860,0.9993019785498202,0.14284150521158973
0_0_0_10_14_16,-24.0,13,21,1,0,0,1,24,3,23,2,1.0,0.015354504775556888,0.9094526324478805,0.21228360382044553,0.9275621059583046,553,553,553,553,0.9993019785498202,0.14284150521158973
0_0_0_10_14_16,-24.0,13,22,1,0,0,1,19,4,17,2,1.0,0.2147312038848062,0.8934792878493294,0.371784963107845,0.9147834302794635,629,629,629,629,0.9993019785498202,0.14284150521158973
0_0_0_10_14_16,-24.0,13,23,1,0,0,1,5,16,1,14,1.0,0.8967818557599547,0.17962046995923303,0.9174254846079639,0.34369637596738645,759,759,759,759,0.9993019785498202,0.14284150521158973
0_0_0_10_14_16,-24.0,13,24,0,,,,,,,,,,,,,,,,,,
0_0_0_10_14_16,-24.0,13,25,1,1,1,5,18,7,19,6,0.8688610017827446,0.05168409363424176,0.9443576939244744,0.21511947526394234,0.9292583554961286,672,720,328,672,0.9993019785498202,0.14284150521158973
0_0_0_10_14_16,-24.0,13,26,1,0,1,2,19,6,19,5,0.8209397045703285,0.239385973594057,0.7136986504716921,0.35569671978931133,0.7351468612914195,889,314,314,889,0.9993019785498202,0.14284150521158973
0_0_0_10_14_16,-24.0,13,27,1,0,0,1,8,18,1,15,1.0,0.9030808821387267,0.03620027321566821,0.9224647057109814,0.22896021857253457,602,602,602,602,0.9993019785498202,0.14284150521158973
0_0_0_10_14_16,-24.0,13,28,1,0,0,1,5,17,1,16,1.0,0.9268258884696201,0.21105129031463232,0.941460710775696,0.3688410322517059,7,7,7,7,0.9993019785498202,0.14284150521158973
0_0_0_10_14_16,-24.0,13,29,1,0,1,7,13,5,13,5,0.847639443318204,0.5190987383196604,0.7545911402779168,0.5848068793193691,0.7732008008859743,970,610,610,970,0.9993019785498202,0.14284150521158973
0_0_0_10_14_16,-24.0,13,30,1,0,0,1,21,10,16,9,1.0,0.0449533870681349,0.6874147243709977,0.23596270965450794,0.7499317794967981,778,778,778,778,0.9993019785498202,0.14284150521158973
0_0_0_10_14_16,-24.0,13,31,1,0,0,1,7,21,6,17,1.0,0.6063487648212642,0.09503749524727867,0.6850790118570114,0.276029996197823,921,921,921,921,0.9993019785498202,0.14284150521158973
0_0_0_10_14_16,-24.0,13,32,1,0,0,1,1,20,1,19,1.0,0.9968525755268375,0.09455780795404439,0.99748206042147,0.27564624636323554,749,749,749,749,0.9993019785498202,0.14284150521158973
0_0_0_10_14_16,-24.0,13,33,1,0,0,1,10,7,7,2,1.0,0.6275362377104347,0.8744662494582823,0.7020289901683479,0.899572999566626,577,577,577,577,0.9993019785498202,0.14284150521158973
0_0_0_10_14_16,-24.0,13,34,1,0,1,2,23,13,18,13,0.980049467080081,0.008863780460563131,0.4020389831792567,0.2031009177844667,0.5176410799594215,607,936,936,607,0.9993019785498202,0.14284150521158973
