dataset,target_snr_db,packet_index,symbol_index,gt_in_top_l,v3_is_error,multi_is_error,gt_energy_rank,gt_phase_rank,gt_combined_rank,gt_energy_score,gt_phase_score,gt_combined_score,top1_bin,gt_bin,v3_bin,multi_bin,clean_line_r2,clean_line_rmse_pi
0_0_0_10_14_16,-22.0,1,0,1,0,0,1,16,15,1.0,0.32402101433397,0.459216811467176,222,222,222,222,0.9998706886380241,0.08828975252897754
0_0_0_10_14_16,-22.0,1,1,0,,,,,,,,,,,,,,
0_0_0_10_14_16,-22.0,1,2,1,0,0,1,11,7,1.0,0.5414859187565259,0.6331887350052208,922,922,922,922,0.9998706886380241,0.08828975252897754
0_0_0_10_14_16,-22.0,1,3,1,0,0,1,20,17,1.0,0.09632296076187896,0.27705836860950317,718,718,718,718,0.9998706886380241,0.08828975252897754
0_0_0_10_14_16,-22.0,1,4,1,0,0,1,6,1,1.0,0.9235101005570991,0.9388080804456793,107,107,107,107,0.9998706886380241,0.08828975252897754
0_0_0_10_14_16,-22.0,1,5,1,0,0,1,24,17,1.0,0.0002866052371380823,0.20022928418971048,468,468,468,468,0.9998706886380241,0.08828975252897754
0_0_0_10_14_16,-22.0,1,6,1,0,1,2,2,1,0.8960275078901523,0.9718511091205374,0.9566863888744604,921,89,89,921,0.9998706886380241,0.08828975252897754
0_0_0_10_14_16,-22.0,1,7,1,0,0,1,22,21,1.0,0.034600623051320056,0.22768049844105606,713,713,713,713,0.9998706886380241,0.08828975252897754
0_0_0_10_14_16,-22.0,1,8,1,0,0,1,11,6,1.0,0.7165939117954665,0.7732751294363733,865,865,865,865,0.9998706886380241,0.08828975252897754
0_0_0_10_14_16,-22.0,1,9,1,0,0,1,20,19,1.0,0.22394725888662276,0.37915780710929825,492,492,492,492,0.9998706886380241,0.08828975252897754
0_0_0_10_14_16,-22.0,1,10,1,0,0,1,11,9,1.0,0.5340780031217641,0.6272624024974114,765,765,765,765,0.9998706886380241,0.08828975252897754
0_0_0_10_14_16,-22.0,1,11,1,0,0,1,5,3,1.0,0.8137277388063957,0.8509821910451165,1023,1023,1023,1023,0.9998706886380241,0.08828975252897754
0_0_0_10_14_16,-22.0,1,12,1,0,1,8,19,19,0.8011164773072396,0.12097346033338707,0.2570020637281576,548,597,597,548,0.9998706886380241,0.08828975252897754
0_0_0_10_14_16,-22.0,1,13,1,0,0,1,5,1,1.0,0.9817904272195183,0.9854323417756146,562,562,562,562,0.9998706886380241,0.08828975252897754
0_0_0_10_14_16,-22.0,1,14,1,0,0,1,24,23,1.0,0.00011090419807369134,0.20008872335845895,478,478,478,478,0.9998706886380241,0.08828975252897754
0_0_0_10_14_16,-22.0,1,15,1,0,0,1,3,1,1.0,0.9767660993271683,0.9814128794617347,267,267,267,267,0.9998706886380241,0.08828975252897754
0_0_0_10_14_16,-22.0,1,16,1,0,0,1,19,17,1.0,0.12475911383206556,0.29980729106565246,917,917,917,917,0.9998706886380241,0.08828975252897754
0_0_0_10_14_16,-22.0,1,17,1,0,0,1,5,1,1.0,0.9458010597015485,0.9566408477612389,656,656,656,656,0.9998706886380241,0.08828975252897754
0_0_0_10_14_16,-22.0,1,18,1,0,1,4,10,9,0.8484584725345592,0.7638561544036636,0.7807766180298428,264,889,889,264,0.9998706886380241,0.08828975252897754
0_0_0_10_14_16,-22.0,1,19,1,0,0,1,15,12,1.0,0.3044003998519587,0.443520319881567,510,510,510,510,0.9998706886380241,0.08828975252897754
0_0_0_10_14_16,-22.0,1,20,1,0,0,1,7,2,1.0,0.853123109407074,0.8824984875256592,860,860,860,860,0.9998706886380241,0.08828975252897754
0_0_0_10_14_16,-22.0,1,21,1,0,0,1,17,11,1.0,0.12004252068021992,0.29603401654417594,553,553,553,553,0.9998706886380241,0.08828975252897754
0_0_0_10_14_16,-22.0,1,22,1,0,0,1,6,1,1.0,0.9769054127676888,0.9815243302141512,629,629,629,629,0.9998706886380241,0.08828975252897754
0_0_0_10_14_16,-22.0,1,23,0,,,,,,,,,,,,,,
0_0_0_10_14_16,-22.0,1,24,1,0,0,1,12,11,1.0,0.39808766784771044,0.5184701342781683,874,874,874,874,0.9998706886380241,0.08828975252897754
0_0_0_10_14_16,-22.0,1,25,1,0,0,1,12,12,1.0,0.5322641116363453,0.6258112893090764,720,720,720,720,0.9998706886380241,0.08828975252897754
0_0_0_10_14_16,-22.0,1,26,1,0,0,1,18,18,1.0,0.084961602194212,0.2679692817553696,314,314,314,314,0.9998706886380241,0.08828975252897754
0_0_0_10_14_16,-22.0,1,27,1,0,0,1,3,1,1.0,0.9231709513742925,0.938536761099434,602,602,602,602,0.9998706886380241,0.08828975252897754
0_0_0_10_14_16,-22.0,1,28,1,0,1,3,20,19,0.9412019995534509,0.08195368682694326,0.2538033493722448,6,7,7,6,0.9998706886380241,0.08828975252897754
0_0_0_10_14_16,-22.0,1,29,1,0,0,1,8,2,1.0,0.9320682944939481,0.9456546355951585,610,610,610,610,0.9998706886380241,0.08828975252897754
0_0_0_10_14_16,-22.0,1,30,1,0,0,1,14,14,1.0,0.2996652463727779,0.43973219709822237,807,807,807,807,0.9998706886380241,0.08828975252897754
0_0_0_10_14_16,-22.0,1,31,1,0,0,1,16,13,1.0,0.2257889640044511,0.3806311712035609,897,897,897,897,0.9998706886380241,0.08828975252897754
0_0_0_10_14_16,-22.0,1,32,1,0,0,1,1,1,1.0,0.9999993070489399,0.9999994456391519,749,749,749,749,0.9998706886380241,0.08828975252897754
0_0_0_10_14_16,-22.0,1,33,1,0,0,1,23,19,1.0,0.033343248272963144,0.22667459861837053,584,584,584,584,0.9998706886380241,0.08828975252897754
0_0_0_10_14_16,-22.0,1,34,1,0,1,3,10,10,0.8189078843630704,0.8531799411317327,0.8463255297780002,1018,934,934,1018,0.9998706886380241,0.08828975252897754
0_0_0_10_14_16,-22.0,2,0,1,0,0,1,9,2,1.0,0.9090654735191406,0.9272523788153124,803,803,803,803,0.9995380185105024,0.12012704756268058
0_0_0_10_14_16,-22.0,2,1,1,0,1,4,19,19,0.917727380463396,0.2730370862134438,0.40197514506343424,336,826,826,336,0.9995380185105024,0.12012704756268058
0_0_0_10_14_16,-22.0,2,2,1,0,0,1,12,10,1.0,0.30277835359559685,0.4422226828764775,922,922,922,922,0.9995380185105024,0.12012704756268058
0_0_0_10_14_16,-22.0,2,3,1,0,0,1,1,1,1.0,0.9766184935362427,0.9812947948289943,718,718,718,718,0.9995380185105024,0.12012704756268058
0_0_0_10_14_16,-22.0,2,4,1,0,0,1,18,16,1.0,0.4967774532817684,0.5974219626254147,86,86,86,86,0.9995380185105024,0.12012704756268058
0_0_0_10_14_16,-22.0,2,5,1,0,1,3,21,19,0.9766297454650734,0.010524822527833322,0.20374580711528137,109,468,468,109,0.9995380185105024,0.12012704756268058
0_0_0_10_14_16,-22.0,2,6,1,0,0,1,5,4,1.0,0.810818705479371,0.8486549643834969,89,89,89,89,0.9995380185105024,0.12012704756268058
0_0_0_10_14_16,-22.0,2,7,1,0,0,1,6,3,1.0,0.8816475921123622,0.9053180736898898,713,713,713,713,0.9995380185105024,0.12012704756268058
0_0_0_10_14_16,-22.0,2,8,1,0,0,1,18,14,1.0,0.08850833097266114,0.2708066647781289,865,865,865,865,0.9995380185105024,0.12012704756268058
0_0_0_10_14_16,-22.0,2,9,1,1,1,14,16,16,0.7648487315706217,0.22700915580177744,0.33457707095554634,971,492,371,971,0.9995380185105024,0.12012704756268058
0_0_0_10_14_16,-22.0,2,10,1,0,0,1,2,1,1.0,0.9942723398239132,0.9954178718591307,765,765,765,765,0.9995380185105024,0.12012704756268058
0_0_0_10_14_16,-22.0,2,11,1,0,0,1,18,16,1.0,0.37393920721174945,0.49915136576939956,1023,1023,1023,1023,0.9995380185105024,0.12012704756268058
0_0_0_10_14_16,-22.0,2,12,1,0,1,2,19,19,0.9314454375071347,0.1597425177748516,0.31408310172130827,677,597,597,677,0.9995380185105024,0.12012704756268058
0_0_0_10_14_16,-22.0,2,13,1,0,0,1,2,1,1.0,0.9663864562764388,0.9731091650211512,562,562,562,562,0.9995380185105024,0.12012704756268058
0_0_0_10_14_16,-22.0,2,14,1,0,0,1,7,6,1.0,0.7081681930014074,0.766534554401126,478,478,478,478,0.9995380185105024,0.12012704756268058
0_0_0_10_14_16,-22.0,2,15,1,0,0,1,24,13,1.0,0.011068246587236708,0.2088545972697894,267,267,267,267,0.9995380185105024,0.12012704756268058
0_0_0_10_14_16,-22.0,2,16,1,0,0,1,8,8,1.0,0.5784178433783235,0.6627342747026588,917,917,917,917,0.9995380185105024,0.12012704756268058
0_0_0_10_14_16,-22.0,2,17,1,0,0,1,4,1,1.0,0.9787100213959489,0.9829680171167592,656,656,656,656,0.9995380185105024,0.12012704756268058
0_0_0_10_14_16,-22.0,2,18,1,0,0,1,17,14,1.0,0.2911835468473762,0.43294683747790097,889,889,889,889,0.9995380185105024,0.12012704756268058
0_0_0_10_14_16,-22.0,2,19,1,0,1,2,19,19,0.9748266098366364,0.06018239264024372,0.24311123607952229,706,510,510,706,0.9995380185105024,0.12012704756268058
0_0_0_10_14_16,-22.0,2,20,1,0,1,4,10,10,0.8796847438391636,0.8649858263165422,0.8679256098210665,416,860,860,416,0.9995380185105024,0.12012704756268058
0_0_0_10_14_16,-22.0,2,21,1,0,0,1,11,9,1.0,0.8325520016107368,0.8660416012885894,553,553,553,553,0.9995380185105024,0.12012704756268058
0_0_0_10_14_16,-22.0,2,22,1,0,0,1,21,19,1.0,0.12418951690849944,0.29935161352679956,629,629,629,629,0.9995380185105024,0.12012704756268058
0_0_0_10_14_16,-22.0,2,23,1,0,0,1,16,16,1.0,0.34475649787022333,0.4758051982961787,759,759,759,759,0.9995380185105024,0.12012704756268058
0_0_0_10_14_16,-22.0,2,24,1,0,0,1,1,1,1.0,0.987682263425189,0.9901458107401513,874,874,874,874,0.9995380185105024,0.12012704756268058
0_0_0_10_14_16,-22.0,2,25,1,0,1,2,18,16,0.9323269800861476,0.48126626751919194,0.5714784100325832,721,720,720,721,0.9995380185105024,0.12012704756268058
0_0_0_10_14_16,-22.0,2,26,1,1,1,11,22,22,0.5738577944020379,0.027990465995350156,0.1371639316766877,1021,314,1021,1021,0.9995380185105024,0.12012704756268058
0_0_0_10_14_16,-22.0,2,27,1,0,0,1,17,15,1.0,0.26127198207382507,0.4090175856590601,602,602,602,602,0.9995380185105024,0.12012704756268058
0_0_0_10_14_16,-22.0,2,28,1,0,0,1,2,1,1.0,0.9968493270487024,0.997479461638962,7,7,7,7,0.9995380185105024,0.12012704756268058
0_0_0_10_14_16,-22.0,2,29,1,0,0,1,8,3,1.0,0.8114608431934792,0.8491686745547835,610,610,610,610,0.9995380185105024,0.12012704756268058
0_0_0_10_14_16,-22.0,2,30,0,,,,,,,,,,,,,,
0_0_0_10_14_16,-22.0,2,31,1,0,0,1,6,5,1.0,0.47654797648851427,0.5812383811908115,912,912,912,912,0.9995380185105024,0.12012704756268058
0_0_0_10_14_16,-22.0,2,32,1,0,0,1,1,1,1.0,0.9971140808885821,0.9976912647108658,768,768,768,768,0.9995380185105024,0.12012704756268058
0_0_0_10_14_16,-22.0,2,33,1,0,0,1,7,4,1.0,0.8186962466729023,0.854956997338322,581,581,581,581,0.9995380185105024,0.12012704756268058
0_0_0_10_14_16,-22.0,2,34,1,0,0,1,24,17,1.0,0.00025798175215047126,0.2002063854017204,93,93,93,93,0.9995380185105024,0.12012704756268058
0_0_0_10_14_16,-22.0,3,0,1,0,1,4,19,18,0.8587761091039485,0.061047699755558626,0.22059338162523662,447,222,222,447,0.9993029294132528,0.1267639303088848
0_0_0_10_14_16,-22.0,3,1,0,,,,,,,,,,,,,,
0_0_0_10_14_16,-22.0,3,2,1,1,1,4,1,1,0.808215531480312,0.999402660524993,0.9611652347160569,626,871,858,626,0.9993029294132528,0.1267639303088848
0_0_0_10_14_16,-22.0,3,3,1,0,0,1,19,15,1.0,0.13783775710005758,0.3102702056800461,718,718,718,718,0.9993029294132528,0.1267639303088848
0_0_0_10_14_16,-22.0,3,4,1,0,1,14,19,19,0.7691202423881286,0.1300516020823158,0.2578653301434784,697,107,107,697,0.9993029294132528,0.1267639303088848
0_0_0_10_14_16,-22.0,3,5,1,0,0,1,10,5,1.0,0.752834863222287,0.8022678905778295,468,468,468,468,0.9993029294132528,0.1267639303088848
0_0_0_10_14_16,-22.0,3,6,1,0,0,1,7,5,1.0,0.8425211644370788,0.8740169315496631,89,89,89,89,0.9993029294132528,0.1267639303088848
0_0_0_10_14_16,-22.0,3,7,1,0,0,1,20,17,1.0,0.12286455957783193,0.29829164766226557,713,713,713,713,0.9993029294132528,0.1267639303088848
0_0_0_10_14_16,-22.0,3,8,1,0,0,1,15,14,1.0,0.39152358004617116,0.513218864036937,865,865,865,865,0.9993029294132528,0.1267639303088848
0_0_0_10_14_16,-22.0,3,9,1,0,0,1,10,9,1.0,0.8375584245400001,0.8700467396320002,492,492,492,492,0.9993029294132528,0.1267639303088848
0_0_0_10_14_16,-22.0,3,10,1,0,0,1,10,9,1.0,0.665147059096335,0.7321176472770681,765,765,765,765,0.9993029294132528,0.1267639303088848
0_0_0_10_14_16,-22.0,3,11,0,,,,,,,,,,,,,,
0_0_0_10_14_16,-22.0,3,12,1,0,0,1,23,19,1.0,0.0039735546109892494,0.2031788436887914,597,597,597,597,0.9993029294132528,0.1267639303088848
0_0_0_10_14_16,-22.0,3,13,1,0,1,4,5,5,0.7862490994952899,0.7561049358767586,0.7621337686004649,359,562,562,359,0.9993029294132528,0.1267639303088848
0_0_0_10_14_16,-22.0,3,14,1,0,0,1,8,6,1.0,0.8349211572454401,0.8679369257963521,478,478,478,478,0.9993029294132528,0.1267639303088848
0_0_0_10_14_16,-22.0,3,15,1,0,0,1,20,18,1.0,0.05973959820979974,0.2477916785678398,267,267,267,267,0.9993029294132528,0.1267639303088848
0_0_0_10_14_16,-22.0,3,16,1,0,0,1,22,20,1.0,0.08966530858233451,0.2717322468658676,917,917,917,917,0.9993029294132528,0.1267639303088848
0_0_0_10_14_16,-22.0,3,17,1,0,0,1,9,9,1.0,0.6376598465324423,0.7101278772259538,656,656,656,656,0.9993029294132528,0.1267639303088848
0_0_0_10_14_16,-22.0,3,18,1,0,0,1,2,1,1.0,0.979777055104386,0.9838216440835088,889,889,889,889,0.9993029294132528,0.1267639303088848
0_0_0_10_14_16,-22.0,3,19,1,0,0,1,7,5,1.0,0.7286990840652781,0.7829592672522225,510,510,510,510,0.9993029294132528,0.1267639303088848
0_0_0_10_14_16,-22.0,3,20,1,0,0,1,23,23,1.0,0.09422844689260673,0.2753827575140854,860,860,860,860,0.9993029294132528,0.1267639303088848
0_0_0_10_14_16,-22.0,3,21,1,0,0,1,19,16,1.0,0.26203028795416455,0.4096242303633317,553,553,553,553,0.9993029294132528,0.1267639303088848
0_0_0_10_14_16,-22.0,3,22,1,0,1,2,2,1,0.919842444023417,0.9726845522399569,0.9621161305966489,430,629,629,430,0.9993029294132528,0.1267639303088848
0_0_0_10_14_16,-22.0,3,23,1,0,0,1,4,1,1.0,0.9358786654758717,0.9487029323806975,759,759,759,759,0.9993029294132528,0.1267639303088848
0_0_0_10_14_16,-22.0,3,24,1,1,0,1,18,15,1.0,0.11542988817971983,0.2923439105437759,874,874,18,874,0.9993029294132528,0.1267639303088848
0_0_0_10_14_16,-22.0,3,25,1,0,0,1,20,20,1.0,0.13205938624653885,0.3056475089972311,720,720,720,720,0.9993029294132528,0.1267639303088848
0_0_0_10_14_16,-22.0,3,26,1,0,0,1,9,6,1.0,0.5685289828346184,0.6548231862676948,314,314,314,314,0.9993029294132528,0.1267639303088848
0_0_0_10_14_16,-22.0,3,27,1,0,0,1,5,1,1.0,0.9651377057410852,0.9721101645928683,602,602,602,602,0.9993029294132528,0.1267639303088848
0_0_0_10_14_16,-22.0,3,28,1,0,0,1,5,1,1.0,0.8651558986399508,0.8921247189119608,7,7,7,7,0.9993029294132528,0.1267639303088848
0_0_0_10_14_16,-22.0,3,29,1,0,0,1,20,19,1.0,0.11369596862006082,0.29095677489604865,610,610,610,610,0.9993029294132528,0.1267639303088848
0_0_0_10_14_16,-22.0,3,30,1,0,1,3,17,15,0.939266698305188,0.2035535261596645,0.35069616058876923,720,778,778,720,0.9993029294132528,0.1267639303088848
0_0_0_10_14_16,-22.0,3,31,1,0,0,1,8,7,1.0,0.6066310939051492,0.6853048751241194,897,897,897,897,0.9993029294132528,0.1267639303088848
0_0_0_10_14_16,-22.0,3,32,1,0,0,1,5,1,1.0,0.9681396560457767,0.9745117248366213,740,740,740,740,0.9993029294132528,0.1267639303088848
0_0_0_10_14_16,-22.0,3,33,1,0,0,1,13,12,1.0,0.4915785631817463,0.5932628505453971,590,590,590,590,0.9993029294132528,0.1267639303088848
0_0_0_10_14_16,-22.0,3,34,1,0,0,1,16,15,1.0,0.15880906406465006,0.3270472512517201,930,930,930,930,0.9993029294132528,0.1267639303088848
0_0_0_10_14_16,-22.0,5,0,1,1,1,16,10,10,0.6708116940072264,0.5727160789292629,0.5923352019448556,909,222,498,909,0.9993232267115175,0.1348282904141673
0_0_0_10_14_16,-22.0,5,1,1,0,0,1,1,1,1.0,0.999630408857823,0.9997043270862584,826,826,826,826,0.9993232267115175,0.1348282904141673
0_0_0_10_14_16,-22.0,5,2,1,0,0,1,13,13,1.0,0.28412775083370584,0.42730220066696467,871,871,871,871,0.9993232267115175,0.1348282904141673
0_0_0_10_14_16,-22.0,5,3,1,0,0,1,22,19,1.0,0.07691180789832003,0.26152944631865604,718,718,718,718,0.9993232267115175,0.1348282904141673
0_0_0_10_14_16,-22.0,5,4,1,0,0,1,9,9,1.0,0.7147327637876082,0.7717862110300866,86,86,86,86,0.9993232267115175,0.1348282904141673
0_0_0_10_14_16,-22.0,5,5,1,0,0,1,7,4,1.0,0.8043185192658331,0.8434548154126664,468,468,468,468,0.9993232267115175,0.1348282904141673
0_0_0_10_14_16,-22.0,5,6,1,0,0,1,12,12,1.0,0.2670148832689414,0.4136119066151531,89,89,89,89,0.9993232267115175,0.1348282904141673
0_0_0_10_14_16,-22.0,5,7,1,0,0,1,17,15,1.0,0.40677286923822387,0.525418295390579,713,713,713,713,0.9993232267115175,0.1348282904141673
0_0_0_10_14_16,-22.0,5,8,1,0,0,1,1,1,1.0,0.9951304655993849,0.996104372479508,865,865,865,865,0.9993232267115175,0.1348282904141673
0_0_0_10_14_16,-22.0,5,9,1,0,0,1,6,5,1.0,0.7497317651916588,0.7997854121533272,492,492,492,492,0.9993232267115175,0.1348282904141673
0_0_0_10_14_16,-22.0,5,10,1,0,0,1,24,19,1.0,0.0018098431094076828,0.20144787448752616,765,765,765,765,0.9993232267115175,0.1348282904141673
0_0_0_10_14_16,-22.0,5,11,1,0,0,1,19,16,1.0,0.2660616801728348,0.4128493441382679,1023,1023,1023,1023,0.9993232267115175,0.1348282904141673
0_0_0_10_14_16,-22.0,5,12,1,0,0,1,2,1,1.0,0.9878599174489986,0.990287933959199,597,597,597,597,0.9993232267115175,0.1348282904141673
0_0_0_10_14_16,-22.0,5,13,1,0,0,1,11,11,1.0,0.3816059327301235,0.5052847461840988,562,562,562,562,0.9993232267115175,0.1348282904141673
0_0_0_10_14_16,-22.0,5,14,1,0,0,1,24,19,1.0,0.001732309838895385,0.20138584787111632,478,478,478,478,0.9993232267115175,0.1348282904141673
0_0_0_10_14_16,-22.0,5,15,1,0,0,1,13,12,1.0,0.395361667970217,0.5162893343761736,267,267,267,267,0.9993232267115175,0.1348282904141673
0_0_0_10_14_16,-22.0,5,16,1,0,0,1,3,1,1.0,0.9389751610909072,0.9511801288727257,917,917,917,917,0.9993232267115175,0.1348282904141673
0_0_0_10_14_16,-22.0,5,17,1,1,1,5,11,11,0.7334083635904394,0.29168054495185125,0.3800261086795689,1,656,812,1,0.9993232267115175,0.1348282904141673
0_0_0_10_14_16,-22.0,5,18,1,0,0,1,24,19,1.0,0.0009465881029054324,0.20075727048232436,889,889,889,889,0.9993232267115175,0.1348282904141673
0_0_0_10_14_16,-22.0,5,19,1,0,0,1,18,15,1.0,0.37409922174543,0.499279377396344,510,510,510,510,0.9993232267115175,0.1348282904141673
0_0_0_10_14_16,-22.0,5,20,1,0,1,2,3,2,0.976150989786303,0.9912554437322095,0.9882345529430283,314,860,860,314,0.9993232267115175,0.1348282904141673
0_0_0_10_14_16,-22.0,5,21,1,0,0,1,15,10,1.0,0.35932346808575805,0.48745877446860647,553,553,553,553,0.9993232267115175,0.1348282904141673
0_0_0_10_14_16,-22.0,5,22,1,0,0,1,22,18,1.0,0.02265259183216367,0.21812207346573095,629,629,629,629,0.9993232267115175,0.1348282904141673
0_0_0_10_14_16,-22.0,5,23,0,,,,,,,,,,,,,,
0_0_0_10_14_16,-22.0,5,24,1,0,0,1,1,1,1.0,0.9822019765379458,0.9857615812303566,874,874,874,874,0.9993232267115175,0.1348282904141673
0_0_0_10_14_16,-22.0,5,25,1,0,0,1,13,11,1.0,0.4550270642156813,0.5640216513725451,720,720,720,720,0.9993232267115175,0.1348282904141673
0_0_0_10_14_16,-22.0,5,26,1,0,0,1,17,16,1.0,0.30989955619064047,0.4479196449525124,314,314,314,314,0.9993232267115175,0.1348282904141673
0_0_0_10_14_16,-22.0,5,27,0,,,,,,,,,,,,,,
0_0_0_10_14_16,-22.0,5,28,1,0,0,1,7,5,1.0,0.7934906134660519,0.8347924907728415,7,7,7,7,0.9993232267115175,0.1348282904141673
0_0_0_10_14_16,-22.0,5,29,0,,,,,,,,,,,,,,
0_0_0_10_14_16,-22.0,5,30,1,0,0,1,15,15,1.0,0.22522243113858204,0.38017794491086565,823,823,823,823,0.9993232267115175,0.1348282904141673
0_0_0_10_14_16,-22.0,5,31,1,0,0,1,22,17,1.0,0.009661084942233888,0.20772886795378712,913,913,913,913,0.9993232267115175,0.1348282904141673
0_0_0_10_14_16,-22.0,5,32,1,0,0,1,17,17,1.0,0.24979130308143732,0.3998330424651499,741,741,741,741,0.9993232267115175,0.1348282904141673
0_0_0_10_14_16,-22.0,5,33,1,0,1,3,3,3,0.9063094694208867,0.9196836349216394,0.9170088018214889,731,581,581,731,0.9993232267115175,0.1348282904141673
0_0_0_10_14_16,-22.0,5,34,1,0,0,1,4,3,1.0,0.6967160576313455,0.7573728461050764,91,91,91,91,0.9993232267115175,0.1348282904141673
0_0_0_10_14_16,-22.0,6,0,1,0,0,1,8,1,1.0,0.9513509592928115,0.9610807674342492,803,803,803,803,0.999375223348867,0.14092329519974578
0_0_0_10_14_16,-22.0,6,1,1,0,0,1,20,19,1.0,0.20672130376104536,0.36537704300883633,826,826,826,826,0.999375223348867,0.14092329519974578
0_0_0_10_14_16,-22.0,6,2,1,0,0,1,12,10,1.0,0.12375525943510729,0.2990042075480859,871,871,871,871,0.999375223348867,0.14092329519974578
0_0_0_10_14_16,-22.0,6,3,1,0,0,1,10,4,1.0,0.8335685807386365,0.8668548645909093,718,718,718,718,0.999375223348867,0.14092329519974578
0_0_0_10_14_16,-22.0,6,4,1,0,0,1,5,1,1.0,0.9255361262735844,0.9404289010188676,107,107,107,107,0.999375223348867,0.14092329519974578
0_0_0_10_14_16,-22.0,6,5,1,0,0,1,21,18,1.0,0.027681909679535932,0.22214552774362875,468,468,468,468,0.999375223348867,0.14092329519974578
0_0_0_10_14_16,-22.0,6,6,0,,,,,,,,,,,,,,
0_0_0_10_14_16,-22.0,6,7,1,0,0,1,2,1,1.0,0.9967304559473864,0.9973843647579093,713,713,713,713,0.999375223348867,0.14092329519974578
0_0_0_10_14_16,-22.0,6,8,1,0,0,1,18,16,1.0,0.266393892920802,0.4131151143366416,865,865,865,865,0.999375223348867,0.14092329519974578
0_0_0_10_14_16,-22.0,6,9,1,0,0,1,19,15,1.0,0.07028200969910914,0.2562256077592873,492,492,492,492,0.999375223348867,0.14092329519974578
0_0_0_10_14_16,-22.0,6,10,1,0,0,1,4,1,1.0,0.9236286991879171,0.9389029593503337,765,765,765,765,0.999375223348867,0.14092329519974578
0_0_0_10_14_16,-22.0,6,11,1,0,0,1,9,8,1.0,0.7973451803891406,0.8378761443113125,1023,1023,1023,1023,0.999375223348867,0.14092329519974578
0_0_0_10_14_16,-22.0,6,12,1,0,1,2,19,18,0.8989557099231529,0.06955267709365409,0.23543328365955385,296,597,597,296,0.999375223348867,0.14092329519974578
0_0_0_10_14_16,-22.0,6,13,1,0,0,1,18,18,1.0,0.20879054778263173,0.36703243822610543,562,562,562,562,0.999375223348867,0.14092329519974578
0_0_0_10_14_16,-22.0,6,14,1,0,0,1,2,1,1.0,0.9992222495908194,0.9993777996726556,478,478,478,478,0.999375223348867,0.14092329519974578
0_0_0_10_14_16,-22.0,6,15,1,0,1,3,13,12,0.8411077781794342,0.5698637049164567,0.6241125195690522,266,267,267,266,0.999375223348867,0.14092329519974578
0_0_0_10_14_16,-22.0,6,16,1,0,0,1,23,20,1.0,0.0023770087950617524,0.20190160703604942,917,917,917,917,0.999375223348867,0.14092329519974578
0_0_0_10_14_16,-22.0,6,17,1,0,0,1,7,4,1.0,0.8544978034671218,0.8835982427736975,656,656,656,656,0.999375223348867,0.14092329519974578
0_0_0_10_14_16,-22.0,6,18,1,0,0,1,8,1,1.0,0.918756898772062,0.9350055190176496,889,889,889,889,0.999375223348867,0.14092329519974578
0_0_0_10_14_16,-22.0,6,19,1,0,0,1,18,16,1.0,0.24197471142539145,0.3935797691403132,510,510,510,510,0.999375223348867,0.14092329519974578
0_0_0_10_14_16,-22.0,6,20,1,0,0,1,21,13,1.0,0.11945307288514684,0.2955624583081175,860,860,860,860,0.999375223348867,0.14092329519974578
0_0_0_10_14_16,-22.0,6,21,1,0,0,1,10,9,1.0,0.7285451844369681,0.7828361475495746,553,553,553,553,0.999375223348867,0.14092329519974578
0_0_0_10_14_16,-22.0,6,22,1,0,0,1,4,1,1.0,0.9567048486153396,0.9653638788922716,629,629,629,629,0.999375223348867,0.14092329519974578
0_0_0_10_14_16,-22.0,6,23,1,0,1,2,22,20,0.9072886100899571,0.06560936078546575,0.23394521064636403,245,759,759,245,0.999375223348867,0.14092329519974578
0_0_0_10_14_16,-22.0,6,24,1,0,1,2,20,18,0.9922237405878717,0.15196009532391574,0.320012824376707,347,874,874,347,0.999375223348867,0.14092329519974578
0_0_0_10_14_16,-22.0,6,25,1,0,0,1,10,7,1.0,0.7841184622242245,0.8272947697793798,720,720,720,720,0.999375223348867,0.14092329519974578
0_0_0_10_14_16,-22.0,6,26,1,0,0,1,5,2,1.0,0.8934607587314973,0.9147686069851979,314,314,314,314,0.999375223348867,0.14092329519974578
0_0_0_10_14_16,-22.0,6,27,1,0,0,1,22,22,1.0,0.016236029203685942,0.21298882336294878,602,602,602,602,0.999375223348867,0.14092329519974578
0_0_0_10_14_16,-22.0,6,28,1,0,0,1,20,16,1.0,0.25541837567178627,0.40433470053742904,7,7,7,7,0.999375223348867,0.14092329519974578
0_0_0_10_14_16,-22.0,6,29,1,0,0,1,1,1,1.0,0.8350698344841692,0.8680558675873353,610,610,610,610,0.999375223348867,0.14092329519974578
0_0_0_10_14_16,-22.0,6,30,1,0,0,1,11,10,1.0,0.5110447395149837,0.6088357916119871,791,791,791,791,0.999375223348867,0.14092329519974578
0_0_0_10_14_16,-22.0,6,31,1,0,1,5,20,17,0.8945211940115224,0.2461504828373085,0.3758246250721513,515,928,928,515,0.999375223348867,0.14092329519974578
0_0_0_10_14_16,-22.0,6,32,1,0,1,8,16,16,0.7619465040279202,0.23301550998350612,0.33880170879238897,324,760,760,324,0.999375223348867,0.14092329519974578
0_0_0_10_14_16,-22.0,6,33,1,0,0,1,12,7,1.0,0.6520227321023639,0.7216181856818913,584,584,584,584,0.999375223348867,0.14092329519974578
0_0_0_10_14_16,-22.0,6,34,1,1,1,2,8,5,0.8927350023558948,0.9117624345838389,0.9079569481382501,372,932,777,372,0.999375223348867,0.14092329519974578
0_0_0_10_14_16,-22.0,8,0,1,0,0,1,23,19,1.0,0.01080001316027962,0.2086400105282237,803,803,803,803,0.9996001499352228,0.1390416353093804
0_0_0_10_14_16,-22.0,8,1,1,0,0,1,1,1,1.0,0.9973205015443878,0.9978564012355102,711,711,711,711,0.9996001499352228,0.1390416353093804
0_0_0_10_14_16,-22.0,8,2,1,0,0,1,15,11,1.0,0.35047728068608086,0.4803818245488647,922,922,922,922,0.9996001499352228,0.1390416353093804
0_0_0_10_14_16,-22.0,8,3,1,0,0,1,16,16,1.0,0.28440920956968174,0.4275273676557454,691,691,691,691,0.9996001499352228,0.1390416353093804
0_0_0_10_14_16,-22.0,8,4,1,0,0,1,5,1,1.0,0.9420354399393638,0.953628351951491,86,86,86,86,0.9996001499352228,0.1390416353093804
0_0_0_10_14_16,-22.0,8,5,1,0,0,1,22,16,1.0,0.008294787958803784,0.20663583036704303,468,468,468,468,0.9996001499352228,0.1390416353093804
0_0_0_10_14_16,-22.0,8,6,1,0,0,1,6,5,1.0,0.7566602281293844,0.8053281825035075,89,89,89,89,0.9996001499352228,0.1390416353093804
0_0_0_10_14_16,-22.0,8,7,1,0,0,1,11,7,1.0,0.7728949489474097,0.8183159591579279,713,713,713,713,0.9996001499352228,0.1390416353093804
0_0_0_10_14_16,-22.0,8,8,1,0,0,1,22,21,1.0,0.038126045224868566,0.23050083617989486,865,865,865,865,0.9996001499352228,0.1390416353093804
0_0_0_10_14_16,-22.0,8,9,1,0,0,1,9,5,1.0,0.7640467671807307,0.8112374137445846,492,492,492,492,0.9996001499352228,0.1390416353093804
0_0_0_10_14_16,-22.0,8,10,1,0,0,1,11,7,1.0,0.50008386645423,0.600067093163384,765,765,765,765,0.9996001499352228,0.1390416353093804
0_0_0_10_14_16,-22.0,8,11,1,0,0,1,18,16,1.0,0.14319365499767317,0.31455492399813856,1023,1023,1023,1023,0.9996001499352228,0.1390416353093804
0_0_0_10_14_16,-22.0,8,12,0,,,,,,,,,,,,,,
0_0_0_10_14_16,-22.0,8,13,1,0,0,1,19,14,1.0,0.09852353178999157,0.27881882543199327,562,562,562,562,0.9996001499352228,0.1390416353093804
0_0_0_10_14_16,-22.0,8,14,1,0,0,1,12,9,1.0,0.6695758620144884,0.7356606896115907,478,478,478,478,0.9996001499352228,0.1390416353093804
0_0_0_10_14_16,-22.0,8,15,1,0,0,1,3,1,1.0,0.9097297783320004,0.9277838226656003,267,267,267,267,0.9996001499352228,0.1390416353093804
0_0_0_10_14_16,-22.0,8,16,1,0,0,1,23,20,1.0,0.019754503962112757,0.21580360316969022,917,917,917,917,0.9996001499352228,0.1390416353093804
0_0_0_10_14_16,-22.0,8,17,1,0,0,1,11,10,1.0,0.5795318741584788,0.6636254993267832,656,656,656,656,0.9996001499352228,0.1390416353093804
0_0_0_10_14_16,-22.0,8,18,1,0,0,1,12,8,1.0,0.671512129020319,0.7372097032162552,889,889,889,889,0.9996001499352228,0.1390416353093804
0_0_0_10_14_16,-22.0,8,19,1,0,0,1,21,19,1.0,0.00582031777586467,0.20465625422069175,510,510,510,510,0.9996001499352228,0.1390416353093804
0_0_0_10_14_16,-22.0,8,20,1,0,1,8,8,8,0.8865593389719566,0.7353086281174153,0.7655587702883235,464,860,860,464,0.9996001499352228,0.1390416353093804
0_0_0_10_14_16,-22.0,8,21,1,0,1,15,3,4,0.6249943829307608,0.8947045299744009,0.8407625005656729,46,553,553,46,0.9996001499352228,0.1390416353093804
0_0_0_10_14_16,-22.0,8,22,1,0,0,1,24,21,1.0,0.0004666502501649572,0.200373320200132,629,629,629,629,0.9996001499352228,0.1390416353093804
0_0_0_10_14_16,-22.0,8,23,1,0,0,1,12,6,1.0,0.6849512387125732,0.7479609909700586,759,759,759,759,0.9996001499352228,0.1390416353093804
0_0_0_10_14_16,-22.0,8,24,1,0,0,1,6,1,1.0,0.8841767059978312,0.9073413647982649,874,874,874,874,0.9996001499352228,0.1390416353093804
0_0_0_10_14_16,-22.0,8,25,1,0,0,1,24,20,1.0,0.00014346530416747827,0.200114772243334,720,720,720,720,0.9996001499352228,0.1390416353093804
0_0_0_10_14_16,-22.0,8,26,1,0,1,2,7,5,0.9206097253127822,0.8611965452943484,0.8730791812980352,96,314,314,96,0.9996001499352228,0.1390416353093804
0_0_0_10_14_16,-22.0,8,27,1,0,1,3,13,11,0.9218893399279192,0.3812978561055918,0.48941615287005735,620,602,602,620,0.9996001499352228,0.1390416353093804
0_0_0_10_14_16,-22.0,8,28,1,0,0,1,23,20,1.0,0.002633717031707339,0.2021069736253659,7,7,7,7,0.9996001499352228,0.1390416353093804
0_0_0_10_14_16,-22.0,8,29,1,0,0,1,5,3,1.0,0.880588300818769,0.9044706406550154,610,610,610,610,0.9996001499352228,0.1390416353093804
0_0_0_10_14_16,-22.0,8,30,1,0,0,1,2,1,1.0,0.9843870283040195,0.9875096226432156,775,775,775,775,0.9996001499352228,0.1390416353093804
0_0_0_10_14_16,-22.0,8,31,1,0,0,1,23,20,1.0,0.021817000530222508,0.21745360042417802,920,920,920,920,0.9996001499352228,0.1390416353093804
0_0_0_10_14_16,-22.0,8,32,1,0,0,1,10,8,1.0,0.5944606791828713,0.675568543346297,753,753,753,753,0.9996001499352228,0.1390416353093804
0_0_0_10_14_16,-22.0,8,33,1,0,1,3,8,7,0.7145666025108586,0.7339878604751471,0.7301036088822894,548,586,586,548,0.9996001499352228,0.1390416353093804
0_0_0_10_14_16,-22.0,8,34,1,0,0,1,24,20,1.0,0.009370961642482911,0.20749676931398633,91,91,91,91,0.9996001499352228,0.1390416353093804
0_0_0_10_14_16,-22.0,9,0,1,0,0,1,6,1,1.0,0.8606721197999365,0.8885376958399493,222,222,222,222,0.9996667624003006,0.1397757614496968
0_0_0_10_14_16,-22.0,9,1,1,0,0,1,15,11,1.0,0.33084923801934357,0.4646793904154749,826,826,826,826,0.9996667624003006,0.1397757614496968
0_0_0_10_14_16,-22.0,9,2,1,0,0,1,13,9,1.0,0.5391568276568754,0.6313254621255004,922,922,922,922,0.9996667624003006,0.1397757614496968
0_0_0_10_14_16,-22.0,9,3,1,1,1,2,4,4,0.8606804981616942,0.9083996124214804,0.8988557895695233,827,691,827,827,0.9996667624003006,0.1397757614496968
0_0_0_10_14_16,-22.0,9,4,1,0,0,1,20,18,1.0,0.13401707866906648,0.3072136629352532,86,86,86,86,0.9996667624003006,0.1397757614496968
0_0_0_10_14_16,-22.0,9,5,1,0,0,1,3,1,1.0,0.9762459927896487,0.980996794231719,468,468,468,468,0.9996667624003006,0.1397757614496968
0_0_0_10_14_16,-22.0,9,6,1,0,0,1,23,19,1.0,0.02819011368197849,0.22255209094558281,89,89,89,89,0.9996667624003006,0.1397757614496968
0_0_0_10_14_16,-22.0,9,7,1,0,0,1,9,6,1.0,0.6999488372460753,0.7599590697968603,713,713,713,713,0.9996667624003006,0.1397757614496968
0_0_0_10_14_16,-22.0,9,8,1,0,0,1,15,13,1.0,0.32313162546012997,0.458505300368104,865,865,865,865,0.9996667624003006,0.1397757614496968
0_0_0_10_14_16,-22.0,9,9,1,0,0,1,18,16,1.0,0.1219751565495415,0.29758012523963323,492,492,492,492,0.9996667624003006,0.1397757614496968
0_0_0_10_14_16,-22.0,9,10,1,0,1,2,2,1,0.845571548441193,0.9963593950753261,0.9662018257484996,764,765,765,764,0.9996667624003006,0.1397757614496968
0_0_0_10_14_16,-22.0,9,11,1,0,0,1,21,18,1.0,0.006580868878875712,0.20526469510310058,1023,1023,1023,1023,0.9996667624003006,0.1397757614496968
0_0_0_10_14_16,-22.0,9,12,1,0,0,1,7,6,1.0,0.7575592339303596,0.8060473871442877,597,597,597,597,0.9996667624003006,0.1397757614496968
0_0_0_10_14_16,-22.0,9,13,1,0,0,1,14,12,1.0,0.3865869553972066,0.5092695643177654,562,562,562,562,0.9996667624003006,0.1397757614496968
0_0_0_10_14_16,-22.0,9,14,1,0,0,1,12,11,1.0,0.40536435972292983,0.5242914877783439,478,478,478,478,0.9996667624003006,0.1397757614496968
0_0_0_10_14_16,-22.0,9,15,1,0,1,4,5,2,0.9091677311836909,0.9577953874400899,0.9480698561888101,375,267,267,375,0.9996667624003006,0.1397757614496968
0_0_0_10_14_16,-22.0,9,16,1,0,0,1,20,18,1.0,0.08052272419591622,0.264418179356733,917,917,917,917,0.9996667624003006,0.1397757614496968
0_0_0_10_14_16,-22.0,9,17,1,0,0,1,8,7,1.0,0.7240787241554618,0.7792629793243695,656,656,656,656,0.9996667624003006,0.1397757614496968
0_0_0_10_14_16,-22.0,9,18,1,0,1,3,12,11,0.8984934359579464,0.5574308959420725,0.6256434039452473,154,889,889,154,0.9996667624003006,0.1397757614496968
0_0_0_10_14_16,-22.0,9,19,1,0,1,5,21,21,0.8141490019094996,0.09163039614016116,0.23613411729402886,193,510,510,193,0.9996667624003006,0.1397757614496968
0_0_0_10_14_16,-22.0,9,20,1,0,1,5,5,2,0.8865130885084176,0.980423769284577,0.9616416331293451,913,860,860,913,0.9996667624003006,0.1397757614496968
0_0_0_10_14_16,-22.0,9,21,1,0,0,1,24,20,1.0,0.08695566467423549,0.26956453173938844,553,553,553,553,0.9996667624003006,0.1397757614496968
0_0_0_10_14_16,-22.0,9,22,1,0,1,4,8,7,0.6330526904172948,0.8003139543195044,0.7668617015390625,444,629,629,444,0.9996667624003006,0.1397757614496968
0_0_0_10_14_16,-22.0,9,23,1,0,0,1,10,9,1.0,0.7134327135337508,0.7707461708270007,759,759,759,759,0.9996667624003006,0.1397757614496968
0_0_0_10_14_16,-22.0,9,24,1,0,0,1,20,19,1.0,0.052795564498585634,0.24223645159886853,874,874,874,874,0.9996667624003006,0.1397757614496968
0_0_0_10_14_16,-22.0,9,25,1,0,0,1,7,3,1.0,0.8763647951652481,0.9010918361321985,720,720,720,720,0.9996667624003006,0.1397757614496968
0_0_0_10_14_16,-22.0,9,26,1,0,1,6,10,10,0.817485412944014,0.6129700336423406,0.6538731095026753,313,314,314,313,0.9996667624003006,0.1397757614496968
0_0_0_10_14_16,-22.0,9,27,1,0,0,1,19,18,1.0,0.2865854492302784,0.42926835938422275,602,602,602,602,0.9996667624003006,0.1397757614496968
0_0_0_10_14_16,-22.0,9,28,1,1,1,16,4,3,0.6906310316995521,0.9963377850714114,0.9351964343970396,285,7,356,285,0.9996667624003006,0.1397757614496968
0_0_0_10_14_16,-22.0,9,29,1,1,1,2,23,22,0.9289633819388853,0.007148290614949648,0.1915113088797368,609,610,176,609,0.9996667624003006,0.1397757614496968
0_0_0_10_14_16,-22.0,9,30,1,0,0,1,19,15,1.0,0.22934503634080955,0.38347602907264766,794,794,794,794,0.9996667624003006,0.1397757614496968
0_0_0_10_14_16,-22.0,9,31,1,0,0,1,3,1,1.0,0.9920872660394329,0.9936698128315464,905,905,905,905,0.9996667624003006,0.1397757614496968
0_0_0_10_14_16,-22.0,9,32,0,,,,,,,,,,,,,,
0_0_0_10_14_16,-22.0,9,33,1,0,1,4,13,13,0.8490328147163133,0.4657824947192513,0.5424325587186638,1009,580,580,1009,0.9996667624003006,0.1397757614496968
0_0_0_10_14_16,-22.0,9,34,1,0,0,1,12,9,1.0,0.672708846905616,0.7381670775244928,89,89,89,89,0.9996667624003006,0.1397757614496968
0_0_0_10_14_16,-22.0,10,0,1,0,0,1,20,16,1.0,0.03168014285774684,0.2253441142861975,803,803,803,803,4.165900716723847e-06,3.818918451351748
0_0_0_10_14_16,-22.0,10,1,1,0,0,1,23,18,1.0,0.001157636429574338,0.2009261091436595,826,826,826,826,4.165900716723847e-06,3.818918451351748
0_0_0_10_14_16,-22.0,10,2,1,0,0,1,23,21,1.0,0.004789685180196623,0.2038317481441573,922,922,922,922,4.165900716723847e-06,3.818918451351748
0_0_0_10_14_16,-22.0,10,3,1,0,0,1,23,19,1.0,0.04006631447124115,0.23205305157699294,691,691,691,691,4.165900716723847e-06,3.818918451351748
0_0_0_10_14_16,-22.0,10,4,1,1,0,1,17,15,1.0,0.2531001316657455,0.4024801053325964,107,107,512,107,4.165900716723847e-06,3.818918451351748
0_0_0_10_14_16,-22.0,10,5,1,0,1,5,20,20,0.8481001491855901,0.14293964357158445,0.2839717446943856,816,468,468,816,4.165900716723847e-06,3.818918451351748
0_0_0_10_14_16,-22.0,10,6,1,0,0,1,17,15,1.0,0.09064655227838886,0.2725172418227111,89,89,89,89,4.165900716723847e-06,3.818918451351748
0_0_0_10_14_16,-22.0,10,7,1,0,0,1,18,15,1.0,0.1881429789763011,0.3505143831810409,713,713,713,713,4.165900716723847e-06,3.818918451351748
0_0_0_10_14_16,-22.0,10,8,1,0,1,5,14,14,0.8279869889474981,0.38098134082929824,0.47038247045293824,492,865,865,492,4.165900716723847e-06,3.818918451351748
0_0_0_10_14_16,-22.0,10,9,1,0,1,6,9,9,0.7350587167160288,0.6839407764017442,0.6941643644646012,288,492,492,288,4.165900716723847e-06,3.818918451351748
0_0_0_10_14_16,-22.0,10,10,1,0,0,1,8,7,1.0,0.7078579020230648,0.7662863216184519,765,765,765,765,4.165900716723847e-06,3.818918451351748
0_0_0_10_14_16,-22.0,10,11,1,0,0,1,11,10,1.0,0.6815077805539879,0.7452062244431903,1023,1023,1023,1023,4.165900716723847e-06,3.818918451351748
0_0_0_10_14_16,-22.0,10,12,1,0,1,4,13,12,0.8477472251105349,0.626296314537309,0.6705864966519542,130,597,597,130,4.165900716723847e-06,3.818918451351748
0_0_0_10_14_16,-22.0,10,13,1,0,0,1,2,1,1.0,0.9876435936846284,0.9901148749477027,562,562,562,562,4.165900716723847e-06,3.818918451351748
0_0_0_10_14_16,-22.0,10,14,1,0,0,1,3,1,1.0,0.9592573730346329,0.9674058984277063,478,478,478,478,4.165900716723847e-06,3.818918451351748
0_0_0_10_14_16,-22.0,10,15,1,0,0,1,5,1,1.0,0.9673591566717394,0.9738873253373916,267,267,267,267,4.165900716723847e-06,3.818918451351748
0_0_0_10_14_16,-22.0,10,16,1,0,1,3,6,4,0.8573058514489226,0.852821314851637,0.8537182221710942,426,917,917,426,4.165900716723847e-06,3.818918451351748
0_0_0_10_14_16,-22.0,10,17,1,0,0,1,12,7,1.0,0.6353963583947573,0.708317086715806,656,656,656,656,4.165900716723847e-06,3.818918451351748
0_0_0_10_14_16,-22.0,10,18,1,0,0,1,16,12,1.0,0.4671215299772763,0.573697223981821,889,889,889,889,4.165900716723847e-06,3.818918451351748
0_0_0_10_14_16,-22.0,10,19,1,0,1,2,15,14,0.9490730428192952,0.3279089776952755,0.45214179072007943,122,510,510,122,4.165900716723847e-06,3.818918451351748
0_0_0_10_14_16,-22.0,10,20,1,0,0,1,16,13,1.0,0.2602802558626601,0.4082242046901281,860,860,860,860,4.165900716723847e-06,3.818918451351748
0_0_0_10_14_16,-22.0,10,21,1,0,0,1,23,17,1.0,0.0045693118528666865,0.20365544948229336,553,553,553,553,4.165900716723847e-06,3.818918451351748
0_0_0_10_14_16,-22.0,10,22,1,0,0,1,17,15,1.0,0.09071216657270809,0.27256973325816647,629,629,629,629,4.165900716723847e-06,3.818918451351748
0_0_0_10_14_16,-22.0,10,23,1,0,0,1,15,14,1.0,0.10549116366899436,0.2843929309351955,759,759,759,759,4.165900716723847e-06,3.818918451351748
0_0_0_10_14_16,-22.0,10,24,1,0,0,1,14,12,1.0,0.34928360380720685,0.47942688304576553,874,874,874,874,4.165900716723847e-06,3.818918451351748
0_0_0_10_14_16,-22.0,10,25,1,0,0,1,15,15,1.0,0.4390259890423646,0.5512207912338918,720,720,720,720,4.165900716723847e-06,3.818918451351748
0_0_0_10_14_16,-22.0,10,26,1,0,0,1,8,6,1.0,0.7827461883244482,0.8261969506595586,314,314,314,314,4.165900716723847e-06,3.818918451351748
0_0_0_10_14_16,-22.0,10,27,1,0,0,1,3,1,1.0,0.9323630563779599,0.945890445102368,602,602,602,602,4.165900716723847e-06,3.818918451351748
0_0_0_10_14_16,-22.0,10,28,1,0,0,1,2,1,1.0,0.9882650236912096,0.9906120189529677,7,7,7,7,4.165900716723847e-06,3.818918451351748
0_0_0_10_14_16,-22.0,10,29,1,0,0,1,10,6,1.0,0.6000908646364452,0.6800726917091562,610,610,610,610,4.165900716723847e-06,3.818918451351748
0_0_0_10_14_16,-22.0,10,30,1,0,0,1,12,10,1.0,0.5575605053782454,0.6460484043025964,826,826,826,826,4.165900716723847e-06,3.818918451351748
0_0_0_10_14_16,-22.0,10,31,1,0,1,2,13,11,0.974533559376551,0.29237042178559924,0.4288030493037896,903,904,904,903,4.165900716723847e-06,3.818918451351748
0_0_0_10_14_16,-22.0,10,32,1,0,0,1,19,17,1.0,0.2736235165153904,0.41889881321231237,760,760,760,760,4.165900716723847e-06,3.818918451351748
0_0_0_10_14_16,-22.0,10,33,1,0,0,1,22,21,1.0,0.04002517200778671,0.2320201376062294,577,577,577,577,4.165900716723847e-06,3.818918451351748
0_0_0_10_14_16,-22.0,10,34,1,0,0,1,20,18,1.0,0.08002008595195526,0.26401606876156425,930,930,930,930,4.165900716723847e-06,3.818918451351748
0_0_0_10_14_16,-22.0,11,0,1,0,0,1,4,1,1.0,0.9320341107793488,0.9456272886234791,222,222,222,222,0.4418793429212805,0.39745775789495746
0_0_0_10_14_16,-22.0,11,1,1,0,0,1,18,16,1.0,0.21202262629775953,0.36961810103820764,711,711,711,711,0.4418793429212805,0.39745775789495746
0_0_0_10_14_16,-22.0,11,2,1,0,0,1,23,18,1.0,0.00039144020513709465,0.2003131521641097,871,871,871,871,0.4418793429212805,0.39745775789495746
0_0_0_10_14_16,-22.0,11,3,1,0,0,1,15,15,1.0,0.3319957541740587,0.46559660333924696,691,691,691,691,0.4418793429212805,0.39745775789495746
0_0_0_10_14_16,-22.0,11,4,1,0,0,1,13,9,1.0,0.24862770551299618,0.39890216441039694,86,86,86,86,0.4418793429212805,0.39745775789495746
0_0_0_10_14_16,-22.0,11,5,1,0,0,1,2,1,1.0,0.9982941599418065,0.9986353279534452,468,468,468,468,0.4418793429212805,0.39745775789495746
0_0_0_10_14_16,-22.0,11,6,1,0,0,1,21,20,1.0,0.18890586468842502,0.35112469175074,89,89,89,89,0.4418793429212805,0.39745775789495746
0_0_0_10_14_16,-22.0,11,7,1,0,1,2,10,10,0.994030702559665,0.6929703058069728,0.7531823851575113,707,713,713,707,0.4418793429212805,0.39745775789495746
0_0_0_10_14_16,-22.0,11,8,1,0,0,1,14,13,1.0,0.3652844515216831,0.4922275612173465,865,865,865,865,0.4418793429212805,0.39745775789495746
0_0_0_10_14_16,-22.0,11,9,1,0,0,1,8,6,1.0,0.6988186720230027,0.7590549376184021,492,492,492,492,0.4418793429212805,0.39745775789495746
0_0_0_10_14_16,-22.0,11,10,1,0,0,1,5,1,1.0,0.9135956861684964,0.9308765489347972,765,765,765,765,0.4418793429212805,0.39745775789495746
0_0_0_10_14_16,-22.0,11,11,1,0,0,1,16,16,1.0,0.45391432650505015,0.5631314612040401,1023,1023,1023,1023,0.4418793429212805,0.39745775789495746
0_0_0_10_14_16,-22.0,11,12,1,0,0,1,13,7,1.0,0.5257827571470394,0.6206262057176315,597,597,597,597,0.4418793429212805,0.39745775789495746
0_0_0_10_14_16,-22.0,11,13,1,0,0,1,16,15,1.0,0.3340218920363148,0.4672175136290519,562,562,562,562,0.4418793429212805,0.39745775789495746
0_0_0_10_14_16,-22.0,11,14,1,0,0,1,18,17,1.0,0.09074212302449702,0.27259369841959763,478,478,478,478,0.4418793429212805,0.39745775789495746
0_0_0_10_14_16,-22.0,11,15,1,0,0,1,13,10,1.0,0.4350478073247555,0.5480382458598044,267,267,267,267,0.4418793429212805,0.39745775789495746
0_0_0_10_14_16,-22.0,11,16,1,0,0,1,4,1,1.0,0.8471933882535458,0.8777547106028367,917,917,917,917,0.4418793429212805,0.39745775789495746
0_0_0_10_14_16,-22.0,11,17,1,0,0,1,24,21,1.0,0.009886469133217668,0.20790917530657416,656,656,656,656,0.4418793429212805,0.39745775789495746
0_0_0_10_14_16,-22.0,11,18,1,0,0,1,24,18,1.0,0.0004778031288439899,0.2003822425030752,889,889,889,889,0.4418793429212805,0.39745775789495746
0_0_0_10_14_16,-22.0,11,19,1,0,0,1,9,7,1.0,0.7675942827481645,0.8140754261985317,510,510,510,510,0.4418793429212805,0.39745775789495746
0_0_0_10_14_16,-22.0,11,20,1,0,0,1,21,21,1.0,0.03481570119717714,0.22785256095774173,860,860,860,860,0.4418793429212805,0.39745775789495746
0_0_0_10_14_16,-22.0,11,21,1,0,0,1,5,1,1.0,0.9803000189631224,0.984240015170498,553,553,553,553,0.4418793429212805,0.39745775789495746
0_0_0_10_14_16,-22.0,11,22,1,0,0,1,9,3,1.0,0.8857331247220546,0.9085864997776436,629,629,629,629,0.4418793429212805,0.39745775789495746
0_0_0_10_14_16,-22.0,11,23,1,0,0,1,7,4,1.0,0.8424300452245413,0.8739440361796331,759,759,759,759,0.4418793429212805,0.39745775789495746
0_0_0_10_14_16,-22.0,11,24,1,0,0,1,2,1,1.0,0.9902257869260329,0.9921806295408264,874,874,874,874,0.4418793429212805,0.39745775789495746
0_0_0_10_14_16,-22.0,11,25,1,0,0,1,3,1,1.0,0.9306335622869607,0.9445068498295686,720,720,720,720,0.4418793429212805,0.39745775789495746
0_0_0_10_14_16,-22.0,11,26,1,0,0,1,16,15,1.0,0.22897962279277734,0.3831836982342219,314,314,314,314,0.4418793429212805,0.39745775789495746
0_0_0_10_14_16,-22.0,11,27,1,0,0,1,18,15,1.0,0.032505599139589,0.22600447931167122,602,602,602,602,0.4418793429212805,0.39745775789495746
0_0_0_10_14_16,-22.0,11,28,1,0,0,1,7,4,1.0,0.7834838766608312,0.826787101328665,7,7,7,7,0.4418793429212805,0.39745775789495746
0_0_0_10_14_16,-22.0,11,29,1,0,0,1,19,17,1.0,0.08127070718129281,0.2650165657450343,610,610,610,610,0.4418793429212805,0.39745775789495746
0_0_0_10_14_16,-22.0,11,30,1,0,0,1,21,17,1.0,0.0035625922740761262,0.2028500738192609,823,823,823,823,0.4418793429212805,0.39745775789495746
0_0_0_10_14_16,-22.0,11,31,1,0,0,1,23,20,1.0,0.05369334489076394,0.24295467591261116,905,905,905,905,0.4418793429212805,0.39745775789495746
0_0_0_10_14_16,-22.0,11,32,1,0,0,1,5,1,1.0,0.9263003578830676,0.9410402863064542,748,748,748,748,0.4418793429212805,0.39745775789495746
0_0_0_10_14_16,-22.0,11,33,1,0,0,1,7,5,1.0,0.8460922186964133,0.8768737749571307,586,586,586,586,0.4418793429212805,0.39745775789495746
0_0_0_10_14_16,-22.0,11,34,1,0,0,1,6,3,1.0,0.7741653624939515,0.8193322899951612,93,93,93,93,0.4418793429212805,0.39745775789495746
0_0_0_10_14_16,-22.0,12,0,1,0,0,1,3,1,1.0,0.9388699752596891,0.9510959802077512,803,803,803,803,0.8377899376251581,0.6153595966420867
0_0_0_10_14_16,-22.0,12,1,1,0,0,1,11,11,1.0,0.5452267220237323,0.636181377618986,711,711,711,711,0.8377899376251581,0.6153595966420867
0_0_0_10_14_16,-22.0,12,2,1,0,0,1,8,6,1.0,0.6768074468088915,0.7414459574471133,871,871,871,871,0.8377899376251581,0.6153595966420867
0_0_0_10_14_16,-22.0,12,3,1,0,0,1,21,19,1.0,0.024394452431637348,0.21951556194530988,691,691,691,691,0.8377899376251581,0.6153595966420867
0_0_0_10_14_16,-22.0,12,4,1,0,0,1,7,7,1.0,0.7394832654087972,0.7915866123270379,107,107,107,107,0.8377899376251581,0.6153595966420867
0_0_0_10_14_16,-22.0,12,5,1,0,0,1,1,1,1.0,0.9958854245081254,0.9967083396065004,468,468,468,468,0.8377899376251581,0.6153595966420867
0_0_0_10_14_16,-22.0,12,6,1,0,1,4,19,18,0.8954330885031726,0.054195512992861794,0.22244302809492397,90,89,89,90,0.8377899376251581,0.6153595966420867
0_0_0_10_14_16,-22.0,12,7,1,0,0,1,4,1,1.0,0.9737240553725848,0.9789792442980678,713,713,713,713,0.8377899376251581,0.6153595966420867
0_0_0_10_14_16,-22.0,12,8,1,0,0,1,2,1,1.0,0.9942130717721999,0.99537045741776,865,865,865,865,0.8377899376251581,0.6153595966420867
0_0_0_10_14_16,-22.0,12,9,1,0,0,1,23,18,1.0,0.012435184397059651,0.20994814751764773,492,492,492,492,0.8377899376251581,0.6153595966420867
0_0_0_10_14_16,-22.0,12,10,1,0,0,1,16,9,1.0,0.3484714871427669,0.4787771897142135,765,765,765,765,0.8377899376251581,0.6153595966420867
0_0_0_10_14_16,-22.0,12,11,1,0,0,1,10,8,1.0,0.7465657720380214,0.7972526176304171,1023,1023,1023,1023,0.8377899376251581,0.6153595966420867
0_0_0_10_14_16,-22.0,12,12,1,0,1,3,19,19,0.9777979005478572,0.25575594142810454,0.4001643332520551,601,597,597,601,0.8377899376251581,0.6153595966420867
0_0_0_10_14_16,-22.0,12,13,1,0,0,1,6,1,1.0,0.9325397179524999,0.9460317743619999,562,562,562,562,0.8377899376251581,0.6153595966420867
0_0_0_10_14_16,-22.0,12,14,1,0,0,1,4,1,1.0,0.9416349029030158,0.9533079223224126,478,478,478,478,0.8377899376251581,0.6153595966420867
0_0_0_10_14_16,-22.0,12,15,1,0,0,1,21,19,1.0,0.021031101800835006,0.21682488144066803,267,267,267,267,0.8377899376251581,0.6153595966420867
0_0_0_10_14_16,-22.0,12,16,1,0,0,1,1,1,1.0,0.9995176171643575,0.9996140937314861,917,917,917,917,0.8377899376251581,0.6153595966420867
0_0_0_10_14_16,-22.0,12,17,1,0,0,1,20,18,1.0,0.09680722221610133,0.2774457777728811,656,656,656,656,0.8377899376251581,0.6153595966420867
0_0_0_10_14_16,-22.0,12,18,1,0,0,1,18,14,1.0,0.19133652085110048,0.3530692166808804,889,889,889,889,0.8377899376251581,0.6153595966420867
0_0_0_10_14_16,-22.0,12,19,1,0,0,1,12,12,1.0,0.7435024655273048,0.7948019724218438,510,510,510,510,0.8377899376251581,0.6153595966420867
0_0_0_10_14_16,-22.0,12,20,1,0,0,1,20,16,1.0,0.040831052540975965,0.2326648420327808,860,860,860,860,0.8377899376251581,0.6153595966420867
0_0_0_10_14_16,-22.0,12,21,1,0,0,1,7,2,1.0,0.8240974262262145,0.8592779409809717,553,553,553,553,0.8377899376251581,0.6153595966420867
0_0_0_10_14_16,-22.0,12,22,1,0,0,1,3,1,1.0,0.9585155710929767,0.9668124568743814,629,629,629,629,0.8377899376251581,0.6153595966420867
0_0_0_10_14_16,-22.0,12,23,1,0,0,1,7,2,1.0,0.8398025716435632,0.8718420573148506,759,759,759,759,0.8377899376251581,0.6153595966420867
0_0_0_10_14_16,-22.0,12,24,1,0,0,1,7,5,1.0,0.769862508498645,0.8158900067989161,874,874,874,874,0.8377899376251581,0.6153595966420867
0_0_0_10_14_16,-22.0,12,25,1,0,0,1,20,15,1.0,0.10551177306813675,0.2844094184545094,720,720,720,720,0.8377899376251581,0.6153595966420867
0_0_0_10_14_16,-22.0,12,26,1,0,0,1,6,4,1.0,0.7900706601076282,0.8320565280861025,314,314,314,314,0.8377899376251581,0.6153595966420867
0_0_0_10_14_16,-22.0,12,27,1,0,0,1,4,1,1.0,0.9479165257638006,0.9583332206110404,602,602,602,602,0.8377899376251581,0.6153595966420867
0_0_0_10_14_16,-22.0,12,28,1,0,0,1,15,12,1.0,0.3836647016053424,0.5069317612842739,7,7,7,7,0.8377899376251581,0.6153595966420867
0_0_0_10_14_16,-22.0,12,29,1,0,0,1,20,20,1.0,0.15922098989515615,0.3273767919161249,610,610,610,610,0.8377899376251581,0.6153595966420867
0_0_0_10_14_16,-22.0,12,30,1,0,0,1,11,11,1.0,0.24000375786069228,0.39200300628855383,791,791,791,791,0.8377899376251581,0.6153595966420867
0_0_0_10_14_16,-22.0,12,31,1,0,0,1,23,18,1.0,0.04410768747184313,0.23528614997747452,904,904,904,904,0.8377899376251581,0.6153595966420867
0_0_0_10_14_16,-22.0,12,32,1,0,0,1,13,10,1.0,0.2620218135311515,0.40961745082492124,761,761,761,761,0.8377899376251581,0.6153595966420867
0_0_0_10_14_16,-22.0,12,33,1,0,0,1,6,1,1.0,0.8968220411726324,0.9174576329381059,587,587,587,587,0.8377899376251581,0.6153595966420867
0_0_0_10_14_16,-22.0,12,34,1,0,0,1,4,1,1.0,0.9877672251438321,0.9902137801150657,934,934,934,934,0.8377899376251581,0.6153595966420867
0_0_0_10_14_16,-22.0,13,0,1,0,0,1,14,12,1.0,0.5113756598085349,0.609100527846828,222,222,222,222,0.9993019785498202,0.14284150521158973
0_0_0_10_14_16,-22.0,13,1,1,0,0,1,4,1,1.0,0.9555482209999058,0.9644385767999246,826,826,826,826,0.9993019785498202,0.14284150521158973
0_0_0_10_14_16,-22.0,13,2,1,0,0,1,22,19,1.0,0.1906483519996804,0.3525186815997443,871,871,871,871,0.9993019785498202,0.14284150521158973
0_0_0_10_14_16,-22.0,13,3,1,0,1,2,15,12,0.9515384976778672,0.27393229235138833,0.4094535334166841,692,691,691,692,0.9993019785498202,0.14284150521158973
0_0_0_10_14_16,-22.0,13,4,1,0,0,1,10,2,1.0,0.8740689466818609,0.8992551573454888,107,107,107,107,0.9993019785498202,0.14284150521158973
0_0_0_10_14_16,-22.0,13,5,1,0,0,1,6,5,1.0,0.8074067538607045,0.8459254030885637,468,468,468,468,0.9993019785498202,0.14284150521158973
0_0_0_10_14_16,-22.0,13,6,1,0,0,1,23,19,1.0,0.005297858704107705,0.20423828696328616,89,89,89,89,0.9993019785498202,0.14284150521158973
0_0_0_10_14_16,-22.0,13,7,1,0,0,1,9,8,1.0,0.6323177143353362,0.7058541714682691,713,713,713,713,0.9993019785498202,0.14284150521158973
0_0_0_10_14_16,-22.0,13,8,1,0,0,1,1,1,1.0,0.9855938070700488,0.9884750456560392,865,865,865,865,0.9993019785498202,0.14284150521158973
0_0_0_10_14_16,-22.0,13,9,1,0,0,1,15,14,1.0,0.3581314687459919,0.4865051749967935,492,492,492,492,0.9993019785498202,0.14284150521158973
0_0_0_10_14_16,-22.0,13,10,1,0,0,1,21,18,1.0,0.08029254765618499,0.264234038124948,765,765,765,765,0.9993019785498202,0.14284150521158973
0_0_0_10_14_16,-22.0,13,11,1,0,0,1,6,1,1.0,0.9258875460632581,0.9407100368506065,1023,1023,1023,1023,0.9993019785498202,0.14284150521158973
0_0_0_10_14_16,-22.0,13,12,1,0,0,1,4,1,1.0,0.940764159619669,0.9526113276957353,597,597,597,597,0.9993019785498202,0.14284150521158973
0_0_0_10_14_16,-22.0,13,13,1,0,0,1,17,14,1.0,0.12509846620260173,0.3000787729620814,562,562,562,562,0.9993019785498202,0.14284150521158973
0_0_0_10_14_16,-22.0,13,14,1,0,0,1,18,14,1.0,0.15260696970322896,0.3220855757625832,478,478,478,478,0.9993019785498202,0.14284150521158973
0_0_0_10_14_16,-22.0,13,15,1,0,0,1,1,1,1.0,0.9947648679184418,0.9958118943347534,267,267,267,267,0.9993019785498202,0.14284150521158973
0_0_0_10_14_16,-22.0,13,16,1,0,0,1,4,1,1.0,0.874143242267388,0.8993145938139104,917,917,917,917,0.9993019785498202,0.14284150521158973
0_0_0_10_14_16,-22.0,13,17,1,0,0,1,22,18,1.0,0.018693087000132613,0.2149544696001061,656,656,656,656,0.9993019785498202,0.14284150521158973
0_0_0_10_14_16,-22.0,13,18,1,0,0,1,18,16,1.0,0.20038625381934932,0.36030900305547947,889,889,889,889,0.9993019785498202,0.14284150521158973
0_0_0_10_14_16,-22.0,13,19,1,0,0,1,4,1,1.0,0.9401077046523882,0.9520861637219107,510,510,510,510,0.9993019785498202,0.14284150521158973
0_0_0_10_14_16,-22.0,13,20,1,0,0,1,7,6,1.0,0.7186856114531536,0.7749484891625229,860,860,860,860,0.9993019785498202,0.14284150521158973
0_0_0_10_14_16,-22.0,13,21,1,0,0,1,24,20,1.0,0.020351344741605326,0.21628107579328426,553,553,553,553,0.9993019785498202,0.14284150521158973
0_0_0_10_14_16,-22.0,13,22,1,0,0,1,20,15,1.0,0.2293296864838173,0.38346374918705384,629,629,629,629,0.9993019785498202,0.14284150521158973
0_0_0_10_14_16,-22.0,13,23,1,0,0,1,5,1,1.0,0.9037389634707795,0.9229911707766236,759,759,759,759,0.9993019785498202,0.14284150521158973
0_0_0_10_14_16,-22.0,13,24,0,,,,,,,,,,,,,,
0_0_0_10_14_16,-22.0,13,25,1,0,0,1,19,18,1.0,0.06481238818591561,0.2518499105487325,720,720,720,720,0.9993019785498202,0.14284150521158973
0_0_0_10_14_16,-22.0,13,26,1,0,0,1,22,20,1.0,0.2061453169340003,0.36491625354720025,314,314,314,314,0.9993019785498202,0.14284150521158973
0_0_0_10_14_16,-22.0,13,27,1,0,0,1,9,1,1.0,0.8841719832034567,0.9073375865627653,602,602,602,602,0.9993019785498202,0.14284150521158973
0_0_0_10_14_16,-22.0,13,28,1,0,0,1,5,1,1.0,0.9253108998448176,0.9402487198758542,7,7,7,7,0.9993019785498202,0.14284150521158973
0_0_0_10_14_16,-22.0,13,29,1,0,0,1,13,13,1.0,0.46888691681582945,0.5751095334526636,610,610,610,610,0.9993019785498202,0.14284150521158973
0_0_0_10_14_16,-22.0,13,30,1,0,0,1,21,16,1.0,0.037882961040281216,0.230306368832225,778,778,778,778,0.9993019785498202,0.14284150521158973
0_0_0_10_14_16,-22.0,13,31,1,0,0,1,9,8,1.0,0.5964880821047492,0.6771904656837995,921,921,921,921,0.9993019785498202,0.14284150521158973
0_0_0_10_14_16,-22.0,13,32,1,0,0,1,1,1,1.0,0.9972367496735566,0.9977893997388454,749,749,749,749,0.9993019785498202,0.14284150521158973
0_0_0_10_14_16,-22.0,13,33,1,0,0,1,10,7,1.0,0.6280203344255217,0.7024162675404175,577,577,577,577,0.9993019785498202,0.14284150521158973
0_0_0_10_14_16,-22.0,13,34,1,0,0,1,21,17,1.0,0.018416454367817692,0.21473316349425417,936,936,936,936,0.9993019785498202,0.14284150521158973
