window_index,start_sample,end_sample,peak_bin,peak_signed_bin,peak_power,second_power,total_power,confidence_db,peak_share,valid
0,0,65536,12525,-3859,0.5728990938514471,0.5656486796215177,1523.0922257116022,0.05531357630510379,0.00037614209053150644,1
1,32768,98304,13425,-2959,0.6052229378838092,0.604317749850452,1624.0983419960498,0.00650028966117051,0.0003726516567586529,1
2,65536,131072,15940,-444,0.2872656024992466,0.2827163734473288,910.0551067648028,0.06932664930796426,0.00031565737103598097,1
3,98304,163840,2863,2863,0.23617942305281758,0.23414476367179304,754.0456599940248,0.037576075361275774,0.00031321634163996,1
4,131072,196608,11184,-5200,0.2102834526449442,0.20997058413922787,831.0503203258709,0.006466426437524872,0.0002530333573092036,1
5,163840,229376,1070,1070,0.312097359681502,0.2881670817732811,1104.0668501575292,0.34645726089730666,0.0002826797667523227,1
6,196608,262144,1070,1070,0.34631888568401337,0.25931486347690225,882.0534088933089,1.2564876493394894,0.00039262802251230036,1
7,229376,294912,12701,-3683,0.19080068543553352,0.1880657598376274,675.0408760021598,0.06270197545257296,0.0002826505656450396,1
8,262144,327680,12701,-3683,0.16625121654942632,0.16216047282796353,506.030640966352,0.10819829948832171,0.00032853982168340874,1
9,294912,360448,730,730,0.07046150951646268,0.06985369464382529,297.01798576749763,0.03762561553915021,0.00023722977359229405,1
10,327680,393216,780,780,0.1966237067244947,0.17967320512980223,502.03040049863176,0.3915256400017928,0.00039165697242478164,1
11,360448,425984,780,780,0.21917199657764286,0.19018846889957786,622.0376658293115,0.616008817293485,0.00035234521736788866,1
12,393216,458752,11926,-4458,0.2817584415897727,0.2780707539059222,931.0563770192095,0.05721622200525506,0.0003026223207791417,1
13,425984,491520,717,717,0.29605601355433464,0.28701845137402415,840.0508668449438,0.13464070145189058,0.00035242629373892487,1
14,458752,524288,174,174,0.1376244057319127,0.13142973836511374,441.0267070049236,0.20001813325402132,0.0003120545843278744,1
15,491520,557056,14420,-1964,0.1033715452067554,0.10121694626286626,342.020711905289,0.09147777781267574,0.00030223767628254235,1
16,524288,589824,5479,5479,0.06823395565152168,0.064274683711119,234.01416977386768,0.25960600679388357,0.00029158044454084743,1
17,557056,622592,7217,7217,0.06222739105578512,0.05984562449157238,251.01520020695676,0.16949189925586503,0.0002479028800028044,1
18,589824,655360,8918,-7466,0.058036243775859475,0.05590862315148115,236.01429174054482,0.16220499127819393,0.00024590139583436694,1
19,622592,688128,13909,-2475,2236.5684950887226,2138.397556391312,17988.08931088083,0.19493753547613704,0.12433607908183127,1
20,655360,720896,1621,1621,6349.710773020983,5434.260660229484,43590.63971384152,0.6761347780016573,0.1456668407416084,1
21,688128,753664,1621,1621,8281.235717773438,7607.8646240234375,51407.11280483668,0.36832370543059667,0.16109124333071456,1
22,720896,786432,1621,1621,8441.543579101562,8105.359619140625,52322.168060673874,0.17649578419237574,0.16133780177672633,1
23,753664,819200,1621,1621,8975.1201171875,8364.592041015625,53635.24805413908,0.3059550525769248,0.16733622837220907,1
24,786432,851968,1621,1621,8763.7080078125,7882.3187255859375,52375.17188972292,0.4603390735532456,0.16732561806698565,1
25,819200,884736,1621,1621,8100.051513671875,6934.1201171875,49747.011588413545,0.674964203503914,0.16282488646128923,1
26,851968,917504,1621,1621,7983.9378662109375,6416.5174560546875,48992.965128852586,0.9491776836487541,0.16296090357489088,1
27,884736,950272,1621,1621,6261.684470653534,4844.47996711731,50450.05443716141,1.1144401516851012,0.12411650573049114,1
28,917504,983040,1653,1653,2408.9202791154385,2291.3646216392517,51395.112597266314,0.21728224320228698,0.046870610012897766,1
29,950272,1015808,1653,1653,2392.3682445455343,2092.14955329895,49897.02181765488,0.5823530309303706,0.047946112962177864,1
30,983040,1048576,15586,-798,2636.6172974407673,2216.5105801075697,48111.913616936756,0.7537728826048844,0.054801754892422394,1
31,1015808,1081344,16262,-122,4107.02023781836,3392.475750262849,48037.90923658325,0.830100909304484,0.085495399426973,1
32,1048576,1114112,16262,-122,4106.645281344652,3983.7823868989944,49318.98667598191,0.1319158435582687,0.08326702469222805,1
33,1081344,1146880,818,818,4769.840990975499,3830.2883734703064,51695.13124191243,0.9527242927716049,0.09226866972548267,1
34,1114112,1179648,794,794,4920.723242677748,4770.042164325714,53964.26861660625,0.13506721639568106,0.09118484079970483,1
35,1146880,1212416,794,794,4919.718842998147,4111.022523900261,54464.297273986405,0.779904277371938,0.09032924483077716,1
36,1179648,1245184,130,130,5540.560935676098,3924.5739859715104,53086.21392948291,1.4976121485031295,0.1043691106515131,1
37,1212416,1277952,130,130,5436.9713747333735,2998.6344411298633,49652.00588478451,2.584335216579752,0.10950154536253073,1
38,1245184,1310720,106,106,4428.264639347792,2999.3141108825803,46520.816611241804,1.6921161628604695,0.0951888845020338,1
39,1277952,1343488,16382,-2,4407.021372541785,4339.524786829948,45590.76187889434,0.06702983347050624,0.09666478889404038,1
40,1310720,1376256,16382,-2,4407.958428919315,2719.036573126912,46911.841238878675,2.0982244084816215,0.09396259691606762,1
41,1343488,1409024,330,330,5564.563409485389,4899.256234794855,50218.03941694857,0.5530094168357772,0.11080805770380893,1
42,1376256,1441792,330,330,5522.947086643893,4899.442626684904,52880.199574543265,0.5202420605478625,0.10444262939776539,1
43,1409024,1474560,1242,1242,3995.252348780632,3945.195110872388,53652.247713705394,0.054757292476967034,0.0744657030978415,1
44,1441792,1507328,16350,-34,5444.147421389818,3492.4919671416283,52587.18453994942,1.927944610024134,0.10352612464457019,1
45,1474560,1540096,16350,-34,5444.427930466831,2535.198845475912,49922.02285108244,3.319402248885262,0.10905864024596074,1
46,1507328,1572864,1306,1306,2841.1348332371563,2535.804944932461,47233.86063593,0.493760003547583,0.06015038353811699,1
47,1540096,1605632,1306,1306,2841.7845861371607,1672.4301062580198,45462.75335029952,2.302431774072879,0.06250797359853345,1
48,1572864,1638400,16062,-322,2991.429936826229,1391.6982451975346,43327.62307551481,3.3233375592275483,0.06904209657687725,1
49,1605632,1671168,16062,-322,2990.7400007918477,2684.0255922302604,40506.45221113965,0.4699200687186622,0.07383366939179548,1
50,1638400,1703936,890,890,2683.858855820261,2445.9996104948223,36424.20531595073,0.4030328900134412,0.07368338808053439,1
51,1671168,1736704,1306,1306,1749.1777931101387,1150.97952139657,17381.052356986933,1.817663584824579,0.10063704758400284,1
52,1703936,1769472,16341,-43,0.26181274780537933,0.25382220349274576,686.0415406889472,0.13461178757645414,0.00038162812639954384,1
53,1736704,1802240,8220,-8164,0.06933368369936943,0.06773964688181877,279.0168953879953,0.10101346489804144,0.00024849277891561154,1
54,1769472,1835008,1805,1805,0.0702840518206358,0.0688593597151339,273.0165313392524,0.0889381015756249,0.0002574351504499202,1
55,1802240,1867776,9148,-7236,0.0775799163384363,0.06657877558609471,276.0167132043706,0.6641350290315472,0.00028106963320367466,1
56,1835008,1900544,14084,-2300,0.08488326531369239,0.08319913118612021,346.02095290316174,0.08703286620806558,0.00024531250088039616,1
57,1867776,1933312,1757,1757,0.08797657396644354,0.082997502759099,347.02101358631023,0.25302019971238143,0.0002535194426909315,1
58,1900544,1966080,7971,7971,0.0793432928621769,0.07182551664300263,309.01871274164534,0.4323146179758499,0.0002567588614884683,1
59,1933312,1998848,1661,1661,0.2716118758544326,0.2664892650791444,667.0403911849639,0.08269035812246811,0.0004071895487047308,1
60,1966080,2031616,1661,1661,0.2705050063377712,0.26188241550698876,715.0432966293948,0.1406896912724353,0.0003783057719901586,1
61,1998848,2064384,14389,-1995,0.11720608547329903,0.11519883899018168,440.02664332744155,0.07502059177012918,0.0002663613380021656,1
62,2031616,2097152,3811,3811,0.10040464019402862,0.09327514964388683,352.02131614823213,0.31987829700520753,0.0002852231827681406,1
63,2064384,2129920,11860,-4524,0.07302875042660162,0.06509372207801789,242.0146548621653,0.4995476428324015,0.0003017534226106833,1
64,2097152,2162688,2738,2738,0.06494064000435174,0.06284057954326272,232.014048490365,0.1427638273937842,0.00027989960274775585,1
65,2129920,2195456,12093,-4291,0.08512272022198886,0.07899036887101829,280.0169564917742,0.32471351784317226,0.00030399130569969406,1
66,2162688,2228224,15218,-1166,0.10248214639432263,0.09860589250456542,318.01925719791086,0.16745344384055766,0.0003222513859610256,1
67,2195456,2260992,5336,5336,0.07829741475870833,0.07442011195234954,292.017681298662,0.22057103655892435,0.00026812559571908043,1
68,2228224,2293760,11989,-4395,0.0727963000535965,0.07233526138588786,274.01659245930614,0.027592512733877955,0.00026566383955164096,1
69,2260992,2326528,7388,7388,0.06952289724722505,0.06886324286460876,261.0158064284138,0.041403919203058984,0.00026635512308061083,1
70,2293760,2359296,3769,3769,0.06791951379273087,0.0664218096062541,245.01483613682967,0.09683864904367874,0.000277205718901042,1
71,2326528,2392064,15813,-571,0.08253305032849312,0.07444178126752377,275.0166522155308,0.4481113991556409,0.00030010201078228485,1
72,2359296,2424832,1908,1908,0.15087388741085306,0.12369792279787362,457.027674682845,0.862516737163181,0.000330119806236137,1
73,2392064,2457600,829,829,0.1450152206234634,0.13842513458803296,551.033366656682,0.2019863321460447,0.0002631695817320882,1
74,2424832,2490368,11777,-4607,0.11535747977904975,0.1074816634063609,386.0233742439825,0.3071138038861032,0.0002988354785638942,1
75,2457600,2523136,15825,-559,0.07332857220899314,0.07154504163190722,301.0182266899235,0.10693688138576479,0.00024360176795715536,1
76,2490368,2555904,5017,5017,0.08724395185709,0.0803974810987711,296.0179246119402,0.35492887173682053,0.0002947252331812711,1
77,2523136,2588672,12916,-3468,0.07354675477836281,0.0666228587506339,268.01622950631025,0.4294025031806334,0.0002744115716941358,1
78,2555904,2621440,12916,-3468,0.06829418591223657,0.06429518759250641,254.015380244001,0.26205264682142243,0.0002688584677299258,1
79,2588672,2654208,6050,6050,0.05930687827640213,0.05492300703190267,238.01441197244839,0.33350757951303966,0.0002491734756098184,1
80,2621440,2686976,10851,-5533,0.07185228972230107,0.06351177580654621,242.01465456870216,0.5358635648475112,0.0002968923094774987,1
81,2654208,2719744,10851,-5533,0.0744489551289007,0.07196913100779057,263.0159262274533,0.14712348099725375,0.0002830587341107172,1
82,2686976,2752512,9446,-6938,0.08546669874340296,0.07638584356755018,303.0183498205005,0.48784050000107465,0.0002820512315311301,1
83,2719744,2785280,1159,1159,0.08853422058746219,0.07834452483803034,332.02010592125237,0.5310251743048583,0.00026665319060063336,1
84,2752512,2818048,1159,1159,0.09413283597677946,0.08791958098299801,333.0201655779023,0.29655533433898806,0.0002826640717490103,1
85,2785280,2850816,14264,-2120,0.10998037667013705,0.10035103955306113,367.0222236260516,0.39793326981673843,0.0002996559052570966,1
86,2818048,2883584,12164,-4220,0.08686375035904348,0.08652534062275663,321.01943832055736,0.016952585295371133,0.00027058719812569345,1
87,2850816,2916352,977,977,0.1372665544040501,0.1362931131152436,413.0250112065236,0.030908208685605076,0.000332344411790145,1
88,2883584,2949120,3140,3140,0.1406677485210821,0.14040534850209951,550.0333071624417,0.008108845322380815,0.00025574405529507074,1
89,2916352,2981888,10951,-5433,0.10789661691524088,0.10245607036631554,379.0229505771002,0.22470132860981248,0.0002846704051851149,1
90,2949120,3014656,15656,-728,0.07109826302621514,0.06908870150800794,264.01598640160023,0.12451960395827107,0.00026929529531619377,1
91,2981888,3047424,13941,-2443,0.0731814116879832,0.07267928728833795,293.0177434769175,0.029901230278260527,0.00024975078580436914,1
92,3014656,3080192,1125,1125,0.070592001080513,0.06958593567833304,279.01689622686723,0.06234021772996212,0.0002530026031940195,1
93,3047424,3112960,11612,-4772,0.06954805855639279,0.06669844593852758,262.0158667452862,0.18169296053951295,0.0002654345304362908,1
94,3080192,3145728,1804,1804,0.06250414764508605,0.06173922785092145,279.01689725692813,0.053476435539198855,0.00022401563582556124,1
95,3112960,3178496,15518,-866,4678.5055358144455,1477.4126623354387,11108.672716234727,5.006053308177352,0.42115792366238874,1
96,3145728,3211264,15518,-866,13252.58238466084,5371.0923573393375,38693.343555923246,3.922378924508985,0.3425029001566372,1
97,3178496,3244032,15518,-866,16638.650390625,8223.677001953125,55367.35349883767,3.0605205211661204,0.30051373849707835,1
98,3211264,3276800,15518,-866,15957.20654296875,8723.70166015625,55196.34223852625,2.6225606156615235,0.2890989854728245,1
99,3244032,3309568,15518,-866,15982.74462890625,8582.44970703125,54969.32763375911,2.700400932380364,0.29075750635688213,1
100,3276800,3342336,15518,-866,16340.09619140625,8240.479125976562,54923.32547268393,2.973021452180233,0.29750740784137303,1
101,3309568,3375104,15518,-866,16736.02783203125,7765.869873046875,54907.32463305886,3.3346228030123197,0.30480501360932716,1
102,3342336,3407872,15518,-866,17125.546875,7026.70556640625,54501.29939316692,3.8689269276072524,0.31422272616764635,1
103,3375104,3440640,15518,-866,12953.73485738039,4902.399885892868,53930.265777215885,4.219862699745446,0.24019415945198255,1
104,3407872,3473408,15550,-834,4566.9365985020995,4382.9637533426285,53441.236606194194,0.17857103362238125,0.08545716544988709,1
105,3440640,3506176,15550,-834,4567.090912789106,1442.9008874744177,53218.22255827498,5.0040315625408835,0.08581817830890638,1
106,3473408,3538944,459,459,3074.9786350913346,2526.193466167897,52830.19846546699,0.8537549511954884,0.05820494195382072,1
107,3506176,3571712,15455,-929,2587.4295505583286,2522.394448980689,52429.17456459321,0.11055531847303944,0.049350949581908686,1
108,3538944,3604480,14831,-1553,2283.148187339306,1967.023136563599,52071.153476223146,0.6472463199581613,0.043846698890237616,1
109,3571712,3637248,15875,-509,3165.940742701292,2306.670014947653,51806.1367668044,1.3751731171553185,0.06111130727527861,1
110,3604480,3670016,15875,-509,3167.3068567812443,2463.934974655509,51841.13914225696,1.0906089872732496,0.0610963977487041,1
111,3637248,3702784,15927,-457,3186.4739951398224,2354.0471566319466,52019.150274443076,1.3149522009891945,0.061255787115487195,1
112,3670016,3735552,371,371,3180.816374655813,2353.463065776974,51578.122916608685,1.308312113775587,0.061669874644305005,1
113,3702784,3768320,15607,-777,2613.619262777269,2315.8018311932683,50875.080005181044,0.5254092928839588,0.05137327081374814,1
114,3735552,3801088,15207,-1177,2316.3107026815414,2303.777100354433,50551.06035973446,0.023563568116034928,0.04582120901516355,1
115,3768320,3833856,15515,-869,2536.160079240799,2262.7458644509315,50037.03004119597,0.49540882376288037,0.05068566374048887,1
116,3801088,3866624,15723,-661,2726.6954896599054,2535.824510127306,50101.034978650416,0.31517444539804895,0.054423935370234044,1
117,3833856,3899392,15723,-661,2726.5067814439535,2586.5432466864586,50681.0692528896,0.22886838057189535,0.05379734132757076,1
118,3866624,3932160,15147,-1237,2230.689565356821,2175.863105326891,50539.05971483447,0.10807567556027745,0.04413793168973538,1
119,3899392,3964928,539,539,2649.357937052846,2377.643939912319,49919.0224704697,0.46993818778585494,0.05307311333310084,1
120,3932160,3997696,16071,-313,3072.1626489053015,2649.2381351292133,50018.02894804826,0.6432320675408244,0.06142110581958827,1
121,3964928,4030464,16071,-313,3073.397395685315,2556.954372152686,50088.033700706874,0.7989574064613842,0.061359913109185225,1
122,3997696,4063232,15823,-561,2814.001198541373,2556.692715115845,49905.023399693004,0.41645744083007796,0.05638713313495177,1
123,4030464,4096000,15939,-445,2894.2873040288687,2815.085133045912,49919.023397989055,0.12050106352054758,0.0579796459749143,1
124,4063232,4128768,16035,-349,3016.837760299444,2904.236202955246,50002.02735878327,0.16520020437837635,0.060334308820170504,1
125,4096000,4161536,15931,-453,2766.6502483657096,2033.7188220620155,50039.02891043087,1.336633523619607,0.05528984691765248,1
126,4128768,4194304,15503,-881,2368.5921383798122,2032.7930002585053,49759.011954067275,0.6639712688407049,0.047601269506039795,1
127,4161536,4227072,14623,-1761,1869.8644749018713,1600.5972062911605,30733.861019490803,0.675280761014992,0.06084053265276499,1
128,4194304,4259840,2335,2335,1278.348924312857,971.8856780728092,6079.3682102765,1.1903422802241357,0.21027660771590534,1
129,4227072,4292608,13428,-2956,0.05928755982313305,0.0573667322169058,240.01453356768118,0.14303464021972762,0.0002470165407979958,1
130,4259840,4325376,14645,-1739,0.07663382185273804,0.06246063462458551,247.0149573168068,0.8881409254641927,0.00031023960121755715,1
131,4292608,4358144,14645,-1739,0.08381193550303578,0.05927619244903326,249.01507815721538,1.5042557074403462,0.0003365737373144979,1
132,4325376,4390912,2550,2550,0.06365698529407382,0.0566022212151438,245.01483651566596,0.5101259284892734,0.0002598086964827686,1
133,4358144,4423680,4372,4372,0.07541591092012823,0.06963297678157687,291.01762220030236,0.346480196073265,0.0002591455127353792,1
134,4390912,4456448,1334,1334,0.09513904759660363,0.09359896357636899,357.021618086269,0.07087759725779791,0.0002664797949955364,1
135,4423680,4489216,7572,7572,0.0911712534725666,0.07969376616529189,328.0198629557668,0.5843357457610657,0.00027794430694235415,1
136,4456448,4521984,11201,-5183,0.06918930821120739,0.06624925322830677,272.0164715904516,0.18858001132242852,0.00025435705347791923,1
137,4489216,4554752,13700,-2684,0.08713600020564627,0.08687727095093578,336.0203453561579,0.012914505851404858,0.0002593176318335375,1
138,4521984,4587520,11639,-4745,0.12549338769167662,0.12301793228834867,459.02779255266114,0.0865242019526405,0.0002733895196057864,1
139,4554752,4620288,5766,5766,0.12725062482059002,0.1271205679513514,411.0248867989428,0.004440989166286283,0.0003095934793915192,1
140,4587520,4653056,4796,4796,0.07592654787003994,0.06687782541848719,257.015563272495,0.5511151113053042,0.0002954161487471501,1
141,4620288,4685824,13458,-2926,0.068736856803298,0.06429269842919894,255.0154418134722,0.29028014931525603,0.0002695399788910614,1
142,4653056,4718592,173,173,0.08673484064638615,0.079244842287153,318.0192564435217,0.3922257950429544,0.0002727345558138858,1
143,4685824,4751360,3265,3265,0.0746661841403693,0.07089481130242348,303.01834864008725,0.22509506111451894,0.0002464081283376497,1
144,4718592,4784128,13147,-3237,0.062275216332636774,0.06085644010454416,269.01628883348735,0.10008700860102648,0.00023149236279585724,1
145,4751360,4816896,1527,1527,0.07591303763911128,0.0719777422491461,262.01586521641826,0.23118150081885525,0.00028972687427308684,1
146,4784128,4849664,10288,-6096,0.07163348176982254,0.06382981885690242,265.01604763304033,0.5009244875896659,0.0002702986570421246,1
147,4816896,4882432,13761,-2623,0.060194107645656914,0.05883184215053916,253.01532089523292,0.09941533302203522,0.00023790696718552364,1
148,4849664,4915200,12859,-3525,0.05944473226554692,0.056173370918259025,224.01356406674512,0.2458288904923961,0.000265362200334598,1
149,4882432,4947968,28,28,0.07361009903252125,0.07097702380269766,281.01701632460134,0.15819617390993315,0.0002619417855732074,1
150,4915200,4980736,11486,-4898,0.07945928908884525,0.07495896742329933,309.0187125121205,0.25321079748308084,0.0002571342312667511,1
151,4947968,5013504,2144,2144,0.07307363487780094,0.06797989539336413,277.0167734680124,0.31380218889702727,0.00026378776260723027,1
152,4980736,5046272,1468,1468,0.08863791672047228,0.08614722026322852,316.0191347828696,0.12378271663508117,0.00028048275235413703,1
153,5013504,5079040,1468,1468,0.09680749274411937,0.08214380085701123,310.0187724778535,0.7133417818001033,0.00031226332512181956,1
154,5046272,5111808,8215,-8169,0.07983171055093408,0.06698237359523773,275.01665279901664,0.7621490179492701,0.0002902795512142148,1
155,5079040,5144576,8215,-8169,0.06705137516837567,0.06129896268248558,257.0155621094967,0.38954563967710526,0.00026088449515679395,1
156,5111808,5177344,3824,3824,0.05831757327541709,0.05616123601794243,244.0147748357438,0.1636278637589383,0.00023899197626321196,1
157,5144576,5210112,11478,-4906,0.07890817045699805,0.06944886688143015,290.017561200223,0.5545680982731861,0.0002720806634275545,1
158,5177344,5242880,14789,-1595,0.16165839962195605,0.16016538790427148,460.02785576953823,0.040296051898595024,0.00035141002353331974,1
159,5210112,5275648,1158,1158,0.15482683654408902,0.14516825112514198,454.02749181148454,0.2797459546443571,0.00034100762472853566,1
160,5242880,5308416,13436,-2948,0.08424614480463788,0.06942297052592039,284.0171977115337,0.8404684353478364,0.0002966233928207535,1
161,5275648,5341184,13316,-3068,0.08077837340533733,0.06683330854866654,280.01695553173636,0.8230214256460693,0.00028847672188972906,1
162,5308416,5373952,12142,-4242,0.06446043332107365,0.06444927491247654,273.01653205367086,0.0007518495478819258,0.00023610450559968918,1
163,5341184,5406720,334,334,0.07700288388878107,0.07257059775292873,291.0176214712822,0.25746290229422075,0.0002645986985237585,1
164,5373952,5439488,16166,-218,0.1425466644577682,0.13325945381075144,413.0250095532913,0.2925903052784148,0.0003451284090809418,1
165,5406720,5472256,2564,2564,0.17135188181418926,0.16444395505823195,590.0357279648416,0.17870964790063565,0.0002904093323385996,1
166,5439488,5505024,212,212,0.16008570126723498,0.1572124061640352,496.03003546513173,0.07865728093777136,0.0003227338867032945,1
167,5472256,5537792,786,786,0.11460580924176611,0.11226927513780538,385.02331335437816,0.08945713446996682,0.00029765940208478266,1
168,5505024,5570560,786,786,0.11700002755969763,0.09951324469875544,372.02252564234493,0.7030507710098968,0.00031449715943324125,1
169,5537792,5603328,472,472,0.06603386905044317,0.06317364051938057,258.01562239371515,0.19230839375139597,0.0002559297318426702,1
170,5570560,5636096,14940,-1444,0.06268246367108077,0.057162176351994276,249.01507767512453,0.40037302186529833,0.00025172155941841773,1
171,5603328,5668864,13024,-3360,253.76120364910457,229.77226205612533,3274.19820275656,0.4312762580742399,0.07750331163075651,1
172,5636096,5701632,736,736,10475.24780621077,733.3577612796798,30007.816342223618,11.54848413011705,0.34908397487994425,1
173,5668864,5734400,736,736,20941.0361328125,1080.283432006836,53332.22820206836,12.87460450656669,0.39265256372694274,1
174,5701632,5767168,736,736,20578.00439453125,1371.8384094238281,52760.19428496927,11.761002973434582,0.3900289730432943,1
175,5734400,5799936,736,736,20040.564453125,1375.0281982421875,52071.15313858629,11.63598344997094,0.3848688428271879,1
176,5767168,5832704,736,736,19591.0732421875,1293.268310546875,50842.078561555565,11.803695922372814,0.38533187069580915,1
177,5799936,5865472,736,736,18415.8681640625,1055.3587341308594,48908.961587655496,12.417920885532524,0.3765336160543351,1
178,5832704,5898240,736,736,17420.5048828125,846.5400238037109,47663.88662357726,13.134132415588596,0.3654864535154238,1
179,5865472,5931008,736,736,17672.15283203125,800.8335266113281,48181.91708289774,13.437472123020717,0.36677977760050595,1
180,5898240,5963776,736,736,9010.611544191837,4563.66421943903,48732.948670431615,2.95440584404065,0.18489772915503808,1
181,5931008,5996544,768,768,4562.8293233811855,4531.0294061899185,48917.96066403886,0.030373431705914698,0.09327513374316657,1
182,5963776,6029312,14701,-1683,2309.0001755952835,1688.1660049380735,48793.95526754571,1.360088154298837,0.04732143895559677,1
183,5996544,6062080,49,49,5467.200069591403,3890.7196776866913,48768.95379158713,1.4773502551838709,0.1121041081372248,1
184,6029312,6094848,49,49,5499.747353196144,3890.9330144152045,49146.975599003934,1.50288985244719,0.11190408537178853,1
185,6062080,6127616,15377,-1007,3750.811621874571,3332.554612785578,49965.02624753121,0.5134797778145511,0.07506874114891313,1
186,6094848,6160384,16317,-67,5796.729229360819,5656.583767965436,51211.10337656331,0.10628791597012002,0.11319282044631133,1
187,6127616,6193152,16317,-67,5796.92706784606,5694.805824398994,52042.1520778939,0.07718915926908648,0.11138907282637986,1
188,6160384,6225920,15629,-755,4114.295839890838,3152.340839922428,51744.13326870423,1.1566234808684652,0.0795123153097481,1
189,6193152,6258688,15629,-755,4114.792977333069,4058.56274394691,51058.09276941612,0.05975725563751637,0.08059041680064156,1
190,6225920,6291456,321,321,4237.03059476614,4098.337462059222,50909.08207185194,0.1445388409751745,0.08322740113023624,1
191,6258688,6324224,321,321,4235.257765620947,3803.5285849682987,50892.08143137442,0.46693162944516153,0.0832203684050925,1
192,6291456,6356992,15497,-887,3511.018986259587,3373.4361669421196,50885.08262850616,0.17360681238436454,0.06899898368825072,1
193,6324224,6389760,15829,-555,3714.977261967957,3511.757432550192,50745.073574839174,0.24431649676815434,0.07320862894186336,1
194,6356992,6422528,15829,-555,3715.6146289519966,3496.869612134993,50759.07371135673,0.2635122503296817,0.07320099358158053,1
195,6389760,6455296,357,357,3787.1057713627815,3564.2328982129693,50905.08229866624,0.26341360385744217,0.07439543559017107,1
196,6422528,6488064,357,357,3761.073943734169,3073.8261830434203,51000.088275343645,0.8763256623041443,0.0737464202694819,1
197,6455296,6520832,569,569,3074.4906111359596,2818.759519442916,51088.09279303787,0.37715145223592483,0.06018017982372092,1
198,6488064,6553600,15465,-919,2817.9973817281425,2756.3000525776297,51098.09315614555,0.09614091876897085,0.055148777726732504,1
199,6520832,6586368,420,420,2970.9438842087984,2709.4898056834936,51155.09661106501,0.4000692749803805,0.058077182549317555,1
200,6553600,6619136,420,420,2970.6888268217444,2709.5657151099294,51109.09411232404,0.3995747436364445,0.05812446646565422,1
201,6586368,6651904,4,4,3521.530039936304,2577.7625177893788,51125.09540213013,1.3548849293709808,0.06888065464205627,1
202,6619136,6684672,4,4,3549.9936254024506,2578.615896627307,51226.10130289416,1.388409175377874,0.0693004842279864,1
203,6651904,6717440,15088,-1296,2551.798297651112,2327.9405371285975,39481.390340834325,0.39874460490214025,0.06463293910427136,1
204,6684672,6750208,14940,-1444,2326.943274099205,1863.7254886440933,14425.873364614788,0.9640385150318082,0.16130345908948307,1
205,6717440,6782976,14528,-1856,0.3099194939713925,0.2944652419319027,677.0409936236946,0.2221485534469545,0.0004577558772514276,1
206,6750208,6815744,14633,-1751,0.06802911125123501,0.06594201223924756,266.01610811118456,0.13532601640559286,0.00025573305216089183,1
207,6782976,6848512,3456,3456,0.0949958162382245,0.08986241690581664,309.0187126623157,0.24126383678071253,0.00030741120956656256,1
208,6815744,6881280,13504,-2880,0.09504052717238665,0.09368425991851836,351.02125669008626,0.062422062708974636,0.0002707543357019462,1
209,6848512,6914048,6098,6098,0.45072865195106715,0.39536709582898766,1074.0650397282539,0.5691464360702225,0.00041964744710907333,1
210,6881280,6946816,15418,-966,0.4382415951040457,0.43706644210578816,1195.0723652698673,0.011661329440078047,0.00036670716170822295,1
211,6914048,6979584,5746,5746,0.12282283697277308,0.12059217653586529,447.02706733585376,0.0795999083904017,0.00027475481004933343,1
212,6946816,7012352,12866,-3518,0.1267909265588969,0.1162052727304399,395.02391910510016,0.37862341277000067,0.00032097025123474325,1
213,6979584,7045120,2694,2694,0.14528768928721547,0.13868194352835417,494.0299143999432,0.20208897276305646,0.0002940868256200321,1
214,7012352,7077888,2124,2124,0.32709282683208585,0.2989760506898165,1034.0626136780156,0.39034619322012437,0.0003163182021141472,1
215,7045120,7110656,2124,2124,0.38879611529409885,0.37821142957545817,1362.0824780809473,0.11987267850791136,0.00028544241743853714,1
216,7077888,7143424,15904,-480,0.35061594235594384,0.26622992695774883,820.0496584031896,1.1957478638012018,0.0004275545252206645,1
217,7110656,7176192,14948,-1436,0.12354391580447555,0.10727477166801691,385.02331581773933,0.6132376364540564,0.000320873855501671,1
218,7143424,7208960,15955,-429,0.15124393603764474,0.14651230769231915,468.02834314736816,0.13803862194206565,0.00032315123272357574,1
219,7176192,7241728,2348,2348,0.576970208901912,0.5588000137358904,1599.0968323218565,0.138969813925495,0.0003608100505484479,1
220,7208960,7274496,2348,2348,0.5820016134530306,0.548906410112977,1415.085688155395,0.2542588613426602,0.0004112836546398024,1
221,7241728,7307264,5164,5164,0.07139288121834397,0.059763841971289366,257.0155620894499,0.7721640052244428,0.0002777764919678167,1
222,7274496,7340032,11909,-4475,0.07466375408694148,0.07318796683102846,269.0162883458332,0.08670139845332386,0.0002775436184405224,1
223,7307264,7372800,5240,5240,0.07291180174797773,0.06384559627622366,277.01677293283404,0.5766688301551769,0.0002632035633656596,1
224,7340032,7405568,4670,4670,0.06657258910126984,0.06558356992900372,274.0165918816509,0.06500394549955922,0.0002429509419269869,1
225,7372800,7438336,11585,-4799,0.07384458230808377,0.07223744504153728,288.0174406361351,0.09556261245211775,0.0002563892733196488,1
226,7405568,7471104,15412,-972,0.11766013456508517,0.10915943462168798,455.02755396463397,0.3256806311688111,0.0002585780433292839,1
227,7438336,7503872,9878,-6506,0.152335861697793,0.14184099528938532,534.0323381540392,0.3100038350638082,0.00028525587462430494,1
228,7471104,7536640,556,556,0.16449553650454618,0.1488389375517727,514.0311259985617,0.434375568433489,0.0003200108479520488,1
229,7503872,7569408,3615,3615,0.14559467392973602,0.13134809146868065,415.02512938534744,0.4472172140277152,0.00035080929712704833,1
230,7536640,7602176,14125,-2259,0.15094095782842487,0.13554735518118832,442.02676412397375,0.4671605358853591,0.00034147470261798666,1
231,7569408,7634944,14125,-2259,0.1576085658161901,0.1503212978132069,497.03009511868527,0.20559300491825863,0.0003171006491640208,1
232,7602176,7667712,1982,1982,0.09300867398269475,0.09135110024362803,369.0223446628151,0.07809670301932353,0.0002520407648151471,1
233,7634944,7700480,2196,2196,0.12714540772140026,0.1218281202018261,483.02924882689797,0.18553135675466653,0.00026322506976583744,1
234,7667712,7733248,1355,1355,0.140626666136086,0.13640929199755192,589.035668043869,0.13223726159646476,0.00023874049359878948,1
235,7700480,7766016,3936,3936,0.12222235649824142,0.11409833887591958,497.03009598210383,0.2987133114519531,0.00024590534353203874,1
236,7733248,7798784,15428,-956,0.424983998760581,0.37434764578938484,889.0538351281273,0.5509747229979847,0.00047801829537053156,1
237,7766016,7831552,15428,-956,0.40778506884817034,0.3474593962309882,824.0498988311112,0.6952725927452164,0.0004948548254500129,1
238,7798784,7864320,11893,-4491,0.09693322610110044,0.0934856585226953,369.02234432480856,0.1572767543210497,0.00026267576365452034,1
239,7831552,7897088,11742,-4642,0.13106078677810729,0.10777861438691616,435.02634108125557,0.8494017480383405,0.00030127092178454395,1
240,7864320,7929856,4253,4253,0.10358426114544272,0.09911875543184578,386.02337290250307,0.19137932364294863,0.0002683367599391572,1
241,7897088,7962624,9354,-7030,0.12580112321302295,0.10720218578353524,433.0262205923712,0.6948087828503464,0.00029051617946121026,1
242,7929856,7995392,13711,-2673,0.11519399331882596,0.11443777824752033,380.0230122510262,0.02860416201105423,0.000303123730945888,1
243,7962624,8028160,7343,7343,0.07873163651674986,0.06440032605314627,261.0158050825868,0.8726121262632945,0.00030163551395609456,1
244,7995392,8060928,3234,3234,0.06986998207867146,0.06759371585212648,292.01768188743654,0.1438431014312382,0.0002392662719156989,1
245,8028160,8093696,11808,-4576,0.08028610202018172,0.07973181363195181,336.02034569471977,0.030087299938978424,0.00023893226421808106,1
246,8060928,8126464,4111,4111,0.0870604810770601,0.08580168266780674,318.01925575197134,0.06325257706724077,0.00027375852091472117,1
247,8093696,8159232,11971,-4413,0.12241585971787572,0.11876091457088478,468.0283384619739,0.1316415352818885,0.0002615565119842026,1
248,8126464,8192000,14592,-1792,3897.160274140071,2778.4490915792994,19562.184731867295,1.4694582311332378,0.1992190712620916,1
249,8159232,8224768,14592,-1792,7489.35986328125,5634.7777099609375,43719.64813751894,1.2356791095864446,0.17130421177507368,1
250,8192000,8257536,14592,-1792,7118.4581298828125,5898.158447265625,48988.966591497956,0.8166949970505706,0.14530737480627368,1
251,8224768,8290304,14592,-1792,7061.78271484375,6107.076904296875,48758.95262115419,0.6308096160439707,0.14483048415153976,1
252,8257536,8323072,14592,-1792,7081.5772705078125,5991.8753662109375,48539.9397017903,0.7256722705097687,0.14589176076472593,1
253,8290304,8355840,14592,-1792,7194.7281494140625,5971.4732666015625,48888.96047599439,0.8093289652719762,0.14716467847474157,1
254,8323072,8388608,14592,-1792,7358.7276611328125,5913.8460693359375,49093.972577882596,0.9493271428830374,0.149890654080986,1
255,8355840,8421376,14592,-1792,7521.606689453125,5673.095458984375,49078.972094709556,1.2249052875906898,0.1532551797323382,1
256,8388608,8454144,14592,-1792,3818.5691704414785,3762.1108157634735,49329.987702502505,0.06469078051406355,0.07740867874264162,1
257,8421376,8486912,14624,-1760,2041.789732336998,1951.432057082653,49364.989266128745,0.19657580453707577,0.04136108936091575,1
258,8454144,8519680,15917,-467,2760.6528108119965,1851.2987312078476,49611.00326968604,1.7353528821706286,0.055645978288426316,1
259,8486912,8552448,16269,-115,3360.6042500138283,2755.367748260498,49382.99008997776,0.8623780162805936,0.06805185842110158,1
260,8519680,8585216,561,561,3201.0801105238497,2694.9425808954984,48672.94817812397,0.7474702653650871,0.06576713000431261,1
261,8552448,8617984,89,89,3773.4240156025626,3362.507861122489,48741.95235337727,0.5007230080961833,0.07741634943642356,1
262,8585216,8650752,89,89,3773.7904243320227,3029.305206209421,49022.96897098319,0.9543474692161101,0.07698004636491393,1
263,8617984,8683520,1593,1593,2469.0091910362244,2268.0332148075104,48797.95486851761,0.3687329621551593,0.05059657105894668,1
264,8650752,8716288,49,49,3736.8030898720026,2749.586907237768,48711.94995952904,1.3323276224197875,0.07671224602949832,1
265,8683520,8749056,813,813,3360.477458536625,3112.515022903681,49023.96875734888,0.3328953029924114,0.06854764197427154,1
266,8716288,8781824,813,813,3274.2724911393598,1955.204213500023,49062.9707386707,2.2392269491094448,0.0667361238392894,1
267,8749056,8814592,16381,-3,3900.2558244913816,3324.1737866327167,48991.966575223145,0.6940937361532464,0.07961010951668696,1
268,8781824,8847360,16381,-3,3899.9918465204537,3499.5218426585197,49140.97540731933,0.47054990518300266,0.07936333811435838,1
269,8814592,8880128,681,681,3498.4457583613694,3373.24183177948,49609.00378905235,0.1582766738220781,0.07052037918837228,1
270,8847360,8912896,361,361,3694.0343137905,3372.528282854706,49603.00365340851,0.39545324813375304,0.07447198842235155,1
271,8880128,8945664,361,361,3694.1893882527947,3270.120808519423,49084.97189365975,0.5295535928691022,0.07526110835422459,1
272,8912896,8978432,15997,-387,2958.5953907221556,1915.0043514370918,48948.963848315194,1.8891581116896203,0.06044245185435094,1
273,8945664,9011200,649,649,3551.8040926754475,2305.021258689463,49322.98680723629,1.8777406818555684,0.07201113157555888,1
274,8978432,9043968,649,649,3552.4157110750675,1329.0429936051369,49364.989770740736,4.269847518332906,0.07196224951272308,1
275,9011200,9076736,1989,1989,1763.099708482623,1337.9614004381,49332.987648490685,1.1983328920678498,0.03573875803032911,1
276,9043968,9109504,1989,1989,1763.7439076974988,1655.7772302925587,49448.99433863342,0.27433620608195,0.03566794292355354,1
277,9076736,9142272,357,357,3472.933250710368,1655.8642927408218,49468.994741218936,3.2167169524528596,0.07020424144209715,1
278,9109504,9175040,357,357,3473.4717448949814,2413.563555210829,49094.97196896797,1.5810503106417886,0.07075005047544378,1
279,9142272,9207808,1145,1145,2972.589606717229,2413.327205631882,44935.72082981335,0.9051874624578002,0.06615204011025934,1
280,9175040,9240576,1145,1145,2971.9496273430996,1111.1518332372943,20865.263388706764,4.272680370113041,0.1424352797267661,1
281,9207808,9273344,11485,-4899,0.1182762358803302,0.11514356452971697,365.022101546667,0.1165782483507846,0.00032402486145132484,1
282,9240576,9306112,2957,2957,0.07553851586999372,0.06986893084831536,272.0164703636889,0.3388435022568169,0.0002776983164622272,1
283,9273344,9338880,14168,-2216,0.07031786363222636,0.06807287037372589,271.01641183703407,0.14091604178533887,0.00025945979859887407,1
284,9306112,9371648,337,337,0.07405117945745587,0.06737738428637385,270.01635159609583,0.4101783331636789,0.000274247018818421,1
285,9338880,9404416,13571,-2813,0.08570206770673394,0.07787851622560993,308.0186516863323,0.4157363157058773,0.0002782366172877342,1
286,9371648,9437184,435,435,0.0849864175543189,0.07876424677670002,326.01974038983246,0.3302039854306287,0.00026067874740559534,1
287,9404416,9469952,435,435,0.0838109739124775,0.07138655066955835,284.01719743183486,0.6968448956879657,0.0002950911940203636,1
288,9437184,9502720,966,966,0.08742943679681048,0.0837517254985869,298.0180460305514,0.18663917385890005,0.0002933696061742772,1
289,9469952,9535488,8535,-7849,0.08623875211924314,0.08514390583150089,335.0202863895304,0.05548894799764298,0.000257413522770895,1
290,9502720,9568256,10956,-5428,0.09238065022509545,0.07758312625810504,298.01804449060876,0.7581373895081323,0.00030998341185346106,1
291,9535488,9601024,121,121,0.0738306324928999,0.06958653125911951,295.0178633710654,0.25711400579651356,0.0002502581764007888,1
292,9568256,9633792,5362,5362,0.07740849256515503,0.06853495631366968,295.01786380409,0.5287646991150337,0.0002623857808710832,1
293,9601024,9666560,5577,5577,0.08422041311860085,0.07045007590204477,256.0155017242895,0.7753590204485712,0.0003289660686613432,1
294,9633792,9699328,11170,-5214,0.08629693789407611,0.07886119105387479,315.0190746481062,0.3913205374851446,0.0002739419445964489,1
295,9666560,9732096,16113,-271,0.33490998414345086,0.3095947161782533,709.0429343469186,0.34134554655627247,0.0004723409090197449,1
296,9699328,9764864,16113,-271,0.3102942625118885,0.3078375650802627,656.0397246147461,0.03452130139085761,0.00047298090476778106,1
297,9732096,9797632,4603,4603,0.09977530480682617,0.09442913951352239,372.02252595900393,0.23917031007050304,0.0002681969446598005,1
298,9764864,9830400,15749,-635,0.11180890491232276,0.11073882039636374,450.0272507814001,0.04176500850825117,0.00024844918772848654,1
299,9797632,9863168,15749,-635,0.10307534589082934,0.10150827234610915,404.0244652738706,0.066533646231552,0.00025512154522860155,1
300,9830400,9895936,9501,-6883,0.1568476960528642,0.12626845389604568,445.0269472363422,0.9418328095009667,0.00035244539016547795,1
301,9863168,9928704,9501,-6883,0.16498784790746868,0.1264412561431527,479.0290067134016,1.155631559314649,0.0003444214141424202,1
302,9895936,9961472,1812,1812,0.11014961218461394,0.09540173457935452,373.02258753409114,0.6242670137303559,0.0002952893896124915,1
303,9928704,9994240,8380,-8004,0.08606988866813481,0.07738535455428064,288.01743905987314,0.4619246447553118,0.0002988356849122687,1
304,9961472,10027008,14079,-2305,0.07472171285189688,0.06775135733187199,273.01653137622964,0.4252881840704114,0.0002736893347638603,1
305,9994240,10059776,10024,-6360,0.08128702640533447,0.07062615267932415,282.0170759931354,0.6105568779240321,0.0002882344131789846,1
306,10027008,10092544,12321,-4063,0.06655881111510098,0.062066840764600784,271.0164090225206,0.3034591578292074,0.0002455895986341187,1
307,10059776,10125312,12321,-4063,0.07278752094134688,0.06728508789092302,279.0168953347418,0.34138104023424654,0.0002608713743087935,1
308,10092544,10158080,13416,-2968,0.14235158043447882,0.12307742980192415,423.0256151133442,0.6318387479431321,0.0003365081814167153,1
309,10125312,10190848,13416,-2968,0.14102558826562017,0.1321513974107802,407.02464570850015,0.28226160131405414,0.0003464792359689659,1
310,10158080,10223616,9089,-7295,0.0822111836168915,0.07857244135811925,321.01943889291,0.19660653401398553,0.0002560940979163465,1
311,10190848,10256384,6503,6503,0.09717812575399876,0.08426839113235474,366.02216375312213,0.6190381632735221,0.0002654979271133546,1
312,10223616,10289152,1768,1768,0.07862782977463212,0.07501167384907603,288.01744033062795,0.20447432125582354,0.00027299676604434706,1
313,10256384,10321920,3498,3498,0.0661926954635419,0.0655320561490953,249.0150788895295,0.04356271860918967,0.0002658180209757777,1
314,10289152,10354688,5650,5650,0.08592220954596996,0.08348659472540021,312.0188935584646,0.12488689376471837,0.00027537502157660293,1
315,10321920,10387456,4114,4114,0.08665326604386792,0.08621741191018373,303.0183487419409,0.02189954346306274,0.0002859670591026299,1
316,10354688,10420224,9808,-6576,0.07428716449066997,0.07079695991706103,294.0178040445369,0.20899172722262815,0.0002526621295335475,1
317,10387456,10452992,1323,1323,0.07463005953468382,0.07365110912360251,302.01828782730746,0.05734496733935718,0.00024710443884562683,1
318,10420224,10485760,9859,-6525,0.08121916675008833,0.07625913829542696,306.01853193488586,0.2736663605693416,0.0002654060400739718,1
319,10452992,10518528,4322,4322,0.07172882813028991,0.07074692600872368,299.0181089975912,0.05986161325602972,0.00023988121779897867,1
320,10485760,10551296,2151,2151,0.06634712545201182,0.06551833206322044,248.01501834452446,0.05459278599023677,0.000267512531680026,1
321,10518528,10584064,2861,2861,0.06151546287583187,0.059730780543759465,239.01447274181396,0.12786106210592943,0.0002573712887348104,1
322,10551296,10616832,5367,5367,0.07621392887085676,0.07363145030103624,286.0173205706458,0.14970995572993165,0.0002664661312077149,1
323,10584064,10649600,72,72,0.07833524234592915,0.07287392215221189,281.01701838565623,0.31385046995841154,0.0002787562219396445,1
324,10616832,10682368,16154,-230,5845.626107333228,49.071869134902954,11478.695280616661,20.759984334962965,0.5092587584587565,1
325,10649600,10715136,16154,-230,17582.531117636245,121.41062492190395,35321.1378690995,21.60824700195001,0.4977906199623944,1
326,10682368,10747904,16154,-230,23489.71826171875,312.0720520019531,47992.906089337965,18.766229312046402,0.4894414649113568,1
327,10715136,10780672,16154,-230,23253.2392578125,431.08621978759766,47893.901974913926,17.319193198780138,0.485515656460653,1
328,10747904,10813440,16154,-230,23294.40771484375,403.91527557373047,48001.908174006516,17.609613945661746,0.4852808690521576,1
329,10780672,10846208,16154,-230,23755.779296875,293.7817153930664,48370.93210798371,19.077445194604078,0.4911168394241893,1
330,10813440,10878976,16154,-230,24121.126953125,221.32106399536133,48659.94869209906,20.37374845026948,0.49570802274687886,1
331,10846208,10911744,16154,-230,24364.17578125,180.67689514160156,48782.956349818734,21.298491053826712,0.49944032925221704,1
332,10878976,10944512,16154,-230,18237.770946979523,5922.846011549234,48512.939695055116,4.884413154488972,0.37593621540189787,1
333,10911744,10977280,16186,-198,6105.370440125465,6035.567554235458,48570.94137691289,0.04993904459186738,0.12570006401044384,1
334,10944512,11010048,16186,-198,6098.317545473576,1255.4700836720876,48669.94786186025,6.864036663027614,0.12529944685337263,1
335,10977280,11042816,16091,-293,3089.5267965719104,1862.9398155137897,48375.92909807012,2.196931416352882,0.06386496040848469,1
336,11010048,11075584,16091,-293,3461.222685545683,3147.9821878522635,48324.92567609776,0.41197275168679187,0.07162396293674293,1
337,11042816,11108352,15467,-917,3147.9047427922487,1698.5538470970932,48249.921269350234,2.6794226260157923,0.06524165552974467,1
338,11075584,11141120,127,127,3450.6712987199426,2999.9381644055247,48146.915731446934,0.607912885779213,0.07166962299240598,1
339,11108352,11173888,127,127,6187.0856001116335,3116.205512344837,48411.931894291934,2.978600331810619,0.12780084078489604,1
340,11141120,11206656,127,127,3343.4968777634203,3113.1994520425797,48612.944187768924,0.3099397664551018,0.06877791365297822,1
341,11173888,11239424,16243,-141,2799.6360203027725,2007.675609022379,48258.922762277085,1.4440802969963127,0.058012816284643325,1
342,11206656,11272192,16243,-141,3297.9414794296026,2984.537241280079,47872.89868584925,0.43365942585104267,0.06888952977490041,1
343,11239424,11304960,15843,-541,2983.544868526049,2869.718517780304,47900.90013494025,0.16893273278521556,0.06228577876660334,1
344,11272192,11337728,16151,-233,3035.2630974948406,1963.9244312345982,47685.88769179196,1.8907156902136835,0.06365118160560723,1
345,11304960,11370496,16359,-25,3194.861002907157,3036.141453228891,47894.901242946595,0.22129966901180703,0.06670566010150525,1
346,11337728,11403264,16359,-25,3194.86423587054,2098.236251667142,48077.91222236416,1.8259802160915992,0.06645180891162743,1
347,11370496,11436032,15783,-601,2624.854183256626,2502.903376430273,47634.88501945001,0.20661098175914772,0.05510361119135399,1
348,11403264,11468800,15775,-609,2665.908148407936,2630.5450482964516,47606.88329029079,0.05799438564604811,0.05599837595232024,1
349,11436032,11501568,15987,-397,2669.641984164715,2594.5207526534796,47864.89849761371,0.1239587482639461,0.05577452513135088,1
350,11468800,11534336,16163,-221,2717.16904386878,2593.984939051792,48049.909000548345,0.20149207925718612,0.056548890526260345,1
351,11501568,11567104,16259,-125,2771.7851161062717,2716.0464304890484,48214.91818607396,0.08822368484652171,0.0574881223568446,1
352,11534336,11599872,75,75,2707.249996036291,2620.155345382169,48248.92091706309,0.14201320948285984,0.05611006307664137,1
353,11567104,11632640,182,182,2649.276533126831,2560.26095867157,48299.924672374604,0.1484305886654644,0.05485053136412237,1
354,11599872,11665408,182,182,2636.179184526205,2456.287617005408,48798.95385295752,0.3069570767913909,0.054021223333385784,1
355,11632640,11698176,15438,-946,2284.573197066784,2152.238522723317,48979.965040265524,0.2591467675770585,0.04664301404030563,1
356,11665408,11730944,658,658,2314.3821263983846,2056.132585765794,28462.72347025785,0.513839507935072,0.08131274327338353,1
357,11698176,11763712,658,658,672.5237455110182,633.0328940036707,4213.255141113498,0.26281345389636784,0.15962093986391732,1
358,11730944,11796480,16176,-208,0.26962413894943893,0.25450120319146663,660.0399662477678,0.25068931315946086,0.00040849668616616257,1
359,11763712,11829248,80,80,0.6389676555991173,0.5306972108955961,1475.0893207087934,0.8063206964442433,0.00043317217922239973,1
360,11796480,11862016,80,80,0.5936732548580039,0.5214420474367216,1133.068611060522,0.5634143590479395,0.0005239517263675159,1
361,11829248,11894784,1887,1887,0.09670064505189657,0.09665609593503177,373.02258899476874,0.0020012165980496763,0.0002592353597472155,1
362,11862016,11927552,2511,2511,0.09315667510963976,0.09053064649924636,343.0207716441737,0.12418357795618847,0.0002715773586046099,1
363,11894784,11960320,3003,3003,0.07315821759402752,0.07049992957036011,281.01701566712387,0.1607443277610368,0.00026033376455995963,1
364,11927552,11993088,14907,-1477,0.08285228122258559,0.07818912435323,323.019560015613,0.2515812116023266,0.0002564930780618392,1
365,11960320,12025856,15639,-745,0.5209467522799969,0.5152813233435154,1017.0615882386506,0.04748933365372368,0.0005122076758224381,1
366,11993088,12058624,15639,-745,0.5346691038794233,0.5223577325668884,1037.0627977547379,0.10117060864331408,0.0005155609718495282,1
367,12025856,12091392,1692,1692,0.09867561981081963,0.08396808846737258,355.02149603377137,0.7009559641933762,0.00027794266238299306,1
368,12058624,12124160,16327,-57,0.08492438960820436,0.08127578813582659,295.0178634484445,0.19071244506956495,0.0002878618556026701,1
369,12091392,12156928,13073,-3311,0.07056311587803066,0.0674702699034242,272.0164714575623,0.1946530234671759,0.00025940751124344804,1
370,12124160,12189696,6112,6112,0.07099168794229627,0.06894919322803617,270.0163510215137,0.126783134733258,0.0002629162555294289,1
371,12156928,12222464,977,977,0.560210834722966,0.5418791270058136,1088.065884257811,0.1444908155107402,0.0005148684862085312,1
372,12189696,12255232,977,977,0.5603323674731655,0.5435359798138961,1186.0718178397788,0.13217412258795586,0.00047242701415308255,1
373,12222464,12288000,11931,-4453,0.11054793419316411,0.10042553499806672,373.0225862852635,0.41706477307362966,0.0002963572133635474,1
374,12255232,12320768,15926,-458,0.10293487971648574,0.08310427097603679,325.019680091659,0.9293921732243879,0.0003167035291138586,1
375,12288000,12353536,13409,-2975,0.1078651356510818,0.10180087736807764,373.0225869006991,0.25129573005642375,0.000289165158998257,1
376,12320768,12386304,1120,1120,0.09067196073010564,0.08754673856310546,323.01955946768874,0.15233035545591314,0.00028070114664116943,1
377,12353536,12419072,1686,1686,0.0828722077421844,0.0805353110190481,315.0190741513291,0.12422568519489585,0.0002630704441165813,1
378,12386304,12451840,11842,-4542,0.08565694559365511,0.08353378134779632,337.02040636786353,0.10900442821021343,0.00025415952261406715,1
379,12419072,12484608,14895,-1489,0.06698939250782132,0.0637973127886653,276.01671458611554,0.21203653260367966,0.0002427004922809522,1
380,12451840,12517376,10906,-5478,0.11879015038721263,0.10811836377251893,359.0217402287768,0.4088096753732866,0.00033087174696305814,1
381,12484608,12550144,10906,-5478,0.11792136143776588,0.11332699120976031,380.0230104491317,0.17259126044240924,0.0003103005823210549,1
382,12517376,12582912,4571,4571,0.06625375710427761,0.06493417220190167,277.0167739339023,0.08737202785758534,0.0002391687556078684,1
383,12550144,12615680,3574,3574,0.11312032793648541,0.10718176746740937,347.02101208149224,0.23419741031879718,0.00032597544240324256,1
384,12582912,12648448,13955,-2429,0.118579993955791,0.11133281950606033,327.01980034198044,0.2738821614741422,0.00036260799447552155,1
385,12615680,12681216,11041,-5343,0.08038246585056186,0.07798847509548068,266.0161082523624,0.13130895996086622,0.0003021714225452285,1
386,12648448,12713984,11777,-4607,0.0830840403214097,0.0801192291546613,354.0214371091071,0.15780845631704143,0.00023468646701132884,1
387,12681216,12746752,8274,-8110,0.08374452474527061,0.07607432501390576,317.0191961660976,0.41718314593833306,0.00026416231495771596,1
388,12713984,12779520,7159,7159,0.05878419196233153,0.055123945930972695,252.01525942346507,0.27920254772120495,0.00023325647858313042,1
389,12746752,12812288,11803,-4581,0.0630804153624922,0.0620092119788751,254.01538085329227,0.0743833203238329,0.00024833305428431743,1
390,12779520,12845056,14832,-1552,0.09034632937982678,0.08623790263663977,320.01937898857454,0.20212326957955207,0.00028231518249103395,1
391,12812288,12877824,9316,-7068,0.08869596640579402,0.08866792288608849,341.0206500901272,0.001373351251077169,0.00026008972296062677,1
392,12845056,12910592,1001,1001,0.062313216127222404,0.06128444196656346,262.01586554333636,0.07229930835090935,0.00023782230132516938,1
393,12877824,12943360,436,436,0.07614503474906087,0.07575068762525916,281.0170165947008,0.02255009712215997,0.0002709623626062535,1
394,12910592,12976128,16224,-160,0.0865620207041502,0.08624310890445486,304.01841051127826,0.016029824157999358,0.00028472624588285906,1
395,12943360,13008896,584,584,0.06876377621665597,0.06276547559536994,274.0165935593666,0.39638894321296947,0.0002509474894328181,1
396,12976128,13041664,6498,6498,0.1660012941720197,0.15088836767245084,427.02585644876444,0.4145571356446736,0.00038873827349126085,1
397,13008896,13074432,6498,6498,0.17007830366492271,0.14896874595433474,427.0258561951258,0.5755375380120764,0.00039828572719307866,1
398,13041664,13107200,3053,3053,0.07607589731924236,0.07603548938641325,294.01780343483676,0.0023073805381258277,0.00025874588691736513,1
399,13074432,13139968,11393,-4991,0.08365234034135938,0.08060231758281589,320.01937802264905,0.1613056633902392,0.0002613977342817002,1
400,13107200,13172736,13674,-2710,819.089774888067,650.9064874121686,4509.272873778106,0.9981290438752505,0.1816456439465351,1
401,13139968,13205504,1386,1386,5409.0583160375245,2702.3985759562347,28925.75190561331,3.0137226030165145,0.18699801940110836,1
402,13172736,13238272,1386,1386,10506.258544921875,5619.83740234375,48908.96212613772,2.7172433360936528,0.21481254330905472,1
403,13205504,13271040,1386,1386,10013.554931640625,5874.0325927734375,48493.93699587109,2.316519326551376,0.20649086364122607,1
404,13238272,13303808,1386,1386,9894.224365234375,6042.9825439453125,48631.945865956586,2.141304146424056,0.20345113050803393,1
405,13271040,13336576,1386,1386,10113.275634765625,5883.4310302734375,48689.94954193654,2.3526117727455427,0.20770766307849803,1
406,13303808,13369344,1386,1386,10494.870361328125,5600.6871337890625,48792.95469509236,2.7273576555702093,0.21508987162000476,1
407,13336576,13402112,1386,1386,10672.85693359375,5356.7620849609375,49381.989724393025,2.9937832981799155,0.21612853174123361,1
408,13369344,13434880,1386,1386,11093.546630859375,5046.404541015625,50155.03688495081,3.4208835078427526,0.22118509565263686,1
409,13402112,13467648,1386,1386,5781.987524807453,2972.7567376866937,50761.073813635914,2.8891777820023505,0.11390593402407972,1
410,13434880,13500416,1418,1418,2974.0265697687864,2866.813534602523,51128.096277279205,0.15945397999687488,0.058168146015841644,1
411,13467648,13533184,15351,-1033,3288.9880536794662,2590.847083479166,51956.146476201146,1.036205151437023,0.06330315615662545,1
412,13500416,13565952,699,699,5170.192868426442,3469.6101671382785,52490.17830689781,1.732260625066572,0.09849829120788145,1
413,13533184,13598720,699,699,5170.79525205493,5168.92937900871,52664.18948044375,0.0015674273844135662,0.09818427479976781,1
414,13565952,13631488,16027,-357,5112.7765245735645,4754.865199103951,52424.175305795696,0.3151860131568237,0.09752707591011599,1
415,13598720,13664256,559,559,5823.60474704206,3910.3378053912893,52097.15474455438,1.7297761462157093,0.111783547020882,1
416,13631488,13697024,559,559,5821.15852631256,3910.475964470068,52105.15549144693,1.7277980562617488,0.11171943488908893,1
417,13664256,13729792,16279,-105,6185.513753592968,3798.303506657481,52109.155051645044,2.1178611244131056,0.11870301384588841,1
418,13697024,13762560,16279,-105,6185.624905347824,4199.981730323285,51955.146547573866,1.681361797173013,0.1190570196868528,1
419,13729792,13795328,16255,-129,5992.573533952236,4499.193191051483,51765.13577874587,1.2447873014394313,0.11576466368340356,1
420,13762560,13828096,16255,-129,5992.490866038948,4498.321902364492,51712.13156696987,1.2455685017834335,0.11588172222756597,1
421,13795328,13860864,16147,-237,5451.239195376635,3588.017241805792,51255.103646507574,1.8164071755993252,0.10635505164465844,1
422,13828096,13893632,95,95,5963.006342381239,5396.601013019681,50909.08148021428,0.43344960718971426,0.11713050341909528,1
423,13860864,13926400,95,95,5962.409456923604,4468.921507017687,51186.09931864703,1.252190703563285,0.11648493509548413,1
424,13893632,13959168,15827,-557,4420.830405013636,4231.573834903538,51360.11152370383,0.19001931423002372,0.08607517144843668,1
425,13926400,13991936,1007,1007,4062.0277376547456,3556.928858190775,51354.10902276654,0.5766770568091784,0.07909839767357173,1
426,13959168,14024704,16115,-269,5063.8586803637445,3556.53766143322,51548.120800345365,1.5345416514929997,0.09823556323181848,1
427,13991936,14057472,16115,-269,4992.36398779694,3111.683320403099,51953.14603799286,2.0531084984755217,0.09609358370994646,1
428,14024704,14090240,1071,1071,3844.4796094298363,2978.9897304177284,52000.14859091952,1.1076855575211901,0.07393208891909157,1
429,14057472,14123008,1071,1071,3844.62388790166,2271.1006727069616,51976.14738583961,2.286174740994907,0.07396900465441365,1
430,14090240,14155776,675,675,4684.39759334363,4146.610357567668,52372.16955483747,0.5296052102957989,0.0894444059346964,1
431,14123008,14188544,675,675,4684.40724362433,4096.771870300174,52334.166563383165,0.5821286302966537,0.08950954130416755,1
432,14155776,14221312,1071,1071,3572.9564399591472,3207.0930257008877,38097.30567734204,0.4691616413203717,0.09378501645810938,1
433,14188544,14254080,1255,1255,3206.084148161579,1588.9994767270982,12174.736749102573,3.048511626436447,0.263339094243488,1
434,14221312,14286848,9954,-6430,0.07324573304504156,0.06349402153864503,240.01453297699146,0.6204949481420784,0.00030517207494290825,1
435,14254080,14319616,11122,-5262,0.06879044370725751,0.05780863180552842,240.01453315227303,0.7553541994730164,0.0002866094931993748,1
436,14286848,14352384,5630,5630,0.12838640436530113,0.1283674214500934,376.02276912717645,0.0006421851993056627,0.00034143252724645236,1
437,14319616,14385152,5630,5630,0.1301271878182888,0.11954318708740175,369.0223451826071,0.36843214156528037,0.00035262685178019947,1
438,14352384,14417920,11859,-4525,0.06532228225842118,0.0645838025957346,260.01574570576486,0.04937737869692187,0.00025122433289997834,1
439,14385152,14450688,12470,-3914,0.07509365607984364,0.0646070723887533,255.0154435671894,0.6532318748613781,0.0002944670919902879,1
440,14417920,14483456,14985,-1399,0.08540840423665941,0.08097975235432386,301.0182281190127,0.23124163310909662,0.00028373166891040147,1
441,14450688,14516224,12717,-3667,0.09514048148412257,0.0910837184637785,385.0233139595333,0.18924592715216434,0.0002471031702099006,1
442,14483456,14548992,12717,-3667,0.08863315056078136,0.08753749169409275,365.02210280876204,0.0540208889527645,0.00024281584561255175,1
443,14516224,14581760,3445,3445,0.0736875704023987,0.06883928703609854,310.0187729278688,0.2955787365208574,0.00023768744617134327,1
444,14548992,14614528,1153,1153,0.0738675408065319,0.0723735053325072,281.01701662380447,0.08874033038105913,0.00026285789271408383,1
445,14581760,14647296,9848,-6536,0.06481385929509997,0.0632874183356762,266.0161083170777,0.10350501985017838,0.00024364637053424278,1
446,14614528,14680064,9658,-6726,0.06187728978693485,0.06102451658807695,255.015442322954,0.060269356365267104,0.00024264134447424113,1
447,14647296,14712832,12758,-3626,0.07728464109823108,0.0768013175111264,296.01792506339007,0.027245241184549233,0.00026108095001909476,1
448,14680064,14745600,4782,4782,0.2092426063027233,0.20274713169783354,591.0357887975624,0.1369540203288095,0.0003540269646418851,1
449,14712832,14778368,4782,4782,0.20691929990425706,0.1983107846463099,579.0350620311999,0.1845466744788837,0.00035735193509423046,1
450,14745600,14811136,8311,-8073,0.08065777597948909,0.07266698125749826,287.0173803088875,0.4530912375761498,0.0002810205287661861,1
451,14778368,14843904,7811,7811,0.05458562006242573,0.05154399003367871,233.01410914538457,0.2490021364981972,0.0002342588621033592,1
452,14811136,14876672,2403,2403,0.08000427484512329,0.0708787003532052,278.0168336598391,0.5259744750572405,0.0002877677361904302,1
453,14843904,14909440,13574,-2810,0.08213405590504408,0.08184653194621205,325.0196800620263,0.015229875479762267,0.0002527048697154884,1
454,14876672,14942208,786,786,0.10075475741177797,0.09191274724435061,366.0221631285706,0.39889814471444857,0.0002752695534898153,1
455,14909440,14974976,7634,7634,0.10197148006409407,0.09021078841760755,377.02283033958406,0.5322024445995867,0.0002704650006797956,1
456,14942208,15007744,1349,1349,0.11705504078418016,0.11415811016922817,433.0262212781439,0.10883349981186699,0.0002703185974250568,1
457,14974976,15040512,3749,3749,0.12116956245154142,0.11394491528335493,422.0255540187976,0.2669858979242583,0.0002871142785020652,1
458,15007744,15073280,13531,-2853,0.07632393552921712,0.07395215099677444,303.0183481963425,0.13709945466874113,0.0002518789241097789,1
459,15040512,15106048,13531,-2853,0.07188772351946682,0.0677687251009047,242.01465435151084,0.2562541540125225,0.0002970387215273935,1
460,15073280,15138816,13348,-3036,0.06622861605137587,0.05486672488041222,235.01422900807478,0.8173664294719476,0.00028180683497721465,1
461,15106048,15171584,13481,-2903,0.14711093914229423,0.13145774439908564,359.02173783316005,0.48858791763942155,0.0004097549636692409,1
462,15138816,15204352,13481,-2903,0.14594345022851485,0.11858823290094733,411.024888821368,0.9014301150164928,0.0003550720508605066,1
463,15171584,15237120,8680,-7704,0.10126554500311613,0.08832176032592542,377.02283016249635,0.5939398806862817,0.0002685926074011773,1
464,15204352,15269888,7035,7035,0.09264363860711455,0.0860858631785959,345.0208907384824,0.3188376529306628,0.00026851602640298153,1
465,15237120,15302656,14794,-1590,0.06722687120782211,0.06490491659496911,274.01659180815386,0.15265303142114908,0.0002453386883042812,1
466,15269888,15335424,13544,-2840,0.09618126810528338,0.08766966941766441,302.018288118456,0.40241129814329013,0.00031846173522962184,1
467,15302656,15368192,15525,-859,0.1160528875188902,0.10543991322629154,414.0250692224104,0.41650910794070933,0.00028030401090651754,1
468,15335424,15400960,15525,-859,0.11382133490405977,0.09632002119906247,361.02185980193565,0.7250710523867872,0.00031527546549814075,1
469,15368192,15433728,14473,-1911,0.0730627616867423,0.06456149695441127,283.0171370640054,0.537224924136614,0.0002581566701037573,1
470,15400960,15466496,4551,4551,0.07402325980365276,0.06993381073698401,272.0164712470986,0.24681012586653683,0.0002721278585237228,1
471,15433728,15499264,15007,-1377,0.34913905360735953,0.3249380245106295,770.0466288265865,0.31197894549138355,0.0004533998858476727,1
472,15466496,15532032,1506,1506,0.36499465676024556,0.3490594106260687,1069.0647349361716,0.19387155707345813,0.0003414149254320296,1
473,15499264,15564800,15369,-1015,0.24196069734171033,0.22494960855692625,549.0332462167698,0.31659585723054223,0.0004407031796507623,1
474,15532032,15597568,13969,-2415,0.07598773040808737,0.07432467152830213,285.0172589157652,0.09610474698401504,0.0002666074703586459,1
475,15564800,15630336,174,174,0.09653289243578911,0.08810980245471,360.0218002767988,0.3965109170391943,0.00026813068642390784,1
476,15597568,15663104,16139,-245,0.08954302384518087,0.08952956751454622,293.0177439305512,0.0006526973344071708,0.0003055890835962605,1
477,15630336,15695872,15259,-1125,8950.998986408624,1457.239226857666,23818.442382758076,7.883406546178401,0.3758011897909898,1
478,15663104,15728640,15259,-1125,17611.25390625,3388.9742431640625,51188.09989984118,7.157220103337266,0.34404976822170813,1
479,15695872,15761408,15259,-1125,17379.978515625,4128.113342285156,55069.33515631818,6.242976224001317,0.3156017494362463,1
480,15728640,15794176,15259,-1125,17738.37548828125,4350.5487060546875,55509.359748009956,6.103698087503205,0.31955647784096775,1
481,15761408,15826944,15259,-1125,17919.97998046875,4168.029296875,55786.37511687168,6.334067572118637,0.32122502928226904,1
482,15794176,15859712,15259,-1125,17906.85986328125,3909.6605224609375,55966.387389080905,6.608803858409265,0.3199574011949697,1
483,15826944,15892480,15259,-1125,18049.8603515625,3547.0068969726562,56026.392177961214,7.066118132623712,0.3221671010731737,1
484,15859712,15925248,15259,-1125,18215.9970703125,3048.87158203125,55909.38547338542,7.763138154207267,0.32581286515810254,1
485,15892480,15958016,15259,-1125,9177.462853252888,4758.639506757259,56090.396276755026,2.8523982948933053,0.16361914806182623,1
486,15925248,15990784,15291,-1093,4763.785299539566,4718.228906154633,55811.37944428661,0.04173172929035686,0.08535508971418611,1
487,15958016,16023552,200,200,3810.057600080967,1848.7831604480743,55054.333995774505,3.1404556460826876,0.06920540715965058,1
488,15990784,16056320,200,200,3808.5036840364337,3306.980946600437,54200.28205750775,0.6132268732753378,0.07026722997484632,1
489,16023552,16089088,15196,-1188,2356.2209922522306,2285.228907212615,61402.71800862368,0.13286311854934102,0.03837323604993043,1
490,16056320,16121856,756,756,2707.6578956842422,2494.0764345526695,61178.705045430266,0.3568403277191079,0.04425817600541858,1
491,16089088,16154624,756,756,2707.0201729238033,2478.0301760286093,52322.16833425738,0.3838490151757498,0.05173753800932235,1
492,16121856,16187392,15668,-716,2576.0107302069664,1739.2608546316624,51393.1114066239,1.7058294527106332,0.050123657815256385,1
493,16154624,16220160,132,132,3288.8704748377204,2634.9765864759684,51122.094707977885,0.962700094861618,0.06433364074036023,1
494,16187392,16252928,132,132,3288.1431234776974,2124.3462831377983,50739.07170059418,1.8972540169327947,0.06480495234285479,1
495,16220160,16285696,15348,-1036,2087.5502484167228,2037.169116154313,50477.056496712925,0.10609854402231383,0.04135641801048095,1
496,16252928,16318464,664,664,2550.2671335190535,2052.2031947840005,50096.03346243828,0.9436531461188931,0.05090756607369382,1
497,16285696,16351232,664,664,2550.5952256917953,2030.256809673272,50003.028143265285,0.9909056659199924,0.05100881527382708,1
498,16318464,16384000,376,376,2883.2838098555803,2133.596788048744,50354.04977475214,1.3077504444946941,0.05726021685948443,1
499,16351232,16416768,376,376,2883.0200956668705,2216.1348800957203,50269.04406907261,1.1425148036081225,0.05735179868758658,1
500,16384000,16449536,1028,1028,2215.2952099964023,1850.6031404659152,50318.04680760193,0.7811831362252057,0.04402585852481303,1
501,16416768,16482304,280,280,2858.72907166183,2322.6537950634956,50602.0637410913,0.9018851769160332,0.05649431782641713,1
502,16449536,16515072,15812,-572,2439.2890073657036,2148.719622939825,50476.05566864147,0.5508350865040028,0.0483256660024869,1
503,16482304,16547840,15364,-1020,1994.3609163165092,1909.8727148473263,50450.054751334916,0.18799330395063896,0.03953139250584734,1
504,16515072,16580608,15564,-820,2161.094781175256,1994.1217921078205,50650.0669318347,0.34922134999337306,0.042667165358017706,1
505,16547840,16613376,15680,-704,2350.930875957012,2267.647740870714,50710.06993028324,0.15664268188991246,0.04636023730965265,1
506,16580608,16646144,15672,-712,2269.544293001294,2267.7949665784836,51004.0878257217,0.0033487592910855105,0.04449730187815942,1
507,16613376,16678912,940,940,2101.248831283301,2013.8673744499683,51196.09930317223,0.18446618695380734,0.04104314312776369,1
508,16646144,16711680,612,612,2375.106988415122,2303.751500569284,44971.72328845567,0.132475464022675,0.05281334168986174,1
509,16678912,16744448,15128,-1256,1696.3634429407539,1687.3347823173972,19590.18689634774,0.023176456837592806,0.08659250939851995,1
510,16711680,16777216,894,894,0.07898745867714752,0.07198451552540064,273.016531348418,0.40319055085255295,0.0002893138312432274,1
511,16744448,16809984,894,894,0.09788380551617593,0.09150461386889219,314.01901501794185,0.29267852737368893,0.0003117129881787038,1
512,16777216,16842752,4306,4306,0.08746690710540861,0.08348657563328743,311.01883327450616,0.2022712184897883,0.00028122704398485753,1
513,16809984,16875520,3772,3772,0.07742215786129236,0.07479480467736721,279.016895324484,0.14993839153035893,0.0002774819702988018,1
514,16842752,16908288,9447,-6937,0.0727943773381412,0.06930411153007299,272.0164714715787,0.21338835263461475,0.0002676101816347067,1
515,16875520,16941056,14589,-1795,0.061299904715269804,0.05948239658027887,254.01538174446227,0.13071341271328518,0.00024132359345441958,1
516,16908288,16973824,6694,6694,0.08302500704303384,0.07886317907832563,290.017561522372,0.2233464104070704,0.00028627579173900916,1
517,16941056,17006592,4457,4457,0.07833973341621459,0.07293982850387692,296.01792405474555,0.31017351479529887,0.00026464523615038406,1
518,16973824,17039360,5532,5532,0.13810239103622735,0.13681821193313226,418.0253115550181,0.04057287438876917,0.00033036849018184655,1
519,17006592,17072128,5532,5532,0.13799610786372796,0.13663737464230508,443.0268260386626,0.04297328568327442,0.0003114847674070309,1
520,17039360,17104896,3841,3841,0.11380589683540165,0.0858749314211309,301.01822766152134,1.222983623007492,0.0003780697857385906,1
521,17072128,17137664,5437,5437,0.0994888530112803,0.09354479960165918,333.0201649126486,0.26754775044106105,0.00029874723363186215,1
522,17104896,17170432,11533,-4851,0.10656776372343302,0.1008080025203526,356.02155655554645,0.24130842983038736,0.00029932952587045475,1
523,17137664,17203200,12005,-4379,0.0842363239498809,0.06336816074326634,275.0166519659466,1.2362830415949637,0.0003062953582909274,1
524,17170432,17235968,7447,7447,0.08990024379454553,0.08527759881690145,313.01895416326045,0.22925906155237208,0.00028720383414116357,1
525,17203200,17268736,6113,6113,0.10589373426046222,0.10542469844222069,456.0276128664775,0.019278962046128237,0.0002322090401386886,1
526,17235968,17301504,12544,-3840,0.1067332811653614,0.09742630226537585,388.0234941465076,0.3962364101858528,0.000275069120234925,1
527,17268736,17334272,2436,2436,0.09508828166872263,0.08197977766394615,297.0179832205562,0.6442026323609112,0.00032014318001113447,1
528,17301504,17367040,15284,-1100,0.09505312889814377,0.09259916473092744,354.0214360096352,0.11359348016963941,0.00026849540516398775,1
529,17334272,17399808,11292,-5092,0.08790611734730192,0.08648944180458784,340.0205890120251,0.07056004266008141,0.0002585317483353723,1
530,17367040,17432576,306,306,0.3243851360748522,0.3012720725964755,741.0448735334801,0.32102070634117696,0.0004377402066464692,1
531,17399808,17465344,306,306,0.3336694582249038,0.28551309928297997,780.047236330324,0.6769041780448137,0.00042775545208598864,1
532,17432576,17498112,13913,-2471,0.08079954283311963,0.07941624941304326,312.0188946452072,0.07499530716935193,0.00025895721130925675,1
533,17465344,17530880,16318,-66,0.1222440479323268,0.1010424317792058,380.0230123503005,0.8272393269475742,0.00032167538269930806,1
534,17498112,17563648,16318,-66,0.1830806564539671,0.17766155250137672,577.0349418803091,0.13049008077987925,0.00031727828449588485,1
535,17530880,17596416,778,778,0.1936489176005125,0.17661928827874362,580.0351224339222,0.39976943481968774,0.00033385722710709307,1
536,17563648,17629184,13429,-2955,0.18825075030326843,0.15430347016081214,548.033183467325,0.8636102271961487,0.00034350246660655426,1
537,17596416,17661952,13429,-2955,0.1641877545043826,0.15660971542820334,436.0264021746526,0.20522062905903818,0.0003765546161551391,1
538,17629184,17694720,14549,-1835,0.1006161340046674,0.10013646585866809,374.0226474869295,0.02075366650519422,0.00026901080637953484,1
539,17661952,17727488,15617,-767,0.1124425157904625,0.11128004331840202,434.026279638153,0.0451326791160735,0.0002590684506113446,1
540,17694720,17760256,5875,5875,0.09819015767425299,0.08624716475605965,325.0196795286251,0.5632313020895784,0.0003021052688768195,1
541,17727488,17793024,12174,-4210,0.12332328269258142,0.09577192814322188,329.019922372446,1.098068455083445,0.0003748201075586577,1
542,17760256,17825792,12174,-4210,0.11109433777164668,0.09628549488843419,333.0201642166531,0.6213105755907914,0.00033359642961250835,1
543,17793024,17858560,2576,2576,0.06299027620116249,0.059790812694700435,257.01556122548544,0.22639056136716282,0.00024508351128941846,1
544,17825792,17891328,2576,2576,0.06947160558775067,0.06864055688492954,269.0162885760159,0.05226537842406876,0.000258243119609912,1
545,17858560,17924096,3262,3262,0.0716613489203155,0.07125070869733463,259.0156835638584,0.024957904416095633,0.00027666799142936046,1
546,17891328,17956864,14591,-1793,0.1116196932271123,0.09350184816867113,344.0208314809546,0.7692062930391295,0.00032445620442985205,1
547,17924096,17989632,14591,-1793,0.12157741142436862,0.09281077305786312,358.0216797228059,1.1725450223102485,0.00033958114357347997,1
548,17956864,18022400,7894,7894,0.08919860608875751,0.07894030958414078,313.01895436736663,0.5305924242964326,0.00028496231568159885,1
549,17989632,18055168,8997,-7387,0.09610600862652063,0.09590155119076371,390.023616937858,0.009249091002339532,0.00024641074143423754,1
550,18022400,18087936,12924,-3460,0.09707407187670469,0.09108661813661456,348.02107297971475,0.2764866906527908,0.0002789315918302536,1
551,18055168,18120704,5434,5434,0.11175031610764563,0.10108268656767905,346.02095121458046,0.4357198424688166,0.0003229582362437502,1
552,18087936,18153472,15987,-397,0.15002369770081714,0.11369779170490801,416.02519163855015,1.2040783582166898,0.00036061205118357426,1
553,18120704,18186240,549,549,4265.8821336051915,1958.341501738294,15460.936602492471,3.3812042400914812,0.27591356483005597,1
554,18153472,18219008,549,549,13735.704214783385,5008.686449067667,41870.53578124224,4.381270850533953,0.32805179008330015,1
555,18186240,18251776,549,549,19044.98681640625,5571.5811767578125,52829.19800687758,5.338022138842699,0.3605011534327452,1
556,18219008,18284544,549,549,19633.1181640625,5158.5701904296875,52931.204334377275,5.804599362659024,0.37091765454713754,1
557,18251776,18317312,549,549,19911.86279296875,5416.3194580078125,53452.2360130136,5.654076196094612,0.37251692872344877,1
558,18284544,18350080,549,549,19356.5478515625,5784.6719970703125,53397.23289564855,5.24549166933012,0.36250095373649793,1
559,18317312,18382848,549,549,18649.6708984375,6363.0738525390625,53249.225821271255,4.670042085595912,0.35023365336867657,1
560,18350080,18415616,549,549,17786.0859375,7019.5931396484375,52963.20841164295,4.037684455185423,0.3358196467113965,1
561,18382848,18448384,549,549,12715.256323814392,5630.3278968296945,52249.16376939339,3.53791431578969,0.24335808281897822,1
562,18415616,18481152,549,549,4078.6953381299973,3733.419069737196,51794.13527045377,0.38414525050236603,0.07874820801297767,1
563,18448384,18513920,581,581,3653.0811118111014,2301.5577617287636,51940.144349089736,2.006374364833876,0.07033251750820602,1
564,18481152,18546688,486,486,2714.880245268345,2314.6835877522826,51420.112506946796,0.6925904510607034,0.05279802227001288,1
565,18513920,18579456,16246,-138,3052.620009943843,2818.276835232973,50666.06738106435,0.3468909571403146,0.060249791778485495,1
566,18546688,18612224,16246,-138,3053.5176786482334,2816.1791427731514,50224.04132444054,0.35140161043674867,0.06079792860401099,1
567,18579456,18644992,325,325,2872.917685754597,2313.7533064484596,49823.01599267773,0.9400613046817413,0.057662460381298825,1
568,18612224,18677760,16221,-163,3248.7301192786545,2972.03071330674,49115.9726654862,0.3866034167564312,0.06614406562616111,1
569,18644992,18710528,16221,-163,3249.334149295464,2301.904430627823,48456.93377162041,1.4970708601510807,0.06705612378632363,1
570,18677760,18743296,15441,-943,2980.5279193893075,2699.014545843005,48053.910249930435,0.430879692221001,0.06202466987363681,1
571,18710528,18776064,133,133,3552.294602625072,3442.3891364336014,47701.888371858106,0.13649013445339145,0.07446863685842593,1
572,18743296,18808832,133,133,3644.934064231813,3441.617941364646,48145.91457708445,0.24927019414669846,0.0757059886856248,1
573,18776064,18841600,545,545,3279.1091734431684,3156.2525636851788,48463.93446196013,0.16584127928090206,0.06766081231017215,1
574,18808832,18874368,545,545,3278.8892486542463,3129.9005634104833,48656.94642430535,0.20196207433490587,0.06738789606855312,1
575,18841600,18907136,15641,-743,4074.9393124058843,2932.718757107854,49262.98280529917,1.4285072837443804,0.08271807918150557,1
576,18874368,18939904,177,177,4623.442597806454,4480.38071423769,49998.0272205481,0.13650550882827134,0.09247250051310664,1
577,18907136,18972672,177,177,4622.951660811901,4592.521417796612,50714.07091535803,0.028681619588225706,0.09115717940544793,1
578,18939904,19005440,381,381,4197.556483015418,3475.6006077528,50485.058016619805,0.8196668429514887,0.0831445312320642,1
579,18972672,19038208,557,557,3762.1730811968446,3476.6343141794205,49530.999967892196,0.34279759356362094,0.07595592827997866,1
580,19005440,19070976,233,233,4407.440247852355,3761.8266122713685,48932.96329315637,0.6878765878408519,0.09007098592103388,1
581,19038208,19103744,233,233,4503.499512001872,3049.7889017239213,48781.953996689044,1.6928034034155308,0.09231896517116835,1
582,19070976,19136512,961,961,2942.8875003159046,2928.9364120662212,49184.97892647693,0.020637172145441213,0.0598330540044556,1
583,19103744,19169280,16213,-171,5429.471099793911,3926.2258268147707,49677.00815355487,1.4078225026125855,0.10929545279802404,1
584,19136512,19202048,16213,-171,5428.683479070663,4032.391839325428,49776.01361728624,1.2913179357611462,0.10906223870819151,1
585,19169280,19234816,857,857,3295.75610743952,2002.4088932689629,26562.60845395259,2.1640230012158916,0.12407501744991847,1
586,19202048,19267584,1437,1437,102.50411645992426,101.05505974858534,1789.1082914075535,0.06183243377737249,0.057293410886425845,1
587,19234816,19300352,9835,-6549,0.061989772133529186,0.06194231635890901,234.01417044646428,0.003325979947567086,0.0002648975146046152,1
588,19267584,19333120,7965,7965,0.10786704113706946,0.10364269866840914,348.02107088433,0.17350053212832867,0.00030994399523849716,1
589,19300352,19365888,2203,2203,0.3076638007769361,0.30533996332087554,791.0478971289715,0.032927517828916356,0.0003889319494983437,1
590,19333120,19398656,2203,2203,0.306837868061848,0.30315183522179723,700.0423887104373,0.05248754853217967,0.0004383132693251339,1
591,19365888,19431424,10563,-5821,0.087482915725559,0.08597889915108681,310.01877049324355,0.07531369008771079,0.0002821858676052829,1
592,19398656,19464192,6975,6975,0.09453957248479128,0.08832812472246587,272.01647002432304,0.29514623946685553,0.0003475509129147135,1
593,19431424,19496960,14663,-1721,0.0727166524156928,0.0697868742281571,255.01544208074142,0.17860130889114129,0.00028514607516461575,1
594,19464192,19529728,14631,-1753,0.25233365409076214,0.24411847186274827,804.0486876012029,0.14374534151658427,0.00031382882402752725,1
595,19496960,19562496,2972,2972,0.24640799686312675,0.23854576190933585,879.0532295164319,0.14083093074985986,0.00028031066673707124,1
596,19529728,19595264,14402,-1982,0.10270561184734106,0.09875160036608577,385.02331485639104,0.1705003162827057,0.00026675166901424913,1
597,19562496,19628032,2926,2926,0.08427343133371323,0.07769020413979888,306.018530724926,0.3532441469998527,0.000275386693524991,1
598,19595264,19660800,8690,-7694,0.08001122274436057,0.07948816963471472,312.0188933247037,0.028484107704059472,0.000256430698448432,1
599,19628032,19693568,13513,-2871,0.09719898737967014,0.0761757199652493,295.0178646755803,1.0584517287035837,0.00032946814080752734,1
600,19660800,19726336,6396,6396,0.11007003189934039,0.09651502594351768,334.02022572828673,0.570741605866963,0.00032953103860506444,1
601,19693568,19759104,6396,6396,0.11322601102347107,0.09575439523905516,381.0230708657837,0.7278748957243681,0.00029716313704099875,1
602,19726336,19791872,4063,4063,0.10283588944002986,0.09804672840982676,401.02428436355734,0.2071160182895895,0.0002564330726335808,1
603,19759104,19824640,1662,1662,0.12115654395893216,0.11149999219924212,429.0259798684476,0.3607203940575964,0.0002823990845404804,1
604,19791872,19857408,5018,5018,0.0892420094460249,0.08508871216326952,337.0204075517427,0.2069739008921465,0.0002647970492182245,1
605,19824640,19890176,2919,2919,0.06651523971231654,0.06381415948271751,262.0158662940121,0.1800410718656632,0.0002538595874101714,1
606,19857408,19922944,167,167,0.05995527666527778,0.05660124134737998,240.01453302576215,0.2500145538318591,0.00024979852640357586,1
607,19890176,19955712,955,955,0.06160197872668505,0.05973814910976216,224.0135623875889,0.1334289986646422,0.00027499218382189347,1
608,19922944,19988480,14169,-2215,0.08728062640875578,0.08552285718906205,291.017621187265,0.08835652937945956,0.00029991526304378715,1
