packet_index,payload_symbol_index,gt_bin,rank1_ratio,rank2_ratio,sigma1,sigma2,savaux_selected_bin,savaux_ok,savaux_gt_rank,savaux_gt_power,savaux_gt_margin_db,savaux_gt_floor_db,svd_left_selected_bin,svd_left_ok,svd_left_gt_rank,svd_left_gt_power,svd_left_gt_margin_db,svd_left_gt_floor_db,svd_rank1_savaux_selected_bin,svd_rank1_savaux_ok,svd_rank1_savaux_gt_rank,svd_rank1_savaux_gt_power,svd_rank1_savaux_gt_margin_db,svd_rank1_savaux_gt_floor_db,svd_rank2_savaux_selected_bin,svd_rank2_savaux_ok,svd_rank2_savaux_gt_rank,svd_rank2_savaux_gt_power,svd_rank2_savaux_gt_margin_db,svd_rank2_savaux_gt_floor_db,dataset,snr_db,seed
0,0,803,0.7660907053742558,0.9560923817610428,0.5984128986847341,0.2980159894066906,803,True,1,1.579168550417819,20.299507164843806,45.678513774788385,803,True,1,0.27038355337356634,10.199745687559647,44.022560304168834,803,True,1,1.0248379662358644,9.484164527284559,45.842286967971866,803,True,1,1.5791898227031567,20.29938922957079,46.22021881469519,0_0_0_10_14_8,,42
0,1,826,0.7760477266232184,0.9557389834512241,0.6139730987625628,0.29543952785338695,826,True,1,1.640022032117713,21.600135756387772,45.507763163102304,826,True,1,0.29045742921915974,11.043022194902068,44.13355912428351,826,True,1,1.1124119912428796,10.374153342945384,45.912056194202044,826,True,1,1.639946617263277,21.59477031755598,45.966778152678096,0_0_0_10_14_8,,42
0,2,922,0.866819431016594,0.9549804006727736,0.645945510550431,0.20600119714004803,922,True,1,1.6333860684280808,19.141361596158227,45.54279068283201,922,True,1,0.3625181114325784,15.015880911978146,45.401592270562475,922,True,1,1.3886463202430264,13.974195273668562,47.08245772787948,922,True,1,1.6333656530247396,19.140819271773253,46.471391151498935,0_0_0_10_14_8,,42
0,3,718,0.6922439937582237,0.9548748233876304,0.5838332146147761,0.35961024279632225,718,True,1,1.6735680316347867,22.32975763847118,45.45454876660627,718,True,1,0.23012744347781577,7.907322031338548,42.91971854542641,718,True,1,0.87074076668911,7.357990399853471,44.944497376195116,718,True,1,1.673542431738099,22.32928957308959,46.19266929406705,0_0_0_10_14_8,,42
0,4,86,0.8427303834679917,0.9522185388076959,0.6391239505589342,0.23036915854546158,86,True,1,1.654373117722571,23.212260400964922,45.541126114091014,86,True,1,0.3499605888655424,15.808240495017085,45.347224219778006,86,True,1,1.40012558291005,15.771327648139163,47.04928698472773,86,True,1,1.6543357054402463,23.209481060249363,46.60894937951524,0_0_0_10_14_8,,42
0,5,467,0.5125139928492706,0.9582686409842862,0.4932443280600405,0.45999930610706596,467,True,1,1.6202188356967326,24.999035877988657,45.69414385408233,467,True,1,0.09526146624456633,2.2751195440475,39.41991183890681,467,True,1,0.466365044089855,4.210210031372806,42.85074316925112,467,True,1,1.620215193965123,24.99912555721901,46.21221071414428,0_0_0_10_14_8,,42
0,6,89,0.8388713611650744,0.9554395766939435,0.6319319510051691,0.2355660525065875,89,True,1,1.6162123737495335,22.636105504470947,45.74344721681737,89,True,1,0.3391292498095346,15.412281720665346,45.03904887075728,89,True,1,1.35626320684743,15.357219378643507,47.3471403077804,89,True,1,1.6162378344475314,22.633844271005955,46.791328255120646,0_0_0_10_14_8,,42
0,7,713,0.6749471931849671,0.9546844809370995,0.5697359583861673,0.3667869813341558,713,True,1,1.6464242540678242,26.86051796520729,45.54152653151639,713,True,1,0.21745865811923082,8.380087044732582,42.92978054472735,713,True,1,0.828232290687211,7.947951925340045,45.08152362541725,713,True,1,1.646351751308103,26.856981231105017,46.408049050482674,0_0_0_10_14_8,,42
0,8,865,0.8196528796826561,0.9564094327554207,0.631145167831584,0.25780322743593626,865,True,1,1.6656303640991297,23.1022440236389,45.26694236971978,865,True,1,0.3301984292188678,14.034000422714907,44.80202269432104,865,True,1,1.2549680452511893,12.93979004484753,46.418797073787566,865,True,1,1.6656008248999257,23.09952356023843,45.84387803272356,0_0_0_10_14_8,,42
0,9,405,0.5650423087240573,0.9548370607667199,0.5209257667834917,0.4326665789189391,405,True,1,1.6399765387389067,24.267638450737564,45.88746795212275,405,True,1,0.1404085620221318,4.893901388900735,41.30141881921332,405,True,1,0.5896249913987504,5.4310373324533,44.00836679639194,405,True,1,1.639966463109488,24.2576949798556,46.364565856311174,0_0_0_10_14_8,,42
0,10,765,0.7334804927732045,0.955644879016407,0.5993671341212395,0.32986471439992965,765,True,1,1.679216200002486,27.456546459416842,45.40293698062812,765,True,1,0.25965994737945053,10.610231669479278,43.847557530379405,765,True,1,0.9912050882554126,10.068367317275573,45.63061182158887,765,True,1,1.6792189805869526,27.47092858417944,46.100718050528016,0_0_0_10_14_8,,42
0,11,1023,0.9131477516821815,0.9538383834902419,0.664116510311753,0.14019126892497782,1023,True,1,1.6642112401478357,28.47645819731192,46.24602502895669,1023,True,1,0.4167405134837878,28.88764108754267,46.095174425554795,1023,True,1,1.663344927533231,28.514596874096526,48.05351952477831,1023,True,1,1.6633821340533927,28.503305311448706,47.1576526599508,0_0_0_10_14_8,,42
0,12,597,0.5699301631551931,0.9549860479025799,0.5252644130974373,0.4317467126567096,597,True,1,1.6596168554133897,27.863719690741554,45.86804279489463,597,True,1,0.154538617435386,5.876185800165073,41.54696334001949,597,True,1,0.5785655404635612,5.452805012598667,43.97802391334528,597,True,1,1.659611326800814,27.861518009812688,46.046330371151676,0_0_0_10_14_8,,42
0,13,562,0.5198187624309194,0.9536440685842864,0.510730113279219,0.4665765748719494,562,True,1,1.7145978796229997,25.440427504686145,45.97824184160768,562,True,1,0.14813220632858304,5.761474548460679,41.19727279666783,562,True,1,0.5136436218531912,4.5158746635704725,44.04488345382035,562,True,1,1.7146159867845654,25.436700051234425,46.337043411201776,0_0_0_10_14_8,,42
0,14,478,0.4976507484268939,0.9582668153040526,0.5026607415680671,0.4835954189215662,478,True,1,1.7101935026488633,25.80634389971765,45.50777609702433,478,True,1,0.13621639983335854,5.073472863502349,40.646092266345974,478,True,1,0.47531865389123595,3.9505377220319793,42.994173277316214,478,True,1,1.710128962647616,25.835273067962603,45.90210567015888,0_0_0_10_14_8,,42
0,15,267,0.672571687534828,0.9530052953506531,0.5789981216436416,0.37387195914979937,267,True,1,1.7026144991319256,25.612263587895782,45.8470812340013,267,True,1,0.2277192441011131,8.42400941246315,43.44105454693353,267,True,1,0.9106653705488412,8.43078073346085,45.74436965424507,267,True,1,1.702494417133721,25.603493314042968,46.31129595803921,0_0_0_10_14_8,,42
0,16,917,0.8590202379278727,0.9565601098906931,0.6427067830217765,0.21657198454183357,917,True,1,1.6377893269334578,24.159065492154305,45.717742587841066,917,True,1,0.3588999486220388,17.295541465201218,45.35231527883829,917,True,1,1.3752058299161405,15.940321589508347,47.541916098133484,917,True,1,1.6377380673589101,24.15668350647275,46.35525438652182,0_0_0_10_14_8,,42
0,17,656,0.6240102165545987,0.9552982526054838,0.5457608879824094,0.39765773521240716,656,True,1,1.628660111763125,26.359701986082452,45.20176544706039,656,True,1,0.18486748311443169,7.059963601305035,42.12407985227373,656,True,1,0.6891432963566899,6.423352965438037,44.055695904610516,656,True,1,1.628497637060505,26.360594933042755,45.81460824188782,0_0_0_10_14_8,,42
0,18,889,0.8366582993191319,0.9552342829957443,0.638938907855097,0.24053796998099983,889,True,1,1.6605780524999005,24.825855489964383,45.471598863304344,889,True,1,0.34424104582855364,15.76164718967133,44.76512839669781,889,True,1,1.3103068199260548,14.439054185473058,46.62085677940589,889,True,1,1.6605107688631051,24.817723865011907,46.192565168243156,0_0_0_10_14_8,,42
0,19,510,0.48843232456923885,0.9560836470191062,0.49825270252285425,0.4875380853315532,510,True,1,1.7355046987143083,23.71709053183622,45.80230896668746,510,True,1,0.1195310921766577,3.4916623283263792,40.05540019585679,510,True,1,0.43671191452928326,2.933525304822754,42.915954481642764,510,True,1,1.7354484772042724,23.72253663261578,46.17794115996114,0_0_0_10_14_8,,42
0,20,860,0.8071577810768962,0.955357221720153,0.6377360110588562,0.2732656253671486,860,True,1,1.7097420599640287,21.779788785436438,45.505253500151596,860,True,1,0.33160893162093785,12.863587529596373,44.54669487779448,860,True,1,1.251906667764061,11.690305140366078,46.45223722690012,860,True,1,1.7097822758515235,21.781131490274515,46.16593714025736,0_0_0_10_14_8,,42
0,21,553,0.5286326807246822,0.9550123975307281,0.504950359996288,0.4534923344731404,553,True,1,1.6471967981889435,21.599194873906683,45.909786838186086,553,True,1,0.13799647373964863,4.2203833965997495,41.31112156317522,553,True,1,0.4937259162314298,3.4903474831308428,44.20010453205259,553,True,1,1.6471906783156243,21.59748588234433,46.417325868125126,0_0_0_10_14_8,,42
0,22,629,0.59531256689856,0.9564816582986538,0.5456952592906593,0.42504307411502745,629,True,1,1.687848928632775,26.000936717215268,45.06129369853201,629,True,1,0.17605418943105722,5.882891925865271,41.681853015004734,629,True,1,0.6499829916826947,5.179578892279457,44.21211870678465,629,True,1,1.6876999436915554,25.99004026155732,45.7085772684031,0_0_0_10_14_8,,42
0,23,759,0.7089460743131987,0.9554015025429251,0.589551340746354,0.34760356698161615,759,True,1,1.6534161709546566,23.35233554663799,45.28595665779942,759,True,1,0.24519285391149026,8.722293852288011,43.31923733933639,759,True,1,0.9294115851139537,8.107839016627366,45.55667716613755,759,True,1,1.65335853609362,23.34310717421348,46.10020673547598,0_0_0_10_14_8,,42
0,24,874,0.8236958171696299,0.9538800347925163,0.6429472466535304,0.2556060207105277,874,True,1,1.6863729979991717,19.180781112022643,45.4869461088395,874,True,1,0.3386684490341487,12.456206443706341,44.61566320990404,874,True,1,1.2862554560871473,11.413661730203017,46.47945838345615,874,True,1,1.6863575174656944,19.180611547704125,46.24134021684356,0_0_0_10_14_8,,42
0,25,720,0.6965192411853713,0.9541915058654001,0.5814440420339908,0.3536512544054617,720,True,1,1.6409934204882717,21.835968437427734,45.372811822540264,720,True,1,0.2300788660216222,7.512005502763712,43.205606936000784,720,True,1,0.8581698154735165,6.748316393103285,45.255462804690694,720,True,1,1.640973873844601,21.83790716741534,46.35475836783592,0_0_0_10_14_8,,42
0,26,314,0.6251071655852113,0.9520440155721343,0.5671451244137837,0.41015584154538004,314,True,1,1.7309671950815897,22.566852186044713,45.2927803857234,314,True,1,0.1956006007487412,5.296369922125931,42.2188885370829,314,True,1,0.7965147269772821,5.554044328136797,44.46667479998234,314,True,1,1.730993230480692,22.56765786111043,45.941008118964945,0_0_0_10_14_8,,42
0,27,602,0.5806258795074623,0.9553860537273382,0.5303707583257666,0.4260966237266244,602,True,1,1.632882728827326,21.435872996471588,45.62226866512546,602,True,1,0.16594633569424477,5.068128010202198,42.078624581503846,602,True,1,0.5867010797420704,4.064108646078232,44.42090448654656,602,True,1,1.632782192075922,21.4347542309036,46.173125205995916,0_0_0_10_14_8,,42
0,28,7,0.9035248631949574,0.9528023959719624,0.6822110260207567,0.15932104929573587,7,True,1,1.666839849913245,16.001094117419946,45.079384104158365,7,True,1,0.4125938663497095,15.64749946366032,45.58766150582378,7,True,1,1.649741814181894,15.678196991214916,47.39601474048384,7,True,1,1.6668343092828906,15.998772193952016,46.22797844734202,0_0_0_10_14_8,,42
0,29,610,0.5739857768345669,0.9539348252345903,0.5354717395816051,0.435660986240127,610,True,1,1.6804142271092957,20.51415049249483,45.70440579023186,610,True,1,0.1590446613337173,4.484095386391559,41.666778541614526,610,True,1,0.6032912536429791,4.126971180787095,43.990728298370705,610,True,1,1.6803446884528626,20.511130624325872,45.9741670140141,0_0_0_10_14_8,,42
0,30,839,0.7874627930048992,0.953865543211463,0.6421126516923265,0.29517288185946683,839,True,1,1.7283790623287274,16.745620111865385,45.340507151512114,839,True,1,0.3157747040671701,9.388017493943726,44.264690305447665,839,True,1,1.2015551039460206,8.653919372272815,46.08711640233919,839,True,1,1.7283803161038946,16.74828168037015,45.84831061642646,0_0_0_10_14_8,,42
0,31,913,0.8550220925482491,0.9565231763989248,0.6469220346109971,0.22289412184482893,913,True,1,1.5843650361430264,14.527765660760801,45.10877214936133,913,True,1,0.34451205656347383,11.167782331293264,44.57145713108123,913,True,1,1.3116026652423898,10.268947793947012,46.40448627864665,913,True,1,1.5842023854716558,14.526425541913515,45.86932287488772,0_0_0_10_14_8,,42
0,32,764,0.7324236053023262,0.9563882072659403,0.5894171902565464,0.3259352430229804,764,True,1,1.560432403272216,16.64377579009886,45.527883735447936,764,True,1,0.23867313090300968,6.8605535408330045,43.475251152965555,764,True,1,0.9075375000855423,6.311877344912905,45.243432330754615,764,True,1,1.560390707913939,16.642200379656472,46.2005691792653,0_0_0_10_14_8,,42
0,33,577,0.5559042118475929,0.9590888305378581,0.5028175733214515,0.42821555916861187,577,True,1,1.5127771756306316,18.846601475578787,45.621158271682816,577,True,1,0.140639171361304,4.192032568665943,41.30757230312931,577,True,1,0.49241840245176505,3.1518929457685454,43.77371532558888,577,True,1,1.5128015148932263,18.842149995040863,45.90669603657709,0_0_0_10_14_8,,42
0,34,936,0.8645269788291122,0.9571159711408543,0.6404522850211354,0.2095931973654045,936,True,1,1.5004112760830282,14.035797268966617,45.013180575161854,936,True,1,0.33939574108035586,11.621092750552336,44.47721803675754,936,True,1,1.2874519756191063,10.604203395599823,46.59986809312039,936,True,1,1.5002880369064684,14.033622094844713,45.814066861752565,0_0_0_10_14_8,,42
1,0,222,0.724622410522791,0.9529554400811544,0.6230986963881052,0.34977223445516864,222,True,1,1.8231403102518584,22.01636278852901,45.886359350934356,222,True,1,0.2829565948341042,9.149549849832594,44.095150118789725,222,True,1,1.1206441997848202,9.000936118130053,46.10308477078355,222,True,1,1.823137091037097,22.01399357135507,46.5822774522156,0_0_0_10_14_8,,42
1,1,711,0.6911003280571169,0.9523664530642567,0.6181443205422481,0.3800676326842339,711,True,1,1.8814429637622112,23.203546078658192,45.80712346588713,711,True,1,0.2581158569978612,7.811916044844876,43.457236458634,711,True,1,0.9710123792552992,7.202195770425518,45.172963220497266,711,True,1,1.8813477996673669,23.1981913501465,46.23137525728882,0_0_0_10_14_8,,42
1,2,871,0.8213210247511106,0.9546865193708786,0.6782445861660287,0.2733075352921113,871,True,1,1.9083604549919642,24.923737904843808,46.23631700601421,871,True,1,0.3806086653046492,14.898178943510276,45.06245659948715,871,True,1,1.453969587878433,13.8671842713179,46.91285632374881,871,True,1,1.9082129047524745,24.92304042349903,47.051530465676194,0_0_0_10_14_8,,42
1,3,718,0.6879917833235439,0.9523647761783343,0.6148772442937858,0.3811582626714556,718,True,1,1.8738462535111466,26.98244340767176,45.72887881282536,718,True,1,0.2624486177388121,9.160794952672774,43.03816302486094,718,True,1,0.9700541879262268,8.223281444181636,44.87878072760256,718,True,1,1.8738929243722993,27.003045522038448,46.206516992684925,0_0_0_10_14_8,,42
1,4,107,0.8239494644860595,0.953978623285167,0.6775127892679274,0.26914578711838705,107,True,1,1.905129817871071,24.647398628951308,45.68590366572015,107,True,1,0.3856780053041611,15.304493844682543,45.39241049958289,107,True,1,1.5383182147247823,15.13945441670556,47.445969215630434,107,True,1,1.9050797979364376,24.643921959354124,46.563930404115,0_0_0_10_14_8,,42
1,5,467,0.5096192101531322,0.9529705588646813,0.5360330330408463,0.49996853772681615,467,True,1,1.9387984157447136,26.38639747674126,46.27868181632724,467,True,1,0.1447779962040876,4.303864573843081,40.48030615492085,467,True,1,0.5619979131560093,3.953656363493296,43.658665302502335,467,True,1,1.9387698659311923,26.383617346357404,46.375727001583954,0_0_0_10_14_8,,42
1,6,89,0.8418687586482609,0.9552292456339999,0.6873495237248568,0.25222393147703404,89,True,1,1.9262793008713288,26.26944838322967,45.52031435731014,89,True,1,0.40324277709050094,16.787188663814817,44.934654318369,89,True,1,1.6146123894969264,16.7655848635779,47.08651434949868,89,True,1,1.9261975688817898,26.264700206760068,46.422107650706586,0_0_0_10_14_8,,42
1,7,713,0.6831054630922573,0.9517891770989685,0.6224794714707866,0.3903928236660031,713,True,1,1.9464673218272424,27.704491622996393,45.88426220541879,713,True,1,0.26116684881607455,8.490849851764274,43.25358566772336,713,True,1,0.9930706081681571,8.07788770570379,45.07601201285027,713,True,1,1.9464347240557345,27.688357055194782,46.48629937141489,0_0_0_10_14_8,,42
1,8,865,0.8167713958444729,0.9555864839596325,0.6765476971112666,0.2789115483872335,865,True,1,1.922074176208767,27.055047419712764,45.70524379205879,865,True,1,0.37701476554761726,16.13145648777725,44.4642623684615,865,True,1,1.43983761291571,15.29053141747196,46.449462871338014,865,True,1,1.922026248081238,27.053016918614205,46.27692042339251,0_0_0_10_14_8,,42
1,9,405,0.5549727378033881,0.9513173116452665,0.5636600659009017,0.47634093052770987,405,True,1,1.9668986740754377,27.39228352807967,46.12121458329169,405,True,1,0.1800042523815506,5.84952677413132,41.947931214900116,405,True,1,0.6976764500169708,5.493230937474712,44.46814520424652,405,True,1,1.966890983505948,27.40787857850799,46.91443310443312,0_0_0_10_14_8,,42
1,10,765,0.7102659952798945,0.9515414309588358,0.6373920844003018,0.37149477391593294,765,True,1,1.9569766649865983,25.776016336932166,45.85520640819887,765,True,1,0.2971914272675349,10.855288547718338,44.12156432722271,765,True,1,1.120454157373615,10.005759628879225,45.84943972199824,765,True,1,1.956861599353843,25.802694839205394,46.62309995261044,0_0_0_10_14_8,,42
1,11,1023,0.9169084460673275,0.9543667745939363,0.7233117386373008,0.1461964152648786,1023,True,1,1.9704017856260094,24.327628142665553,46.201749604151594,1023,True,1,0.4933058495993272,24.5459069233705,45.8016496564613,1023,True,1,1.9700651214391343,24.30554161523242,47.886585441690315,1023,True,1,1.9701397473014026,24.301841469894807,47.02066021366454,0_0_0_10_14_8,,42
1,12,597,0.5891321664800844,0.9515309205420123,0.5783282095331579,0.45358779144847455,597,True,1,1.9468049576575055,27.11143386516257,46.0121352951745,597,True,1,0.18839034219766493,5.538148471428986,41.8375685978294,597,True,1,0.7080567195880718,5.1297627210917485,44.25695781823423,597,True,1,1.9467171362595224,27.12162709171124,46.47691402503761,0_0_0_10_14_8,,42
1,13,562,0.5417637823753272,0.9515171409148304,0.5600795506943322,0.4870863879035883,562,True,1,1.987074718993668,22.680869194016402,46.00165752575555,562,True,1,0.17236356686476384,4.781784227437365,41.59798525158797,562,True,1,0.6222013043916377,4.064644122787656,43.86378493029184,562,True,1,1.9870844654271878,22.67644351196727,46.40270062551819,0_0_0_10_14_8,,42
1,14,478,0.4945961318810439,0.9533211888362537,0.5388817697625617,0.5189725240784664,478,True,1,1.9872528472417486,24.409380873004643,45.93181610759389,478,True,1,0.12197453464581542,2.7254577164790788,39.80808644255769,478,True,1,0.5416991606796593,3.738316590392883,43.49175754341843,478,True,1,1.987250158454131,24.407714021315286,46.42607670702649,0_0_0_10_14_8,,42
1,15,267,0.6800184323207167,0.9498004666928899,0.6358981856067204,0.4005288061368687,267,True,1,2.0384336151264506,25.814796943411192,46.39066475312422,267,True,1,0.2787957673513439,8.363390183382561,43.76927955567795,267,True,1,1.1074662075616857,8.3262379447007,45.70640236699987,267,True,1,2.0378641672355258,25.816574644234404,47.02670845119361,0_0_0_10_14_8,,42
1,16,917,0.854368875089647,0.9548839319203053,0.7156186129706545,0.24545646758201367,917,True,1,2.0588057470594237,24.289973816011084,46.003738836370296,917,True,1,0.44521505563824704,16.944080822904855,45.29508096326762,917,True,1,1.717690594378837,15.800041491808638,47.36035153170846,917,True,1,2.0587410914550333,24.284347746655556,46.697625557948626,0_0_0_10_14_8,,42
1,17,656,0.617072571176292,0.9509245479224585,0.6032603944743945,0.44372476546778533,656,True,1,2.009286364580717,25.60482248120836,45.57336333382746,656,True,1,0.227051629481978,6.5719908423160875,42.289209267585264,656,True,1,0.8472658974647516,6.005206908334735,44.39389251268633,656,True,1,2.009226208744863,25.61531797326008,46.00031061418292,0_0_0_10_14_8,,42
1,18,889,0.8324549607440512,0.9549791249298256,0.6984967617638237,0.2679753818986808,889,True,1,1.989937836703021,20.251245722879187,45.75590900274659,889,True,1,0.41171513200039556,13.68509117919114,44.822459174210636,889,True,1,1.5630022094800466,12.510765977057027,46.75127486708845,889,True,1,1.9899815592635974,20.252613405648088,46.49656515640486,0_0_0_10_14_8,,42
1,19,510,0.48582153330211203,0.9512710041144372,0.5201281989403134,0.5091060876004007,510,True,1,1.9031111138804278,21.12329999930218,46.28079348353001,510,True,1,0.13937530895902572,3.8094933796395503,41.41246924567248,510,True,1,0.4922162358994342,4.070877846100659,43.53706987488874,510,True,1,1.9030723031370513,21.120254282512462,46.80364103298227,0_0_0_10_14_8,,42
1,20,860,0.8096980229195491,0.9540079981779098,0.6716647098695494,0.2835562127706393,860,True,1,1.874920483282395,19.978891760328114,45.922250287616606,860,True,1,0.36207718643141007,11.949972794510073,44.529676844928254,860,True,1,1.3823314786750416,11.09174700018302,46.46129270036173,860,True,1,1.8749015485827982,19.97640978059768,46.54027773319589,0_0_0_10_14_8,,42
1,21,553,0.511485046477731,0.9515037300110479,0.5366062669045712,0.4977082370561458,553,True,1,1.9145006964413938,20.533376172444097,45.82763516891289,553,True,1,0.16738987442364817,4.805527530079541,41.58616887773924,553,True,1,0.5597327792299076,3.4790662476741083,44.538237567953225,553,True,1,1.914506634448344,20.530473783400275,46.24107971534357,0_0_0_10_14_8,,42
1,22,629,0.5876324163501645,0.9533208664260067,0.584137128304363,0.4608054007671242,629,True,1,1.9550820149854644,22.795470218896693,45.67891785765984,629,True,1,0.19639038713589319,5.282650109663173,41.8523961429208,629,True,1,0.7493695262602138,4.945908630629987,44.66367837897331,629,True,1,1.954958671146926,22.79595548901295,46.08862882579665,0_0_0_10_14_8,,42
1,23,759,0.7287565571263381,0.9533484778446262,0.6500299582846372,0.36086037789723424,759,True,1,1.9547169951773782,19.898805302786762,45.941044227079104,759,True,1,0.30288270649384685,8.28339733366451,43.67193257125636,759,True,1,1.136983306596676,7.464570433010014,45.843084421558196,759,True,1,1.9547579957034031,19.897081176855195,46.65319845166962,0_0_0_10_14_8,,42
1,24,874,0.8204728366912796,0.9540540145433736,0.6891774650278583,0.27808118075231775,874,True,1,1.921355647519377,16.870744838183775,45.83290730358759,874,True,1,0.38195534868288306,10.930103427092895,44.736607087483485,874,True,1,1.4560807935652065,10.109592181105656,46.61654373746458,874,True,1,1.9213302007142943,16.871609580527508,46.424944580380014,0_0_0_10_14_8,,42
1,25,720,0.6869222525928159,0.952217374555602,0.6236112239672045,0.38754734212228303,720,True,1,1.9003624505558179,19.858344304198358,45.639966600429986,720,True,1,0.2590180239509188,6.667973611491826,43.061190629140214,720,True,1,0.9835545885866992,6.189756790545294,45.0322967237662,720,True,1,1.900435087027347,19.861324360942582,46.09402201877423,0_0_0_10_14_8,,42
1,26,314,0.6391519602469529,0.9502098329033788,0.6181693299785844,0.4312469039882004,314,True,1,2.0097034247431935,20.998460647586903,46.12694258476885,314,True,1,0.23835627187185882,5.565660944295683,43.147441781811644,314,True,1,0.9591192437491181,5.651410802390805,45.18992800733538,314,True,1,2.009620279636138,20.99740838027924,46.965417309019564,0_0_0_10_14_8,,42
1,27,602,0.5625226658473848,0.9515230703840702,0.574038388483888,0.47735991764917546,602,True,1,1.9674875488454404,19.38609750054126,46.69593868363296,602,True,1,0.18664365684387363,4.4936681393923035,41.914480588462986,602,True,1,0.6912225523437918,3.9133087031125164,44.519745787860934,602,True,1,1.9674005998354573,19.37687749774927,47.013965434201424,0_0_0_10_14_8,,42
1,28,7,0.9094484779519688,0.9558093393868702,0.7219413110192788,0.16300037069033638,7,True,1,1.8449937070565738,14.317411419076354,45.416697934401,7,True,1,0.4569270846334952,14.026604814276869,45.728021492359574,7,True,1,1.8268829582680723,14.051326630160837,47.53396183150563,7,True,1,1.8449603511459287,14.315692474806514,46.06719987033928,0_0_0_10_14_8,,42
1,29,610,0.5915126104975668,0.9495646412082732,0.5784664682799816,0.4500587981985632,610,True,1,1.8953729240834605,19.190716401720096,46.349708418664775,610,True,1,0.18638394982392814,4.173060405739666,42.007817289387745,610,True,1,0.707854910299389,3.8365670060514163,44.123011097552094,610,True,1,1.8953794888275866,19.19285837179134,46.699065474643945,0_0_0_10_14_8,,42
1,30,842,0.7955437146412326,0.9553897198016262,0.6795920619737532,0.3046261393042929,842,True,1,1.8869043732132837,15.39149888881068,45.553595323302,842,True,1,0.346642008870063,8.796362695281289,44.26738036990896,842,True,1,1.3297427388443026,8.220900595685745,46.13741225512918,842,True,1,1.886901425689075,15.393258795923785,46.203474061647675,0_0_0_10_14_8,,42
1,31,928,0.8705379163367739,0.9558247768119537,0.7014972609017756,0.21957009899071125,928,True,1,1.8040859200173287,13.810372328482035,45.418541156303476,928,True,1,0.40648960660115563,11.350888970440591,45.045441711070296,928,True,1,1.5523506649970074,10.511657449053622,46.69267683261086,928,True,1,1.8040583799182883,13.81220106154511,46.18633226621047,0_0_0_10_14_8,,42
1,32,744,0.69396880216333,0.949351721781836,0.6319167913759274,0.38334150717711096,744,True,1,1.8433372866720674,15.935587739292625,45.54037281527304,744,True,1,0.2810396800549064,8.068640535600617,43.520230402017106,744,True,1,1.0597276629352024,7.619344237540161,45.57963435427333,744,True,1,1.8431615218430721,15.936287185014514,46.19944084905236,0_0_0_10_14_8,,42
1,33,586,0.5453907974051657,0.9514216025413555,0.5491275364249888,0.4738040968399973,586,True,1,1.7466160570507014,13.960047085580742,46.29234189486695,586,True,1,0.16192236766898205,4.371171443592946,41.31413431894792,586,True,1,0.6177813104110363,4.3121732180802,44.37366854637481,586,True,1,1.7466094401029864,13.958386219005682,46.704609300501815,0_0_0_10_14_8,,42
1,34,91,0.830625981180758,0.9517420218465473,0.6862627284034978,0.262052609954651,91,True,1,1.8777424952643287,20.620921307627356,45.696484274747384,91,True,1,0.39886912249147954,14.8405406612741,44.82143293197727,91,True,1,1.5920545332519396,14.716111290272414,46.91689759361807,91,True,1,1.877736941253616,20.621047452936345,46.446843031042775,0_0_0_10_14_8,,42
1,0,222,0.6575340094816617,0.9038750210654222,0.41402549211687045,0.25341734230179686,222,True,1,0.7324391971456521,18.251611100435277,40.876284222027614,222,True,1,0.11390667647163255,8.723584854503748,38.99354222122201,222,True,1,0.44812130618638335,8.504548338751924,41.09086142743283,222,True,1,0.7317549901927123,18.248703599866886,41.40117599444223,0_0_0_10_14_16,,42
1,1,826,0.673305207967752,0.8732117961124112,0.4144740181184948,0.22584208677773185,826,True,1,0.6725193482901801,20.287419690217806,40.173705157388326,826,True,1,0.12156784264946285,10.70390251765902,39.23429581520133,826,True,1,0.46242181574803,9.91394013621431,41.1985192177762,826,True,1,0.6723285337365184,20.277106109865816,40.83786772401598,0_0_0_10_14_16,,42
1,2,922,0.8167222647704558,0.9207420046931704,0.46903727159253966,0.16738943332360626,922,True,1,0.8157760012935888,18.51850218383175,42.876862552051676,922,True,1,0.18380369820170017,14.756906607402637,43.3476225868315,922,True,1,0.6955178087174687,13.372127994748919,44.764188852502976,922,True,1,0.8156970809381079,18.51744284925389,43.7738577891013,0_0_0_10_14_16,,42
1,3,718,0.6543369743787384,0.9213222504487003,0.41820707404674995,0.2671371569110871,718,True,1,0.8106455324256245,19.008089318467295,43.11002391558141,718,True,1,0.11361929109590907,7.297166337944454,40.56711572653707,718,True,1,0.42029202962000056,6.574321539822488,42.43188535252034,718,True,1,0.810392250807368,19.006775138354417,43.795082339687035,0_0_0_10_14_16,,42
1,4,107,0.77495845376213,0.9228781027449742,0.4569393372593814,0.19963297146798123,107,True,1,0.815387573422047,16.032186210281466,42.918762968256615,107,True,1,0.1642037571822499,10.755285194875766,42.75541681071627,107,True,1,0.6547752007048899,10.728421357688953,44.574803998427875,107,True,1,0.815308671858034,16.028614838604213,43.766555996472306,0_0_0_10_14_16,,42
1,5,468,0.4736015982598589,0.9206293932152717,0.35595533144479946,0.34582484109666173,468,True,1,0.8090703557568055,18.491579457911637,43.21751926127181,468,True,1,0.0599339935936547,3.3744506680567152,37.7489562941167,468,True,1,0.23030512794772395,3.366934846605425,39.83766707676129,468,True,1,0.8090729292014522,18.488963525004067,43.638649058994815,0_0_0_10_14_16,,42
1,6,89,0.7854892158836868,0.9242032604040932,0.45883339026832015,0.19281691002293416,89,True,1,0.7988324475218747,17.155451234831762,42.94869011528363,89,True,1,0.1663628676865878,12.176766958274852,42.63055346588434,89,True,1,0.664850728131583,12.195343099485907,44.5968406686673,89,True,1,0.7988574860741018,17.15323254915397,43.996469301434225,0_0_0_10_14_16,,42
1,7,713,0.6510749718514175,0.9205634976976995,0.4166390563698667,0.26804926325415723,713,True,1,0.7948282511528681,16.621811341259864,42.54712803400967,713,True,1,0.1081367370120212,6.33859768166848,40.12572145061765,713,True,1,0.41284429563917513,6.133035538734379,42.0675290501451,713,True,1,0.7943790740346799,16.624889081556308,43.365872504253005,0_0_0_10_14_16,,42
1,8,865,0.7718360303832835,0.9216792546701688,0.45503536497308306,0.2004939082321584,865,True,1,0.8108549489325902,18.10779407143342,42.8831482140848,865,True,1,0.16131887741946205,11.891879178067468,42.451524074637355,865,True,1,0.6135248740351109,11.100194842788362,43.835640097399,865,True,1,0.8104279868749451,18.091628002601666,43.82854714628243,0_0_0_10_14_16,,42
1,9,492,0.4824392284198116,0.9207714084836319,0.36012073041517195,0.34326418496417005,492,True,1,0.8031406826014553,14.932403081995073,42.84578157873767,492,True,1,0.06616056461027231,4.128432166444751,38.9866941530712,492,True,1,0.2163229356056604,2.9696689181524825,42.14656955501348,492,True,1,0.8031345931251508,14.93217433192386,43.77346075370102,0_0_0_10_14_16,,42
1,10,765,0.689586912926135,0.9214118821753248,0.4285880334880344,0.2484995697066884,765,True,1,0.8085675403278323,18.81389544738732,42.803406577320374,765,True,1,0.12799853832214936,9.119357513509009,41.14195532965782,765,True,1,0.4763662914593283,8.24217277358686,43.013990784778684,765,True,1,0.8083809272989697,18.820929157992637,43.67323920824343,0_0_0_10_14_16,,42
1,11,1023,0.8636294869183334,0.9221416664289048,0.4794683743549596,0.12480137583926457,1023,True,1,0.8180554623780303,21.00895930517867,43.13121655292174,1023,True,1,0.20479402530956126,21.0010857272454,44.06240209876526,1023,True,1,0.8173354875216319,20.99245116166877,45.46271470822224,1023,True,1,0.8176727442591449,21.01848300799513,44.053700535344404,0_0_0_10_14_16,,42
1,12,597,0.5407066019921487,0.9147160208228087,0.38094496587788784,0.3168273554696564,597,True,1,0.8166192768549685,17.274594267033937,43.43467620862435,597,True,1,0.07415001942376875,4.242621807880235,38.56062872255493,597,True,1,0.28958984710334335,4.404806542831562,41.313102049891825,597,True,1,0.8164369071806163,17.27556320526751,43.8301660672398,0_0_0_10_14_16,,42
1,13,562,0.5017937232346099,0.8726241210212662,0.3557508607768926,0.30582361021169074,562,True,1,0.6683839149745587,18.283266828274023,39.84290707448618,562,True,1,0.05632729225766653,4.1091205226861165,35.46169310443938,562,True,1,0.2215915370946684,4.376687247814939,38.49715039624546,562,True,1,0.6682745701610351,18.28473665772615,40.289235394087115,0_0_0_10_14_16,,42
1,14,478,0.4827250261933901,0.889059716449962,0.3562382405613111,0.32683802716586646,478,True,1,0.7436016519797164,16.377945591233786,41.78340085172215,478,True,1,0.039032107533298666,0.6886305116504597,35.253993579704016,478,True,1,0.19980406825343167,3.403632795063269,40.51028224265962,478,True,1,0.7434281408336716,16.37712399222574,42.39812848562978,0_0_0_10_14_16,,42
1,15,267,0.6381295335971796,0.9230126399682852,0.41157813243354946,0.2749990654089726,267,True,1,0.8194591325832903,18.823797277252506,43.10948436927268,267,True,1,0.11066486960550037,8.730579842043479,40.399834376171064,267,True,1,0.4404187911777093,8.640872004455026,42.54778594251824,267,True,1,0.8193217650968201,18.819289561425492,43.92557901632404,0_0_0_10_14_16,,42
1,16,917,0.8110397135106837,0.9201320447841912,0.46708483833463943,0.17130570293721742,917,True,1,0.8472619472386214,25.023748208778194,43.258803400765125,917,True,1,0.1868563397932954,17.98569346500096,43.49098073165994,917,True,1,0.7133627893181824,16.470818413417426,44.88386528146927,917,True,1,0.8468852915952461,24.98612647316973,44.20292265809975,0_0_0_10_14_16,,42
1,17,656,0.604269308492112,0.9224806931888008,0.4027139640590509,0.2922397430995152,656,True,1,0.8303647132402183,19.153769775783626,42.990339988613556,656,True,1,0.09412664710638197,6.55698884185926,39.46043978249841,656,True,1,0.35854495505260786,6.366023589815763,41.33419835240745,656,True,1,0.8302631485208991,19.156607366580175,43.63272833026145,0_0_0_10_14_16,,42
1,18,889,0.7867607538965689,0.9149919852899479,0.45584582623017883,0.18403208444340338,889,True,1,0.8129554383069717,22.44950849488461,42.62585112410788,889,True,1,0.16900090679933388,15.951806224288278,42.49926122606162,889,True,1,0.6444913804905497,14.717434189587005,43.92644428432484,889,True,1,0.8125178227201104,22.45399367276573,43.75339023013219,0_0_0_10_14_16,,42
1,19,510,0.4867258628527488,0.9206290684720158,0.36023565131115837,0.3401268435522139,510,True,1,0.8261817068072084,18.071429881168285,43.179134832089304,510,True,1,0.036347212718684574,0.10745871760254394,35.76102095580782,510,True,1,0.22080991445311415,4.525088179350252,40.56970657863933,510,True,1,0.8261439997903075,18.073302359256235,43.697211417261116,0_0_0_10_14_16,,42
1,20,860,0.7712796269576526,0.9193878181700292,0.4548195598017013,0.19930708744711745,860,True,1,0.84400231519027,23.784432087845957,43.11423476068783,860,True,1,0.16596874767812153,15.567274688793212,42.53558030860613,860,True,1,0.6312251249665337,14.461103990697808,44.17146048694771,860,True,1,0.8433923057115322,23.806877555768647,44.02648916928499,0_0_0_10_14_16,,42
1,21,553,0.5231127435874002,0.9219750458681839,0.3748238117752826,0.3272962419786409,553,True,1,0.8405288380463958,18.713862214456427,43.840554700076105,553,True,1,0.06962324097250505,4.504189641003833,38.165693449259464,553,True,1,0.261192923780996,4.047977393879777,41.145955126953034,553,True,1,0.8404953951783369,18.713720459449313,44.14140075462786,0_0_0_10_14_16,,42
1,22,629,0.5790845227823535,0.9220536009168719,0.3936492464840754,0.302946492535884,629,True,1,0.8360708625425559,20.2757198090522,43.199049585367945,629,True,1,0.08713745663904238,6.3628786702856575,38.779908602460324,629,True,1,0.32852248955112273,5.716477273397916,41.18521982719696,629,True,1,0.8359842087611788,20.280147668520133,43.590026712700805,0_0_0_10_14_16,,42
1,23,759,0.6867546215709948,0.9201606245370426,0.42672577984876303,0.2487734884387015,759,True,1,0.8251616453390511,21.975258900680092,42.49838751784576,759,True,1,0.1260057378381143,11.036600287653691,40.608906825590566,759,True,1,0.47395040643556285,9.932885463628704,42.171527036990966,759,True,1,0.82478517153476,21.973258231661763,43.49971108037885,0_0_0_10_14_16,,42
1,24,874,0.7750944379191581,0.9184024783077775,0.45370654304217634,0.19508910256867124,874,True,1,0.8253230020802818,22.854190184462716,42.811572996987096,874,True,1,0.1650964071486669,16.088051769074497,42.64486888069448,874,True,1,0.6273932522936434,14.994121055380205,43.86127286988253,874,True,1,0.8252312758770621,22.85649427399398,44.04700364223451,0_0_0_10_14_16,,42
1,25,720,0.5947847559828753,0.8873366972580768,0.3940051796046829,0.2763271187174571,720,True,1,0.744152745754846,20.660510025979242,41.469957864366485,720,True,1,0.09636289326705594,9.612373658422841,38.78283875419087,720,True,1,0.3648982699841987,8.838764049489352,40.77107706292077,720,True,1,0.7438366643966674,20.659294741589132,42.33444914697711,0_0_0_10_14_16,,42
1,26,314,0.5542497201490195,0.8689233748567731,0.3758687104400814,0.2832132871886903,314,True,1,0.6768538649311928,21.19928697492666,40.17789913624302,314,True,1,0.08149122024610733,7.2072513664653295,37.26969400009642,314,True,1,0.3191273425653982,6.883657264024757,39.67338928255755,314,True,1,0.6767202936055448,21.203117140976925,40.878276664805355,0_0_0_10_14_16,,42
1,27,602,0.5544083565384922,0.919324330063995,0.3845992776558324,0.3120254494777094,602,True,1,0.8331193190725941,21.064520799230337,43.37459593471499,602,True,1,0.07627466760094936,4.646113103539781,38.41972652961254,602,True,1,0.2955844558723051,4.429521710900736,41.07717386540365,602,True,1,0.8331193190725941,21.06204947659966,43.62569071397264,0_0_0_10_14_16,,42
1,28,7,0.8543911501856558,0.9220702359923141,0.47815293278171056,0.13457540488709033,7,True,1,0.8409925165427836,22.133111363044446,43.19345081582676,7,True,1,0.20868487654883783,21.623291695362216,43.85578725190616,7,True,1,0.8332558796121283,21.620108823389472,45.30340911537033,7,True,1,0.8410734165069158,22.136475034792113,44.08667565584109,0_0_0_10_14_16,,42
1,29,610,0.5606225156254999,0.9202695495064575,0.38577417703113287,0.30898409667609583,610,True,1,0.8298993045355587,22.378442235599675,42.775881188125034,610,True,1,0.07903083505426878,5.057943773212545,38.51338115512479,610,True,1,0.30178957380090665,4.7434555529807785,40.83158187318499,610,True,1,0.829810473549756,22.373263070005443,43.396364985853126,0_0_0_10_14_16,,42
1,30,807,0.7230693235053163,0.9192113175360045,0.43987412720540664,0.22909928974143334,807,True,1,0.8434958746167922,22.922880059084356,42.98412570004247,807,True,1,0.1452225354678518,11.429808214326798,41.639080478309445,807,True,1,0.5468304334732785,10.302536314067439,43.31069986005542,807,True,1,0.8430361035070746,22.91100039818495,43.89974826328864,0_0_0_10_14_16,,42
1,31,897,0.7995942412854811,0.9208949905081513,0.4628292643949991,0.18026761966297017,897,True,1,0.8340802682021753,19.414308432029788,42.82850537051968,897,True,1,0.17701164707919848,14.206268550491503,42.433260709793934,897,True,1,0.6706339956221576,12.867948774546488,43.75727571982004,897,True,1,0.8338507829640527,19.41139264125954,43.75396484329403,0_0_0_10_14_16,,42
1,32,749,0.6780853006514906,0.9197430699940524,0.4231933207726713,0.25263703797456233,749,True,1,0.8187334704945357,21.374546057393864,42.73416466200425,749,True,1,0.12214506326435615,8.670577270279354,40.59882234833063,749,True,1,0.4543584732520145,7.746524666608069,42.35491275560293,749,True,1,0.8182578540350391,21.362359987209345,43.83161797185899,0_0_0_10_14_16,,42
1,33,584,0.5343701607598713,0.9196037922320237,0.375723114920275,0.31901338985224814,584,True,1,0.8149070112261967,19.387159809955456,43.16098092505066,584,True,1,0.07358495898060458,4.399546537426439,38.498456654137584,584,True,1,0.26685013981552075,3.670083377905696,41.00120922789949,584,True,1,0.814957267201212,19.38330341067257,43.76355384664066,0_0_0_10_14_16,,42
1,34,934,0.8196619607992387,0.9171289205837436,0.4639874753019713,0.15999911374019463,934,True,1,0.7932309397591695,19.67723021833131,42.553661244441756,934,True,1,0.18090128488461232,16.307978557448685,42.90760623583427,934,True,1,0.6895310807989432,14.84108187513064,44.06303266033759,934,True,1,0.7932331693723462,19.685281303694712,43.483725604043485,0_0_0_10_14_16,,42
2,0,803,0.7139586976958721,0.9145905712816498,0.42980495534580077,0.22784255302310077,803,True,1,0.8020472975011081,24.088085280892507,42.7647413880926,803,True,1,0.13497307399029523,11.198339390507062,40.83011442187661,803,True,1,0.5115904286868158,10.275493513628328,42.6988318520995,803,True,1,0.8018828949495891,24.090943676288916,43.66228670589402,0_0_0_10_14_16,,42
2,1,826,0.7329624948381139,0.9167510071230042,0.43728171304437596,0.21896748010349912,826,True,1,0.8123514909244136,24.136288800541067,42.50904369791102,826,True,1,0.14547177146711476,11.962313284254048,41.52806410620137,826,True,1,0.5518177182025852,11.035449826070174,43.20436626801574,826,True,1,0.8115857033434146,24.085492564876333,43.328054193472965,0_0_0_10_14_16,,42
2,2,922,0.808408452926923,0.9127199571376506,0.45751350982867184,0.16434428409034832,922,True,1,0.7982939472843533,24.15252550204311,42.15953463441061,922,True,1,0.17876846258276657,18.298225303407683,42.48432889711345,922,True,1,0.6772584840494034,16.402805173153773,43.66943952505797,922,True,1,0.7981316338722344,24.148315739161646,43.2506425442883,0_0_0_10_14_16,,42
2,3,718,0.655748404713157,0.9166796189382389,0.41326926677212134,0.26069188115237485,718,True,1,0.810761883517003,25.648971744607504,42.61838111928996,718,True,1,0.11297331502842045,8.423662389648667,39.95180015483786,718,True,1,0.41815400807992376,7.5022162054106225,42.17173788423477,718,True,1,0.8104184357166702,25.637432403844084,43.49995881722825,0_0_0_10_14_16,,42
2,4,86,0.7776419735806449,0.9156586749020363,0.4494628882483729,0.18935196352835895,86,True,1,0.7906548604418084,20.822151966391598,42.721954966304494,86,True,1,0.16472466748496473,14.403780000606535,42.929322459274736,86,True,1,0.6584230578380499,14.419843957739314,44.61344652251881,86,True,1,0.790381511515136,20.808103284205867,43.49035608649573,0_0_0_10_14_16,,42
2,5,468,0.4681826485090695,0.9189748736867139,0.34718753905305444,0.34067846439050403,468,True,1,0.7885775776203197,20.017386562998595,42.58005402729683,468,True,1,0.05515706522061237,3.332839544169206,37.02634055289009,468,True,1,0.2111838132829149,5.936431211439985,39.08631978525832,468,True,1,0.7885608518127505,20.037158582583466,43.09786416281422,0_0_0_10_14_16,,42
2,6,89,0.7755007532396494,0.9168784870270658,0.44857995579555576,0.1915310809645176,89,True,1,0.7867250564808081,21.15846112140148,42.350539309862185,89,True,1,0.16362160633940448,14.346098574596509,42.532180828391034,89,True,1,0.650551596839378,14.221105812864431,44.215385849955894,89,True,1,0.7866861462291617,21.15162250477598,43.46081517271263,0_0_0_10_14_16,,42
2,7,713,0.6419467301314439,0.9174848744490541,0.4063014792969454,0.26618879645763643,713,True,1,0.7769495796550387,20.539433252459926,42.61520701501083,713,True,1,0.10084699548260634,7.162294952881792,39.665604492592905,713,True,1,0.3872016157072302,6.765712959756886,41.999426573131146,713,True,1,0.776701933557181,20.539367573575596,43.55286028033733,0_0_0_10_14_16,,42
2,8,865,0.7644931192111268,0.911755688855776,0.44590848915632425,0.1957064491212049,865,True,1,0.787256044930075,19.476726901928785,42.55282467607987,865,True,1,0.15635161449441526,12.317677262221347,42.00731298066871,865,True,1,0.58823563402186,11.086759372461028,43.35156662548674,865,True,1,0.7866846659668489,19.44641093599671,43.53225402774376,0_0_0_10_14_16,,42
2,9,492,0.4578877919161506,0.8794301055219668,0.3356935281879072,0.32209503004858087,492,True,1,0.6445246850360178,18.846054544474878,40.4233626523144,492,True,1,0.05312846291769291,4.072915584735617,35.72077338327909,492,True,1,0.17020276670633994,2.848376665725379,38.59404390795359,492,True,1,0.6441843110242793,18.854122238032218,40.60235830826326,0_0_0_10_14_16,,42
2,10,765,0.6523826077729934,0.8881823502238361,0.4035180014127949,0.24259586262069158,765,True,1,0.6781209957543446,20.63432870261434,40.34847036659653,765,True,1,0.10391572558961926,8.149046299698012,38.18837761182989,765,True,1,0.3913681760284504,7.507971538457168,40.370872528067245,765,True,1,0.6769085917915483,20.58368998697532,41.00167760617901,0_0_0_10_14_16,,42
2,11,1023,0.8575613428361397,0.9168157248652868,0.4759697822727544,0.12511432017263055,1023,True,1,0.7893836964911003,15.195823661237206,42.81045616354908,1023,True,1,0.1978075029910542,15.291865053457371,43.76279294098791,1023,True,1,0.7895470246296554,15.18690858607979,45.367483235466366,1023,True,1,0.7893542526190345,15.181323147621539,43.67202014457172,0_0_0_10_14_16,,42
2,12,597,0.5525206287383091,0.9190549024314929,0.3812554515536782,0.310526815099267,597,True,1,0.8056200532217339,19.438904481106633,42.823246808482,597,True,1,0.07558430921168124,4.040583294434997,38.486869517218956,597,True,1,0.2823229588909868,3.6080848046700127,40.73334866351046,597,True,1,0.8056486219129653,19.43868809970253,43.634780046977895,0_0_0_10_14_16,,42
2,13,562,0.5167905220993877,0.9202484093867447,0.3672647932542245,0.32450480580021923,562,True,1,0.7907706160671388,18.138250331233778,42.94987009085621,562,True,1,0.06184264435494047,3.0146298170250265,37.71963883127033,562,True,1,0.24327493637386866,3.1292777966579695,40.559762953249944,562,True,1,0.79078026275171,18.141500806446487,43.40607401541544,0_0_0_10_14_16,,42
2,14,478,0.46852107316312264,0.9202192307130371,0.35059116816054176,0.3442393922419344,478,True,1,0.7943297753604952,17.857278698793454,43.274116994195225,478,True,1,0.041962516459691734,0.7069663080192077,36.30940511396425,478,True,1,0.20671831575402067,6.495946226828662,39.30939251119795,478,True,1,0.794334662660745,17.856220672075768,43.8799886892917,0_0_0_10_14_16,,42
2,15,267,0.6391601723528706,0.9202316555708777,0.4103921800434914,0.27214641449798327,267,True,1,0.7833496893437228,17.94351072069613,42.632509661151666,267,True,1,0.10338867946536912,5.667244260276954,40.21001779170379,267,True,1,0.4161774622146517,5.761697932666143,42.14596190271492,267,True,1,0.7830908980793971,17.927077695765053,43.502475723261114,0_0_0_10_14_16,,42
2,16,917,0.8103985741523001,0.9163539442380393,0.46339080476666106,0.16755583790559608,917,True,1,0.7725071048661825,13.491585813375806,42.62558633792043,917,True,1,0.17016177718359415,10.63022908083066,42.62016521926153,917,True,1,0.6470445399452416,9.743676755865959,44.25434831674605,917,True,1,0.77229107209536,13.488729222438183,43.47513596695157,0_0_0_10_14_16,,42
2,17,656,0.6112879539198919,0.9212927162001023,0.40129782842275635,0.28577752688685826,656,True,1,0.767969343799578,14.81313067060082,42.70196655969723,656,True,1,0.09626368885257452,6.072425384917577,39.14646755208559,656,True,1,0.3543652937935349,5.577995829340288,41.47798192788827,656,True,1,0.7678341685419241,14.812576708344888,43.47803282123592,0_0_0_10_14_16,,42
2,18,889,0.7840988224168861,0.9172076343774168,0.45121892593489354,0.18591109559360314,889,True,1,0.7697937007855593,19.34039720964701,42.49481168447624,889,True,1,0.16364940655624682,14.427935593437628,42.32958780341852,889,True,1,0.6212787228039964,13.263187661127729,43.515686282935945,889,True,1,0.7695387273058749,19.34814277960706,43.106256862834826,0_0_0_10_14_16,,42
2,19,510,0.48498791359895715,0.9213142962758983,0.35665744719494513,0.33829188167052476,510,True,1,0.761500177394069,13.691084887838132,42.470658270217896,510,True,1,0.05711764882139292,3.383202816397996,37.57858132059735,510,True,1,0.21893231390898737,3.914669727713549,40.63825397717396,510,True,1,0.7614210150813427,13.6860110595888,43.05955192093262,0_0_0_10_14_16,,42
2,20,860,0.7669567584880432,0.9170658668579569,0.449187087488409,0.19872172417742343,860,True,1,0.7912963931364771,19.083796464506698,42.64730356565897,860,True,1,0.15835392696477957,12.89513636233227,42.00466382119796,860,True,1,0.6051549016331279,12.214469040023172,43.57794719899673,860,True,1,0.7911193121777274,19.082373407802073,43.66688563000069,0_0_0_10_14_16,,42
2,21,553,0.47035850211065666,0.8962831695847344,0.3495573932721745,0.3326368729047175,553,True,1,0.713635470697227,13.017706078244144,41.62658818271435,553,True,1,0.062318970409825036,5.13928662079387,37.07168321502577,553,True,1,0.21781574944590432,4.370654078107579,39.92520158199988,553,True,1,0.7134530060448583,13.019843268612469,42.28756632803221,0_0_0_10_14_16,,42
2,22,629,0.5318616966021682,0.8740730318638411,0.36327274379110625,0.2913940316336103,629,True,1,0.6267901256728159,14.572458319255793,40.19489603928296,629,True,1,0.06468554239472812,5.004050525035809,36.21625025964994,629,True,1,0.2588470836713306,5.504577144182309,38.83277567192706,629,True,1,0.6267083969133616,14.581102871418896,40.87763454053599,0_0_0_10_14_16,,42
2,23,759,0.6957429704070848,0.9126096778411807,0.42737813975632205,0.23860763369617943,759,True,1,0.7633171512043333,17.969540147251905,41.532773967220386,759,True,1,0.12577898352759664,9.946633113533727,40.22796797275031,759,True,1,0.475568123817002,9.428029864981829,42.14004505517835,759,True,1,0.763184677134987,17.969682292843395,42.22115019071347,0_0_0_10_14_16,,42
2,24,874,0.7767029775211586,0.917824796170497,0.45375934829756304,0.19341724042220174,874,True,1,0.8108872600894443,20.790588672177577,42.71648508678141,874,True,1,0.16495485560605871,15.215739843961805,42.487304330108,874,True,1,0.6300435854575746,14.19284389622515,43.884734375228774,874,True,1,0.8107117570692743,20.792393026387344,43.80206628030014,0_0_0_10_14_16,,42
2,25,720,0.658350495612216,0.9199361651596838,0.41727858623565695,0.26302951796075574,720,True,1,0.7961623972412077,16.31693713202503,42.54816204006542,720,True,1,0.11266632224880002,8.485400637931573,40.08430369824939,720,True,1,0.4260818042820489,8.02924932306321,41.934500750502565,720,True,1,0.795732834908506,16.317331369968464,43.30062803899972,0_0_0_10_14_16,,42
2,26,314,0.6041156859511616,0.9215816572064441,0.40068903634678765,0.29046646113501207,314,True,1,0.7974190986584837,16.287542378268995,42.65664586162111,314,True,1,0.09414277670602189,7.428746584308701,39.70118932277994,314,True,1,0.38372373367110413,7.696111274170549,42.03198933172122,314,True,1,0.7972843362475466,16.284995476082948,43.40537922606859,0_0_0_10_14_16,,42
2,27,602,0.5679947041809003,0.9222812485705607,0.3865125303212153,0.3052592014513095,602,True,1,0.7866541094344939,15.000612440482616,42.945975372810715,602,True,1,0.08096947207441563,5.618558934728798,38.491721362826816,602,True,1,0.3012291907835021,5.446514520888266,41.05102154747019,602,True,1,0.7866572813652652,15.000414936837245,43.54010012096866,0_0_0_10_14_16,,42
2,28,7,0.8529106383527701,0.9209837112727232,0.47560876216584624,0.1343648770985579,7,True,1,0.8300518920805224,25.817917828579063,42.69841172332164,7,True,1,0.20599545959858379,25.148663965572844,43.36797402977496,7,True,1,0.8239494838085335,25.221420074225286,45.31945434351162,7,True,1,0.8303304955553727,25.844745016588245,44.17154942144726,0_0_0_10_14_16,,42
2,29,610,0.5603842433370556,0.9208066494722562,0.3852041043232852,0.30892555739062383,610,True,1,0.8025349462333367,16.053710063958,43.06423368496985,610,True,1,0.08061721161379953,6.09593738691507,38.65759356567175,610,True,1,0.3033195412228906,5.364528022013019,40.89210541051821,610,True,1,0.8025092093687967,16.05213357323037,43.64233010690755,0_0_0_10_14_16,,42
2,30,775,0.7002406506361897,0.9189992146554354,0.4301010225602134,0.24039716821622809,775,True,1,0.8072169313600739,18.846927590355197,42.40929702207645,775,True,1,0.1315744124076481,11.479331177085543,41.16850661332906,775,True,1,0.49813857498435254,10.5831252679236,42.74543676285794,775,True,1,0.8070694560445624,18.85330359259258,43.45718890035223,0_0_0_10_14_16,,42
2,31,912,0.8087125463014433,0.9161346583597225,0.46418638705783427,0.1691773247526683,912,True,1,0.8303508088261005,21.643022040938945,42.91359330242736,912,True,1,0.1830666463188777,17.723323957514683,42.993517444435824,912,True,1,0.7008074110947895,16.110884214126035,44.618116630733866,912,True,1,0.8295323916351016,21.624364834194175,43.88164366336092,0_0_0_10_14_16,,42
2,32,768,0.6961241435796266,0.9191233693866616,0.42843842428348133,0.2424916243790123,768,True,1,0.7973385166062599,16.831082623861565,42.62919649583975,768,True,1,0.1278236717021466,10.404753711306414,40.964309328535776,768,True,1,0.48080814147556694,9.231765109217761,42.986889606234215,768,True,1,0.7969108718413196,16.835701599266805,43.64441951670342,0_0_0_10_14_16,,42
2,33,581,0.5525150394474728,0.9242177710690596,0.38323864870685026,0.31433672535577345,581,True,1,0.8079129352752581,15.16680936689121,43.367957526428135,581,True,1,0.07595313482258703,5.225381924263845,38.361431649765414,581,True,1,0.28367506202230075,4.48293108446716,41.40316585169626,581,True,1,0.8078656827938744,15.164001775540887,43.82256564197433,0_0_0_10_14_16,,42
2,34,93,0.708406074288037,0.8678928617355158,0.4195092251013617,0.19905025227559997,93,True,1,0.6500668008604329,20.44534239144847,40.34207434426645,93,True,1,0.1356155564834447,14.243651568684658,39.717799353063384,93,True,1,0.5418173506065074,14.294534004655777,41.65905699290232,93,True,1,0.6497958822038186,20.415544251303576,41.02237955913008,0_0_0_10_14_16,,42
0,0,803,0.5065008603035001,0.7680397707989876,0.2756666295896427,0.19808986584271954,803,True,1,0.24499019088403884,17.865359724488727,35.38889779365701,803,True,1,0.04014433267433137,8.316739732907513,33.90891541818937,803,True,1,0.1533002505539116,7.680007122433582,35.81146341610371,803,True,1,0.2442557537467147,17.77605499419012,36.088692765885064,0_0_0_10_14_32,,42
0,1,711,0.5112353499047412,0.7841151126300652,0.26207383135447554,0.19146918305366362,711,True,1,0.20748840113634515,18.580631498322,34.004828286224004,711,True,1,0.02557511877290275,5.216524393540496,31.064223404577618,711,True,1,0.1015477227238657,5.226269042233551,33.42391653400104,711,True,1,0.2048828589713345,18.496132032109628,34.45210978305469,0_0_0_10_14_32,,42
0,2,922,0.5676431166167024,0.7400212220580263,0.2599977104330848,0.14327581489010602,922,True,1,0.18312023123386556,14.049432137022853,34.77133280929356,922,True,1,0.04040666301328799,11.146556295324972,34.72232471274375,922,True,1,0.15372614920040295,10.243629716101818,36.23156916048926,922,True,1,0.18279183134156085,14.041805158700704,35.646877836423194,0_0_0_10_14_32,,42
0,3,718,0.4892630254629905,0.7499162837965219,0.2320450154548048,0.16936849353128114,718,True,1,0.1629212815435075,17.825987127816948,34.595483235641694,718,True,1,0.02159167681499241,6.019960455510337,31.411042022856503,718,True,1,0.07875337667762583,5.010712663949118,33.44603517948523,718,True,1,0.16178235153348286,17.82184356791867,35.21227533859029,0_0_0_10_14_32,,42
0,4,107,0.5276478297966173,0.7282939586606993,0.24283956385925706,0.1497485957956006,107,True,1,0.16064514689875242,13.715473749549094,34.08550981497572,107,True,1,0.031674813832553106,8.942341793907042,33.91204449927847,107,True,1,0.12545029706194555,8.817609974212733,35.598689268280765,107,True,1,0.15764649622841276,13.278488345122595,34.61379049867154,0_0_0_10_14_32,,42
0,5,468,0.4059640250070832,0.7574734012501626,0.2097821117850819,0.19520598774051098,468,True,1,0.1578128163956194,13.696002540560215,34.65538801984509,467,False,2,0.005840459638521089,-2.5352267644629207,25.590384381347334,468,True,1,0.0413568072910222,3.837568598690171,30.721845910984193,468,True,1,0.1573500078904999,13.728094773103109,35.06710763251333,0_0_0_10_14_32,,42
0,6,89,0.5269189490057063,0.7247427072443624,0.23437917223548377,0.14361054548272253,89,True,1,0.14718563405496354,19.32625012689203,34.101046453712804,89,True,1,0.03159445025496255,14.486073326374626,33.69468296398418,89,True,1,0.1259535040719726,14.502171498102832,35.69036658787719,89,True,1,0.14033274651561456,17.851723600948173,35.142538983351926,0_0_0_10_14_32,,42
0,7,713,0.5142338835873927,0.754225351893098,0.23289244031462059,0.1591010142467799,713,True,1,0.14505692817492477,13.90874981940231,33.693821411912715,713,True,1,0.02290472257294085,8.618273387531767,31.564552357338528,713,True,1,0.08247853558310059,7.753093876387885,33.700354153416654,713,True,1,0.14228429725529068,13.974465594925295,34.35702166495777,0_0_0_10_14_32,,42
0,8,865,0.4993155845050599,0.7130030178464505,0.2230919193940883,0.1459438405564926,865,True,1,0.13313638899819935,17.235417541083436,33.80271973618654,865,True,1,0.027214214493334277,15.660058962081543,33.43087384514438,865,True,1,0.10250177774918345,15.378606408617818,34.95686193055279,865,True,1,0.12789123368489275,17.255923813016004,34.13174513156268,0_0_0_10_14_32,,42
0,9,492,0.3877168614740149,0.7452516213596847,0.19294115339405032,0.18527919771692294,492,True,1,0.11817338522284704,11.613684380758425,33.42228638173442,492,True,1,0.005723924550538051,0.10717602480026772,26.160148043436205,492,True,1,0.03239195108340476,4.132076510811554,30.851393212533644,492,True,1,0.11753218570567103,11.55540142547828,33.897648435907975,0_0_0_10_14_32,,42
0,10,765,0.48569370646708965,0.7335084220987839,0.2185406291630664,0.15610416730468604,765,True,1,0.12750121889925836,13.534202956617893,33.561546676888256,765,True,1,0.019691396941610373,10.52427667310629,31.245566486860113,765,True,1,0.07455531529790083,9.910976369292268,33.260236217496505,765,True,1,0.12483616142236897,13.590510125825467,34.14795012586579,0_0_0_10_14_32,,42
0,11,1023,0.5460487546786125,0.7080562932630416,0.228972457690283,0.12471972571190731,1023,True,1,0.13101272867912517,22.215409785087775,33.54138027964231,1023,True,1,0.03280301078769643,22.95328306945025,33.920924062266785,1023,True,1,0.13096710299329573,22.627711202692392,35.595574926109016,1023,True,1,0.13097368209360472,22.383852928229537,34.15103015699158,0_0_0_10_14_32,,42
0,12,597,0.45931448989145757,0.7277990610831856,0.23667696539938507,0.18095083265100104,597,True,1,0.16417257709879696,11.94075098164171,34.316382319021635,597,True,1,0.017348852915823665,4.507381012721016,30.351737961589222,597,True,1,0.07237037665366675,4.850701516402907,33.323501130066994,597,True,1,0.16321504815621868,11.87969460899276,34.88154595098589,0_0_0_10_14_32,,42
0,13,562,0.4030992491048885,0.7353149184536931,0.226061918336234,0.20522556991790725,562,True,1,0.16644276423092297,11.85025339844236,33.965445748053334,562,True,1,0.011682199513238845,1.8970273832784226,28.711143039990144,562,True,1,0.05663620063069974,4.213649340973511,31.91764214197687,562,True,1,0.16508977132076907,11.807723410533947,34.22093789481676,0_0_0_10_14_32,,42
0,14,478,0.3907987099455332,0.7432908137261269,0.19790935214434033,0.18795957433026603,478,True,1,0.1267386143952729,13.648698402863896,33.705690547056676,477,False,6,0.00022548237527526913,-15.132656789717505,11.730134114910006,478,True,1,0.03053879688133443,12.971492422038287,29.08934545897052,478,True,1,0.12640723459600522,13.641717158538718,33.976585334735525,0_0_0_10_14_32,,42
0,15,267,0.4710931660603511,0.7256580159784909,0.2107076164153106,0.1548909524842496,267,True,1,0.11359863826832939,14.5455524989256,32.96777057218635,267,True,1,0.01505478130426724,7.231842289286627,30.16449495134014,267,True,1,0.062369556313024654,8.008690485509028,32.53301162321745,267,True,1,0.10911695353159079,14.484884251079906,33.358651877108976,0_0_0_10_14_32,,42
0,16,917,0.49879857752587,0.6999202733825339,0.2111233742017041,0.13406122276090418,917,True,1,0.11118909428751156,18.072986533026185,33.25236703545799,917,True,1,0.025095653608781854,15.448177627624556,33.433752286310025,917,True,1,0.09658590562637315,14.169284224522215,35.058055533555475,917,True,1,0.10817656885720695,17.293273778250462,33.54299135878641,0_0_0_10_14_32,,42
0,17,656,0.4584554915969823,0.7293794960142862,0.21106844244528353,0.1622551382268384,656,True,1,0.12483904660549516,12.680213933259681,33.54779802078443,656,True,1,0.014984707740081982,6.824253108671278,30.069741585627256,656,True,1,0.05602909016753088,5.912039496594882,32.28732848323578,656,True,1,0.12328391155824647,12.643179724658149,34.138364418659734,0_0_0_10_14_32,,42
0,18,889,0.5030534948414931,0.7034191440648343,0.21165957198335636,0.1335803147009304,889,True,1,0.10860005840048448,17.8622157956184,32.78256560922245,889,True,1,0.023146300439460754,14.9917657672226,32.66057053623835,889,True,1,0.08755339852670208,13.455863761611415,34.111645729126934,889,True,1,0.10444509407756541,17.609488252257147,33.36016044658145,0_0_0_10_14_32,,42
0,19,510,0.39852063592908304,0.7399993965131371,0.19044404936642875,0.17628844545731853,510,True,1,0.11301793518947534,12.976715526557934,33.18568117085674,509,False,3,0.001473560096019677,-7.5172713625789145,20.458981635199656,510,True,1,0.029927837522350842,12.611930923266353,29.363295367991135,510,True,1,0.11250116684124922,12.951172028028083,33.60379431625694,0_0_0_10_14_32,,42
0,20,860,0.4966387792240902,0.7033187123506717,0.2115990477444761,0.13650311159051773,860,True,1,0.11122425627087296,15.84583689821329,33.12591593861288,860,True,1,0.022588158306682482,12.586102622805825,32.45685603642507,860,True,1,0.08511078445889186,11.267806315256166,34.21253679607918,860,True,1,0.10916019511374575,15.646580505664344,33.796022959102146,0_0_0_10_14_32,,42
0,21,553,0.3979323246025852,0.7221733895829809,0.18940788193769384,0.17097296636034065,553,True,1,0.10890099213349291,12.156015463789892,33.531448330641865,553,True,1,0.007077823733077138,1.4100590546010863,27.461614804407994,553,True,1,0.03441540109336305,4.49429942392908,30.897464195658145,553,True,1,0.10845218166151938,12.134615935570448,34.05431950875084,0_0_0_10_14_32,,42
0,22,629,0.4483964735183645,0.7524545567178896,0.20443431036592744,0.16834528920124042,629,True,1,0.11200828262703055,13.116710211861125,32.785665353938256,629,True,1,0.007248958696839891,1.4071174942955988,26.491684804821773,629,True,1,0.0409402120306277,4.997329845359458,30.54624452492765,629,True,1,0.11122157271273725,13.14000969003769,33.22476644260077,0_0_0_10_14_32,,42
0,23,759,0.4861079582117713,0.7208042430767848,0.20497513557291114,0.14242555624362754,759,True,1,0.10032034246043597,14.555982072211858,32.46359838471614,759,True,1,0.01503778435595593,7.506046724839866,30.05936311100041,759,True,1,0.05903756583949815,7.287724915957963,32.12966563285995,759,True,1,0.09718267059747632,14.303608246912738,32.82706817871765,0_0_0_10_14_32,,42
0,24,874,0.5068956575058748,0.7060872488651231,0.21195602505218553,0.13286848453590347,874,True,1,0.10446936687893427,15.448897203748338,32.590658728948604,874,True,1,0.02188216400647036,11.966103655478989,32.17568205638138,874,True,1,0.0832090090398232,10.877150699870462,34.06328001206213,874,True,1,0.09844196042167042,14.301045452560233,32.70258606582283,0_0_0_10_14_32,,42
0,25,720,0.4530776768702523,0.7483112571095044,0.24750066553324812,0.19978961738100587,720,True,1,0.18461856780337715,15.148257940780212,34.465352865279016,720,True,1,0.02418119376721961,7.032984466085771,31.400492240086816,720,True,1,0.09631098169453267,7.034889576971281,34.000080842897084,720,True,1,0.18435067694597596,15.185370768947461,34.85565586559477,0_0_0_10_14_32,,42
0,26,314,0.46216504001784825,0.6999277361624343,0.22148866428663833,0.1588637526624606,314,True,1,0.12597214112342048,11.927756254683725,33.74181183616907,314,True,1,0.01627639454824248,3.904382071334945,30.334436064951994,314,True,1,0.0685792667305174,4.406860487332931,32.87309061797502,314,True,1,0.12074903963242978,11.4142137115784,33.77692787939645,0_0_0_10_14_32,,42
0,27,602,0.4125232519617572,0.7116947374135014,0.18654406597146894,0.1588610106403272,602,True,1,0.09497032290186613,13.106383575674661,32.980094198053735,602,True,1,0.01013067698318082,5.585314490207372,28.76672200099907,602,True,1,0.03333059537183858,3.9681725804311836,31.02419461149889,602,True,1,0.09376371316557197,13.019855700837422,33.2871505922474,0_0_0_10_14_32,,42
0,28,7,0.5119029501449373,0.6959197356548135,0.2035489025258761,0.12204041306374659,7,True,1,0.08458426515211759,12.608977935297274,32.069124482917445,7,True,1,0.020991962195353375,12.427941678995014,32.56393206966346,7,True,1,0.08396011121078661,12.444280778703149,34.19439843617709,7,True,1,0.08388423973839654,12.429049892137456,32.624060339784705,0_0_0_10_14_32,,42
0,29,610,0.42541171232057345,0.7079074034842227,0.1839416721050372,0.1498929899936749,610,True,1,0.08456835233219184,12.892715147407527,32.238215960162194,610,True,1,0.007889186163413664,3.4591074340408765,27.81065578025444,610,True,1,0.03307605138689329,3.669590394628815,30.573595970033693,610,True,1,0.08418772387475659,12.92098051666862,32.90258684819829,0_0_0_10_14_32,,42
0,30,826,0.46126485481921603,0.6893840542870638,0.1850312735706682,0.1301220433974766,826,True,1,0.07221546834099346,14.90582405169539,31.629534007984983,826,True,1,0.013257330775575449,10.151533192811051,30.504092081192443,826,True,1,0.04767235972702455,8.42896455166854,32.13610419662318,826,True,1,0.06785106552542075,14.97163258195009,31.947718712509282,0_0_0_10_14_32,,42
0,31,928,0.4897718543580282,0.6843718413344929,0.1877400715546478,0.11833997426666004,928,True,1,0.06604729930160502,11.986484499449396,31.07668345864103,928,True,1,0.015453736008655738,10.796202436427189,31.34503824515901,928,True,1,0.057211840558910376,9.47533442860551,32.62818938553978,928,True,1,0.06423157307751026,11.544573186403307,32.16066948722445,0_0_0_10_14_32,,42
0,32,761,0.43487497906213873,0.6767300976990415,0.17532330797343088,0.1307480099669667,761,True,1,0.06452045523133165,13.661083375893528,31.26468880159672,761,True,1,0.010519830986013057,7.850110376264747,29.525524632484146,761,True,1,0.035927167910815294,5.972719158577059,31.17131558981867,761,True,1,0.061280543002510734,13.137832268168495,31.389953182606884,0_0_0_10_14_32,,42
0,33,590,0.4007947883398449,0.6797952723363306,0.16027244151196599,0.13372121018438524,590,True,1,0.05496979887862441,13.939799759814202,31.322531387947343,590,True,1,0.005106824601679216,2.9699742534357125,26.811134284811008,590,True,1,0.01958869062532731,2.6760589638644037,29.77472565270571,590,True,1,0.05416187322953214,13.866158033756763,31.559908928566898,0_0_0_10_14_32,,42
0,34,936,0.4864007287789552,0.6960702178936681,0.18621802123978598,0.12226220316504317,936,True,1,0.06324936212998811,10.163341047263918,30.708002584817113,936,True,1,0.014623620085652489,8.878068775632228,30.7489146859298,936,True,1,0.05492863715075291,7.86314361513916,32.32118768492404,936,True,1,0.06015664871458526,9.293824297639436,30.93654576517706,0_0_0_10_14_32,,42
2,0,803,0.7399229957237092,0.9378905664076845,0.46797488671795545,0.24206183004368245,803,True,1,0.9583331126382433,21.371999380639014,44.58752061411079,803,True,1,0.16368265900611334,12.47330252655534,42.94347528992178,803,True,1,0.6220927962235834,11.755299799274471,44.50688804911685,803,True,1,0.9580067324177186,21.364750397764126,45.403257690352625,0_0_0_10_14_32,,42
2,1,826,0.7608109713402414,0.9374709239392842,0.47267129039569283,0.22776652499947073,826,True,1,0.9543451029867391,22.654159215676767,44.24522286339803,826,True,1,0.17295941722706232,14.05631706077132,43.18589434317637,826,True,1,0.6559012994073363,13.031423038600238,44.45414201294128,826,True,1,0.9540707517673219,22.650843513375122,45.06034026385351,0_0_0_10_14_32,,42
2,2,922,0.8389605538977523,0.9376491869614179,0.495941247687068,0.17009557912954734,922,True,1,0.9640280730110504,25.280209668756328,44.6695208185818,922,True,1,0.21635584338849245,20.309455125863852,44.54845626645378,922,True,1,0.8228582404857576,18.155443837367212,45.620983562755924,922,True,1,0.9639069346632176,25.27694067528879,45.680912321492244,0_0_0_10_14_32,,42
2,3,718,0.6693396115197774,0.9348321003158687,0.44408396770304853,0.27968421127149423,718,True,1,0.9646243952774967,20.6641629370017,44.26390852685068,718,True,1,0.13434795574995917,9.337655768315233,41.77491756847158,718,True,1,0.5002947170667973,8.3144289670381,43.44822104360239,718,True,1,0.9643661302170727,20.66058772986682,45.1859660883064,0_0_0_10_14_32,,42
2,4,86,0.8155951901771691,0.9372369726402422,0.4877631695181706,0.18837057515875993,86,True,1,0.9526536272833397,23.86692092802084,44.33901182619565,86,True,1,0.20194456331877575,16.785075063965692,44.09404666317596,86,True,1,0.8093628968382838,16.85634816510736,46.1665575118204,86,True,1,0.9526942349155867,23.87358825996514,45.13219979747149,0_0_0_10_14_32,,42
2,5,468,0.46288417672353005,0.8986335605230532,0.36203581202374313,0.3512640915214719,468,True,1,0.8267052514384545,19.27725169773601,41.367006043382055,468,True,1,0.039680528932992454,1.105060802714327,34.59104927399056,468,True,1,0.2268811100552881,4.312292118303019,38.709753064828575,468,True,1,0.8267050346603497,19.27635204811624,42.07096840051222,0_0_0_10_14_32,,42
2,6,89,0.7648511739055953,0.9072424062851154,0.46842556586895767,0.20211276604215428,89,True,1,0.8762938226816495,22.222360532971948,43.0800682269938,89,True,1,0.180567941702102,15.974630920178301,42.4550714994122,89,True,1,0.7219873110327377,16.01606548900711,44.34828938700885,89,True,1,0.8763432588526854,22.23134506399958,43.894120516543786,0_0_0_10_14_32,,42
2,7,713,0.6674639298826305,0.9341008572696833,0.4431396297047059,0.2800830569755732,713,True,1,0.9559763034610711,20.168155216387433,44.36374816352571,713,True,1,0.12886154800766292,8.089729670869248,41.38879372657014,713,True,1,0.48629506248198595,7.298096146158137,43.69482069669423,713,True,1,0.9557315520760454,20.167822635987612,45.10990618478254,0_0_0_10_14_32,,42
2,8,865,0.793233378442129,0.9393498528764707,0.48298881843629876,0.20729373597298392,865,True,1,0.9638868041970774,22.814333860809345,44.707998360537445,865,True,1,0.19132351651929813,14.441743129990062,43.59304537801914,865,True,1,0.7212530299784845,12.948996680156991,45.022444272680275,865,True,1,0.9635453205317255,22.793819452075503,45.337365149915,0_0_0_10_14_32,,42
2,9,492,0.4749704613413598,0.9315802454456791,0.3736238791392901,0.3663312189355559,492,True,1,0.9554420866055722,21.110941920493786,44.788879021321094,492,True,1,0.05567876327285526,2.1852462914851016,39.01926117469618,492,True,1,0.23624481475199222,4.760222757148667,42.41133234945539,492,True,1,0.9553933805420911,21.106960836165992,45.49998334570874,0_0_0_10_14_32,,42
2,10,765,0.7066005273751863,0.9357776220577109,0.4566079774631378,0.26004117573909397,765,True,1,0.9624679022329339,21.254158550608086,44.4102823498119,765,True,1,0.14969652801870925,9.657770421502557,42.270394651038394,765,True,1,0.5599517541799202,8.586682124534912,44.2896544667575,765,True,1,0.9620365190495619,21.24404557471841,45.01929289613511,0_0_0_10_14_32,,42
2,11,1023,0.8902233673881752,0.9403053281313949,0.5126203283035664,0.1215869575264673,1023,True,1,0.9631967606539007,19.17122841686024,44.92580140244929,1023,True,1,0.24120246542247514,19.346784375440322,44.92163017039633,1023,True,1,0.9628652251251424,19.173284206740078,46.51194127789487,1023,True,1,0.9627762092492311,19.166899806593932,45.744205686288375,0_0_0_10_14_32,,42
2,12,597,0.5637586667580274,0.9334557477524369,0.40810552308592474,0.330482804461819,597,True,1,0.9593706168976865,20.857224912203137,45.11747155486371,597,True,1,0.09164104659184691,4.743664371992361,40.31078471172184,597,True,1,0.3379133169257784,4.130613083469891,42.84388602543671,597,True,1,0.95924229922446,20.85406140021623,45.456882374530906,0_0_0_10_14_32,,42
2,13,562,0.5352635925255597,0.9328513111272461,0.3969590176032954,0.3421198714418161,562,True,1,0.967556122024039,20.80181841543068,44.911726080586334,562,True,1,0.08621147365872517,4.721905708544627,40.27522584166065,562,True,1,0.3045850893622628,3.7102558912307093,42.45895021976941,562,True,1,0.9674748628697216,20.7952175121965,45.4239321645128,0_0_0_10_14_32,,42
2,14,478,0.47858991553670044,0.9328796913607873,0.37555069368134963,0.3658923068688734,478,True,1,0.9703007663020777,20.364108061357413,45.188535036595574,478,True,1,0.09463339468710785,6.985027193833786,41.52189401073652,478,True,1,0.26631195080358694,5.673237357017827,42.74836095121117,478,True,1,0.9702313689336393,20.363869372551996,45.78802861509919,0_0_0_10_14_32,,42
2,15,267,0.6599785783272683,0.9358090760333887,0.4416066756983213,0.2854906252679314,267,True,1,0.9607844304378119,19.79148726633322,44.66488632517467,267,True,1,0.12693686051221675,6.586760412255138,42.21572706577235,267,True,1,0.512967703638779,6.744701908522734,44.22828080344131,267,True,1,0.9600128011991025,19.75939744837468,45.28873135263413,0_0_0_10_14_32,,42
2,16,917,0.8353707360793737,0.9369691909196551,0.4947245171359723,0.1725310860432125,917,True,1,0.9250614931194292,16.655905083811945,44.19978214654911,917,True,1,0.2042883672328779,13.180714383032864,43.8361059106503,917,True,1,0.7756686973775153,11.99361750019943,45.61508072160299,917,True,1,0.9248152292087894,16.647904926535364,45.28443982253939,0_0_0_10_14_32,,42
2,17,656,0.5695398746067477,0.9132411547135982,0.40717294406654403,0.3163059921670701,656,True,1,0.8848703907597724,21.985682453164543,43.164881098208085,656,True,1,0.09423539319372143,5.424996436884873,39.32664851291663,656,True,1,0.3582874590796479,4.981379849652647,41.3754665661081,656,True,1,0.884781580280162,21.992701444927754,43.7372852920086,0_0_0_10_14_32,,42
2,18,889,0.7525528873808508,0.8993263843894305,0.46117121152525853,0.20366551347711712,889,True,1,0.7957841976123667,15.400923838564982,41.556446543366114,889,True,1,0.16465959928245866,10.8955763535253,41.019536140628944,889,True,1,0.6202566464641599,9.804125020661068,42.878314578721366,889,True,1,0.7956245851973023,15.395341702108604,42.404674519028916,0_0_0_10_14_32,,42
2,19,510,0.4924200545219335,0.9268445137320709,0.38022755277424825,0.35713536092653697,510,True,1,0.9465573221518788,17.2699561155891,44.87598139206984,510,True,1,0.07095632614009251,3.275332572117189,39.983416892552206,510,True,1,0.25531410058841075,2.575398087459046,43.09880633892594,510,True,1,0.9465708918747282,17.266549713722398,45.44234587537695,0_0_0_10_14_32,,42
2,20,860,0.7910526501786752,0.9400269272616497,0.4834743136630368,0.209810082213686,860,True,1,0.9249693122859668,15.138637987855056,44.30931697561668,860,True,1,0.18060667024863974,9.739649556299536,43.331108534436225,860,True,1,0.6784402710694373,8.704717689492552,44.75723079897431,860,True,1,0.9247724688443704,15.13325024049617,45.04611090956004,0_0_0_10_14_32,,42
2,21,553,0.5247185186923413,0.931915792377696,0.3929071187572395,0.34612194248644285,553,True,1,0.956052299313356,18.135538709023688,45.132759857877254,553,True,1,0.08097225363379668,3.9012433104762563,40.12410603598219,553,True,1,0.2902364623484033,2.987776629769635,42.7981375503244,553,True,1,0.95600695786624,18.136646474112435,45.67976530623143,0_0_0_10_14_32,,42
2,22,629,0.5895674413841352,0.931477075674536,0.4169542831831182,0.31752458921783944,629,True,1,0.9403522660358163,18.68629619368265,44.302818215321466,629,True,1,0.09916338699555638,4.434820713553868,40.81624090375638,629,True,1,0.36393382298897237,3.6856623549776475,42.479732942267844,629,True,1,0.9402886874686942,18.682135050198713,45.21767514443922,0_0_0_10_14_32,,42
2,23,759,0.7045692361158178,0.9354331395047905,0.45500699196262123,0.26045592970628656,759,True,1,0.9155838084063852,15.964287554926948,44.265427454687554,759,True,1,0.13809564279846942,6.394899041270411,41.943926316703084,759,True,1,0.5180783118682406,5.650743500485225,43.532919628627596,759,True,1,0.9152027509774285,15.956086071822781,44.935276520151874,0_0_0_10_14_32,,42
2,24,874,0.7997866197667313,0.9385465571964302,0.48608577915371454,0.20246870083678678,874,True,1,0.8930261130097996,13.459084634930862,44.16624773013518,874,True,1,0.1792473584434937,9.024209144321226,43.473893735053664,874,True,1,0.6725832850409006,8.05365903116174,45.185864200734386,874,True,1,0.8929188707175548,13.460942133844618,45.063921655981034,0_0_0_10_14_32,,42
2,25,720,0.6701861946971202,0.9347239206374263,0.4447328017736304,0.2794121143584746,720,True,1,0.9215489188596884,16.753768007793916,44.16668471697725,720,True,1,0.12527418472029783,5.395821094328107,41.3652676479998,720,True,1,0.4670914961753283,4.71509230620702,43.093426370867576,720,True,1,0.9212804674597841,16.745468967411977,44.72606894454948,0_0_0_10_14_32,,42
2,26,314,0.6224406794594727,0.9351922651082978,0.4290855284699907,0.3041547782802333,314,True,1,0.9320652537917908,18.031111596555675,44.25767618693673,314,True,1,0.10877097542021463,4.332501546488866,41.149005912656584,314,True,1,0.4328992011818542,4.276273634088314,43.1901985011855,314,True,1,0.9317552302081964,18.02561887636837,45.14507248291646,0_0_0_10_14_32,,42
2,27,602,0.5688239868934006,0.9326713960175083,0.41090767726055966,0.32863585774332016,602,True,1,0.8567041197312051,11.233609247399219,44.30924040623151,602,True,1,0.08955593541968287,4.925798581388813,40.27954154745896,602,True,1,0.34958509375293545,5.346269821638203,42.83569917519778,602,True,1,0.8566756527361719,11.233760556146796,44.989787245538,0_0_0_10_14_32,,42
2,28,7,0.8826360834198919,0.9383390127729987,0.5099559649789247,0.12810935791174974,7,True,1,0.9659218629455069,25.95407369823905,44.226253535895275,7,True,1,0.24004011100910194,25.541175153230782,44.8584753846489,7,True,1,0.9595437834671863,25.332161009047333,46.475308166312324,7,True,1,0.9658705473420923,25.948251957494488,45.362520581300004,0_0_0_10_14_32,,42
2,29,610,0.5759287389596425,0.9308757870822234,0.4131256624859075,0.3243243694580301,610,True,1,0.8610531952139269,11.509965950413497,44.491530906122975,610,True,1,0.09407530493081495,5.5267055404059615,40.54761149931821,610,True,1,0.3584992013672128,5.616682252331886,43.00074738490126,610,True,1,0.86086305368136,11.50565905341912,45.26225725968998,0_0_0_10_14_32,,42
2,30,775,0.6798298333795195,0.9003863040959382,0.4381805011284807,0.2495817583190367,775,True,1,0.7764505453815786,14.91941676479845,41.81021808626079,775,True,1,0.13315963911588202,10.654476899015764,40.20694620491824,775,True,1,0.5085457218241487,10.291305592667781,42.267169686402525,775,True,1,0.7763395189298059,14.920954015862142,42.01856483322241,0_0_0_10_14_32,,42
2,31,912,0.8027780774945419,0.9258841460061193,0.4807151711936291,0.1882477557997949,912,True,1,0.8543153121957268,21.916873011988528,42.15663242996865,912,True,1,0.1936761658226125,18.810288971656377,42.052987567374686,912,True,1,0.7336379412865632,17.53028462322633,43.99960216988622,912,True,1,0.8542660605826882,21.906552605055857,42.92578522455395,0_0_0_10_14_32,,42
2,32,768,0.7120762614749976,0.9363049073263393,0.4587528907188339,0.25743115605438893,768,True,1,0.8966334004690566,14.39226925428908,44.04998299694647,768,True,1,0.15042326598049627,11.373081206887171,42.61479499922952,768,True,1,0.5691702848082656,10.115323490838282,44.107912212293726,768,True,1,0.896142777615129,14.383901912582203,44.71473078125613,0_0_0_10_14_32,,42
2,33,581,0.5451057448878903,0.930263169140525,0.39988529875236584,0.336135355880548,581,True,1,0.8731384891082286,12.136005527718972,44.294089819171816,581,True,1,0.0865464172996191,5.5698434325899795,40.56157792439951,581,True,1,0.3210023572089007,4.625025690953671,42.89418558688352,581,True,1,0.8730938217277107,12.134300236555536,45.03680951430148,0_0_0_10_14_32,,42
2,34,93,0.809228404127977,0.9408695352285529,0.48924957868489605,0.19732890404650066,93,True,1,0.9454615113568821,19.63261311820726,44.36355429892586,93,True,1,0.20161264270568413,15.964588326846801,44.17419325303171,93,True,1,0.8048451469009912,15.917114745150247,45.996004543783265,93,True,1,0.9454680024942377,19.62540158981627,45.14591855168731,0_0_0_10_14_32,,42
